date,item_name,category,price_rs,units_sold,day_of_week,month,day_of_month,is_saturday,festival_name,festival_effect,is_monsoon,thermal_index,promo_active,days_since_open
2025-02-01,Milk Tea (Dudh Chiya),beverage_hot,40,208,5,2,1,1,none,none,0,0.9575,0,0
2025-02-01,Masala Chiya,beverage_hot,50,137,5,2,1,1,none,none,0,0.9575,0,0
2025-02-01,Black Tea (Kalo Chiya),beverage_hot,30,50,5,2,1,1,none,none,0,0.9575,0,0
2025-02-01,Americano,beverage_hot,150,59,5,2,1,1,none,none,0,0.9575,0,0
2025-02-01,Cappuccino,beverage_hot,190,76,5,2,1,1,none,none,0,0.9575,0,0
2025-02-01,Cafe Latte,beverage_hot,200,51,5,2,1,1,none,none,0,0.9575,0,0
2025-02-01,Hot Chocolate,beverage_hot,180,28,5,2,1,1,none,none,0,0.9575,0,0
2025-02-01,Cold Coffee,beverage_cold,220,51,5,2,1,1,none,none,0,0.9575,0,0
2025-02-01,Iced Americano,beverage_cold,180,57,5,2,1,1,none,none,0,0.9575,0,0
2025-02-01,Lassi,beverage_cold,120,46,5,2,1,1,none,none,0,0.9575,0,0
2025-02-01,Fresh Lime Soda,beverage_cold,100,67,5,2,1,1,none,none,0,0.9575,0,0
2025-02-01,Veg Momo,food_main,160,97,5,2,1,1,none,none,0,0.9575,0,0
2025-02-01,Buff Momo,food_main,180,94,5,2,1,1,none,none,0,0.9575,0,0
2025-02-01,Chicken Chowmein,food_main,190,62,5,2,1,1,none,none,0,0.9575,0,0
2025-02-01,Veg Thukpa,food_main,170,31,5,2,1,1,none,none,0,0.9575,0,0
2025-02-01,Club Sandwich,food_main,250,38,5,2,1,1,none,none,0,0.9575,0,0
2025-02-01,Chicken Burger,food_main,280,47,5,2,1,1,none,none,0,0.9575,0,0
2025-02-01,French Fries,food_snack,130,55,5,2,1,1,none,none,0,0.9575,0,0
2025-02-01,Samosa,food_snack,40,49,5,2,1,1,none,none,0,0.9575,0,0
2025-02-01,Chocolate Cake Slice,food_bakery,160,20,5,2,1,1,none,none,0,0.9575,0,0
2025-02-01,Croissant,food_bakery,140,18,5,2,1,1,none,none,0,0.9575,0,0
2025-02-02,Milk Tea (Dudh Chiya),beverage_hot,40,110,6,2,2,0,none,none,0,0.9524,0,1
2025-02-02,Masala Chiya,beverage_hot,50,84,6,2,2,0,none,none,0,0.9524,0,1
2025-02-02,Black Tea (Kalo Chiya),beverage_hot,30,43,6,2,2,0,none,none,0,0.9524,0,1
2025-02-02,Americano,beverage_hot,150,43,6,2,2,0,none,none,0,0.9524,0,1
2025-02-02,Cappuccino,beverage_hot,190,37,6,2,2,0,none,none,0,0.9524,0,1
2025-02-02,Cafe Latte,beverage_hot,200,40,6,2,2,0,none,none,0,0.9524,0,1
2025-02-02,Hot Chocolate,beverage_hot,180,28,6,2,2,0,none,none,0,0.9524,0,1
2025-02-02,Cold Coffee,beverage_cold,220,33,6,2,2,0,none,none,0,0.9524,0,1
2025-02-02,Iced Americano,beverage_cold,180,21,6,2,2,0,none,none,0,0.9524,0,1
2025-02-02,Lassi,beverage_cold,120,26,6,2,2,0,none,none,0,0.9524,0,1
2025-02-02,Fresh Lime Soda,beverage_cold,100,31,6,2,2,0,none,none,0,0.9524,0,1
2025-02-02,Veg Momo,food_main,160,45,6,2,2,0,none,none,0,0.9524,0,1
2025-02-02,Buff Momo,food_main,180,55,6,2,2,0,none,none,0,0.9524,0,1
2025-02-02,Chicken Chowmein,food_main,190,41,6,2,2,0,none,none,0,0.9524,0,1
2025-02-02,Veg Thukpa,food_main,170,28,6,2,2,0,none,none,0,0.9524,0,1
2025-02-02,Club Sandwich,food_main,250,22,6,2,2,0,none,none,0,0.9524,0,1
2025-02-02,Chicken Burger,food_main,280,14,6,2,2,0,none,none,0,0.9524,0,1
2025-02-02,French Fries,food_snack,130,43,6,2,2,0,none,none,0,0.9524,0,1
2025-02-02,Samosa,food_snack,40,26,6,2,2,0,none,none,0,0.9524,0,1
2025-02-02,Chocolate Cake Slice,food_bakery,160,17,6,2,2,0,none,none,0,0.9524,0,1
2025-02-02,Croissant,food_bakery,140,6,6,2,2,0,none,none,0,0.9524,0,1
2025-02-03,Milk Tea (Dudh Chiya),beverage_hot,40,112,0,2,3,0,none,none,0,0.9471,0,2
2025-02-03,Masala Chiya,beverage_hot,50,79,0,2,3,0,none,none,0,0.9471,0,2
2025-02-03,Black Tea (Kalo Chiya),beverage_hot,30,31,0,2,3,0,none,none,0,0.9471,0,2
2025-02-03,Americano,beverage_hot,150,32,0,2,3,0,none,none,0,0.9471,0,2
2025-02-03,Cappuccino,beverage_hot,190,39,0,2,3,0,none,none,0,0.9471,0,2
2025-02-03,Cafe Latte,beverage_hot,200,52,0,2,3,0,none,none,0,0.9471,0,2
2025-02-03,Hot Chocolate,beverage_hot,180,20,0,2,3,0,none,none,0,0.9471,0,2
2025-02-03,Cold Coffee,beverage_cold,220,35,0,2,3,0,none,none,0,0.9471,0,2
2025-02-03,Iced Americano,beverage_cold,180,29,0,2,3,0,none,none,0,0.9471,0,2
2025-02-03,Lassi,beverage_cold,120,21,0,2,3,0,none,none,0,0.9471,0,2
2025-02-03,Fresh Lime Soda,beverage_cold,100,42,0,2,3,0,none,none,0,0.9471,0,2
2025-02-03,Veg Momo,food_main,160,42,0,2,3,0,none,none,0,0.9471,0,2
2025-02-03,Buff Momo,food_main,180,61,0,2,3,0,none,none,0,0.9471,0,2
2025-02-03,Chicken Chowmein,food_main,190,51,0,2,3,0,none,none,0,0.9471,0,2
2025-02-03,Veg Thukpa,food_main,170,24,0,2,3,0,none,none,0,0.9471,0,2
2025-02-03,Club Sandwich,food_main,250,21,0,2,3,0,none,none,0,0.9471,0,2
2025-02-03,Chicken Burger,food_main,280,21,0,2,3,0,none,none,0,0.9471,0,2
2025-02-03,French Fries,food_snack,130,33,0,2,3,0,none,none,0,0.9471,0,2
2025-02-03,Samosa,food_snack,40,36,0,2,3,0,none,none,0,0.9471,0,2
2025-02-03,Chocolate Cake Slice,food_bakery,160,12,0,2,3,0,none,none,0,0.9471,0,2
2025-02-03,Croissant,food_bakery,140,11,0,2,3,0,none,none,0,0.9471,0,2
2025-02-04,Milk Tea (Dudh Chiya),beverage_hot,40,124,1,2,4,0,none,none,0,0.9414,0,3
2025-02-04,Masala Chiya,beverage_hot,50,67,1,2,4,0,none,none,0,0.9414,0,3
2025-02-04,Black Tea (Kalo Chiya),beverage_hot,30,29,1,2,4,0,none,none,0,0.9414,0,3
2025-02-04,Americano,beverage_hot,150,32,1,2,4,0,none,none,0,0.9414,0,3
2025-02-04,Cappuccino,beverage_hot,190,48,1,2,4,0,none,none,0,0.9414,0,3
2025-02-04,Cafe Latte,beverage_hot,200,48,1,2,4,0,none,none,0,0.9414,0,3
2025-02-04,Hot Chocolate,beverage_hot,180,24,1,2,4,0,none,none,0,0.9414,0,3
2025-02-04,Cold Coffee,beverage_cold,220,44,1,2,4,0,none,none,0,0.9414,0,3
2025-02-04,Iced Americano,beverage_cold,180,36,1,2,4,0,none,none,0,0.9414,0,3
2025-02-04,Lassi,beverage_cold,120,32,1,2,4,0,none,none,0,0.9414,0,3
2025-02-04,Fresh Lime Soda,beverage_cold,100,38,1,2,4,0,none,none,0,0.9414,0,3
2025-02-04,Veg Momo,food_main,160,53,1,2,4,0,none,none,0,0.9414,0,3
2025-02-04,Buff Momo,food_main,180,60,1,2,4,0,none,none,0,0.9414,0,3
2025-02-04,Chicken Chowmein,food_main,190,36,1,2,4,0,none,none,0,0.9414,0,3
2025-02-04,Veg Thukpa,food_main,170,20,1,2,4,0,none,none,0,0.9414,0,3
2025-02-04,Club Sandwich,food_main,250,21,1,2,4,0,none,none,0,0.9414,0,3
2025-02-04,Chicken Burger,food_main,280,18,1,2,4,0,none,none,0,0.9414,0,3
2025-02-04,French Fries,food_snack,130,27,1,2,4,0,none,none,0,0.9414,0,3
2025-02-04,Samosa,food_snack,40,32,1,2,4,0,none,none,0,0.9414,0,3
2025-02-04,Chocolate Cake Slice,food_bakery,160,19,1,2,4,0,none,none,0,0.9414,0,3
2025-02-04,Croissant,food_bakery,140,10,1,2,4,0,none,none,0,0.9414,0,3
2025-02-05,Milk Tea (Dudh Chiya),beverage_hot,40,132,2,2,5,0,none,none,0,0.9355,0,4
2025-02-05,Masala Chiya,beverage_hot,50,75,2,2,5,0,none,none,0,0.9355,0,4
2025-02-05,Black Tea (Kalo Chiya),beverage_hot,30,43,2,2,5,0,none,none,0,0.9355,0,4
2025-02-05,Americano,beverage_hot,150,44,2,2,5,0,none,none,0,0.9355,0,4
2025-02-05,Cappuccino,beverage_hot,190,35,2,2,5,0,none,none,0,0.9355,0,4
2025-02-05,Cafe Latte,beverage_hot,200,48,2,2,5,0,none,none,0,0.9355,0,4
2025-02-05,Hot Chocolate,beverage_hot,180,30,2,2,5,0,none,none,0,0.9355,0,4
2025-02-05,Cold Coffee,beverage_cold,220,50,2,2,5,0,none,none,0,0.9355,0,4
2025-02-05,Iced Americano,beverage_cold,180,36,2,2,5,0,none,none,0,0.9355,0,4
2025-02-05,Lassi,beverage_cold,120,35,2,2,5,0,none,none,0,0.9355,0,4
2025-02-05,Fresh Lime Soda,beverage_cold,100,39,2,2,5,0,none,none,0,0.9355,0,4
2025-02-05,Veg Momo,food_main,160,56,2,2,5,0,none,none,0,0.9355,0,4
2025-02-05,Buff Momo,food_main,180,64,2,2,5,0,none,none,0,0.9355,0,4
2025-02-05,Chicken Chowmein,food_main,190,45,2,2,5,0,none,none,0,0.9355,0,4
2025-02-05,Veg Thukpa,food_main,170,21,2,2,5,0,none,none,0,0.9355,0,4
2025-02-05,Club Sandwich,food_main,250,27,2,2,5,0,none,none,0,0.9355,0,4
2025-02-05,Chicken Burger,food_main,280,28,2,2,5,0,none,none,0,0.9355,0,4
2025-02-05,French Fries,food_snack,130,34,2,2,5,0,none,none,0,0.9355,0,4
2025-02-05,Samosa,food_snack,40,34,2,2,5,0,none,none,0,0.9355,0,4
2025-02-05,Chocolate Cake Slice,food_bakery,160,12,2,2,5,0,none,none,0,0.9355,0,4
2025-02-05,Croissant,food_bakery,140,13,2,2,5,0,none,none,0,0.9355,0,4
2025-02-06,Milk Tea (Dudh Chiya),beverage_hot,40,132,3,2,6,0,none,none,0,0.9292,0,5
2025-02-06,Masala Chiya,beverage_hot,50,95,3,2,6,0,none,none,0,0.9292,0,5
2025-02-06,Black Tea (Kalo Chiya),beverage_hot,30,35,3,2,6,0,none,none,0,0.9292,0,5
2025-02-06,Americano,beverage_hot,150,59,3,2,6,0,none,none,0,0.9292,0,5
2025-02-06,Cappuccino,beverage_hot,190,53,3,2,6,0,none,none,0,0.9292,0,5
2025-02-06,Cafe Latte,beverage_hot,200,47,3,2,6,0,none,none,0,0.9292,0,5
2025-02-06,Hot Chocolate,beverage_hot,180,33,3,2,6,0,none,none,0,0.9292,0,5
2025-02-06,Cold Coffee,beverage_cold,220,38,3,2,6,0,none,none,0,0.9292,0,5
2025-02-06,Iced Americano,beverage_cold,180,44,3,2,6,0,none,none,0,0.9292,0,5
2025-02-06,Lassi,beverage_cold,120,36,3,2,6,0,none,none,0,0.9292,0,5
2025-02-06,Fresh Lime Soda,beverage_cold,100,36,3,2,6,0,none,none,0,0.9292,0,5
2025-02-06,Veg Momo,food_main,160,89,3,2,6,0,none,none,0,0.9292,0,5
2025-02-06,Buff Momo,food_main,180,76,3,2,6,0,none,none,0,0.9292,0,5
2025-02-06,Chicken Chowmein,food_main,190,62,3,2,6,0,none,none,0,0.9292,0,5
2025-02-06,Veg Thukpa,food_main,170,31,3,2,6,0,none,none,0,0.9292,0,5
2025-02-06,Club Sandwich,food_main,250,27,3,2,6,0,none,none,0,0.9292,0,5
2025-02-06,Chicken Burger,food_main,280,32,3,2,6,0,none,none,0,0.9292,0,5
2025-02-06,French Fries,food_snack,130,46,3,2,6,0,none,none,0,0.9292,0,5
2025-02-06,Samosa,food_snack,40,34,3,2,6,0,none,none,0,0.9292,0,5
2025-02-06,Chocolate Cake Slice,food_bakery,160,24,3,2,6,0,none,none,0,0.9292,0,5
2025-02-06,Croissant,food_bakery,140,13,3,2,6,0,none,none,0,0.9292,0,5
2025-02-07,Milk Tea (Dudh Chiya),beverage_hot,40,170,4,2,7,0,none,none,0,0.9227,0,6
2025-02-07,Masala Chiya,beverage_hot,50,97,4,2,7,0,none,none,0,0.9227,0,6
2025-02-07,Black Tea (Kalo Chiya),beverage_hot,30,54,4,2,7,0,none,none,0,0.9227,0,6
2025-02-07,Americano,beverage_hot,150,44,4,2,7,0,none,none,0,0.9227,0,6
2025-02-07,Cappuccino,beverage_hot,190,64,4,2,7,0,none,none,0,0.9227,0,6
2025-02-07,Cafe Latte,beverage_hot,200,60,4,2,7,0,none,none,0,0.9227,0,6
2025-02-07,Hot Chocolate,beverage_hot,180,36,4,2,7,0,none,none,0,0.9227,0,6
2025-02-07,Cold Coffee,beverage_cold,220,63,4,2,7,0,none,none,0,0.9227,0,6
2025-02-07,Iced Americano,beverage_cold,180,28,4,2,7,0,none,none,0,0.9227,0,6
2025-02-07,Lassi,beverage_cold,120,39,4,2,7,0,none,none,0,0.9227,0,6
2025-02-07,Fresh Lime Soda,beverage_cold,100,33,4,2,7,0,none,none,0,0.9227,0,6
2025-02-07,Veg Momo,food_main,160,55,4,2,7,0,none,none,0,0.9227,0,6
2025-02-07,Buff Momo,food_main,180,69,4,2,7,0,none,none,0,0.9227,0,6
2025-02-07,Chicken Chowmein,food_main,190,44,4,2,7,0,none,none,0,0.9227,0,6
2025-02-07,Veg Thukpa,food_main,170,23,4,2,7,0,none,none,0,0.9227,0,6
2025-02-07,Club Sandwich,food_main,250,18,4,2,7,0,none,none,0,0.9227,0,6
2025-02-07,Chicken Burger,food_main,280,32,4,2,7,0,none,none,0,0.9227,0,6
2025-02-07,French Fries,food_snack,130,41,4,2,7,0,none,none,0,0.9227,0,6
2025-02-07,Samosa,food_snack,40,39,4,2,7,0,none,none,0,0.9227,0,6
2025-02-07,Chocolate Cake Slice,food_bakery,160,21,4,2,7,0,none,none,0,0.9227,0,6
2025-02-07,Croissant,food_bakery,140,16,4,2,7,0,none,none,0,0.9227,0,6
2025-02-08,Milk Tea (Dudh Chiya),beverage_hot,40,168,5,2,8,1,none,none,0,0.916,0,7
2025-02-08,Masala Chiya,beverage_hot,50,134,5,2,8,1,none,none,0,0.916,0,7
2025-02-08,Black Tea (Kalo Chiya),beverage_hot,30,47,5,2,8,1,none,none,0,0.916,0,7
2025-02-08,Americano,beverage_hot,150,63,5,2,8,1,none,none,0,0.916,0,7
2025-02-08,Cappuccino,beverage_hot,190,90,5,2,8,1,none,none,0,0.916,0,7
2025-02-08,Cafe Latte,beverage_hot,200,70,5,2,8,1,none,none,0,0.916,0,7
2025-02-08,Hot Chocolate,beverage_hot,180,39,5,2,8,1,none,none,0,0.916,0,7
2025-02-08,Cold Coffee,beverage_cold,220,66,5,2,8,1,none,none,0,0.916,0,7
2025-02-08,Iced Americano,beverage_cold,180,40,5,2,8,1,none,none,0,0.916,0,7
2025-02-08,Lassi,beverage_cold,120,51,5,2,8,1,none,none,0,0.916,0,7
2025-02-08,Fresh Lime Soda,beverage_cold,100,62,5,2,8,1,none,none,0,0.916,0,7
2025-02-08,Veg Momo,food_main,160,70,5,2,8,1,none,none,0,0.916,0,7
2025-02-08,Buff Momo,food_main,180,92,5,2,8,1,none,none,0,0.916,0,7
2025-02-08,Chicken Chowmein,food_main,190,69,5,2,8,1,none,none,0,0.916,0,7
2025-02-08,Veg Thukpa,food_main,170,39,5,2,8,1,none,none,0,0.916,0,7
2025-02-08,Club Sandwich,food_main,250,32,5,2,8,1,none,none,0,0.916,0,7
2025-02-08,Chicken Burger,food_main,280,30,5,2,8,1,none,none,0,0.916,0,7
2025-02-08,French Fries,food_snack,130,61,5,2,8,1,none,none,0,0.916,0,7
2025-02-08,Samosa,food_snack,40,55,5,2,8,1,none,none,0,0.916,0,7
2025-02-08,Chocolate Cake Slice,food_bakery,160,22,5,2,8,1,none,none,0,0.916,0,7
2025-02-08,Croissant,food_bakery,140,19,5,2,8,1,none,none,0,0.916,0,7
2025-02-09,Milk Tea (Dudh Chiya),beverage_hot,40,91,6,2,9,0,none,none,0,0.9089,0,8
2025-02-09,Masala Chiya,beverage_hot,50,79,6,2,9,0,none,none,0,0.9089,0,8
2025-02-09,Black Tea (Kalo Chiya),beverage_hot,30,20,6,2,9,0,none,none,0,0.9089,0,8
2025-02-09,Americano,beverage_hot,150,34,6,2,9,0,none,none,0,0.9089,0,8
2025-02-09,Cappuccino,beverage_hot,190,35,6,2,9,0,none,none,0,0.9089,0,8
2025-02-09,Cafe Latte,beverage_hot,200,42,6,2,9,0,none,none,0,0.9089,0,8
2025-02-09,Hot Chocolate,beverage_hot,180,23,6,2,9,0,none,none,0,0.9089,0,8
2025-02-09,Cold Coffee,beverage_cold,220,31,6,2,9,0,none,none,0,0.9089,0,8
2025-02-09,Iced Americano,beverage_cold,180,24,6,2,9,0,none,none,0,0.9089,0,8
2025-02-09,Lassi,beverage_cold,120,24,6,2,9,0,none,none,0,0.9089,0,8
2025-02-09,Fresh Lime Soda,beverage_cold,100,32,6,2,9,0,none,none,0,0.9089,0,8
2025-02-09,Veg Momo,food_main,160,50,6,2,9,0,none,none,0,0.9089,0,8
2025-02-09,Buff Momo,food_main,180,56,6,2,9,0,none,none,0,0.9089,0,8
2025-02-09,Chicken Chowmein,food_main,190,31,6,2,9,0,none,none,0,0.9089,0,8
2025-02-09,Veg Thukpa,food_main,170,23,6,2,9,0,none,none,0,0.9089,0,8
2025-02-09,Club Sandwich,food_main,250,21,6,2,9,0,none,none,0,0.9089,0,8
2025-02-09,Chicken Burger,food_main,280,17,6,2,9,0,none,none,0,0.9089,0,8
2025-02-09,French Fries,food_snack,130,29,6,2,9,0,none,none,0,0.9089,0,8
2025-02-09,Samosa,food_snack,40,23,6,2,9,0,none,none,0,0.9089,0,8
2025-02-09,Chocolate Cake Slice,food_bakery,160,9,6,2,9,0,none,none,0,0.9089,0,8
2025-02-09,Croissant,food_bakery,140,9,6,2,9,0,none,none,0,0.9089,0,8
2025-02-10,Milk Tea (Dudh Chiya),beverage_hot,40,104,0,2,10,0,none,none,0,0.9016,0,9
2025-02-10,Masala Chiya,beverage_hot,50,92,0,2,10,0,none,none,0,0.9016,0,9
2025-02-10,Black Tea (Kalo Chiya),beverage_hot,30,29,0,2,10,0,none,none,0,0.9016,0,9
2025-02-10,Americano,beverage_hot,150,27,0,2,10,0,none,none,0,0.9016,0,9
2025-02-10,Cappuccino,beverage_hot,190,35,0,2,10,0,none,none,0,0.9016,0,9
2025-02-10,Cafe Latte,beverage_hot,200,35,0,2,10,0,none,none,0,0.9016,0,9
2025-02-10,Hot Chocolate,beverage_hot,180,20,0,2,10,0,none,none,0,0.9016,0,9
2025-02-10,Cold Coffee,beverage_cold,220,30,0,2,10,0,none,none,0,0.9016,0,9
2025-02-10,Iced Americano,beverage_cold,180,32,0,2,10,0,none,none,0,0.9016,0,9
2025-02-10,Lassi,beverage_cold,120,33,0,2,10,0,none,none,0,0.9016,0,9
2025-02-10,Fresh Lime Soda,beverage_cold,100,29,0,2,10,0,none,none,0,0.9016,0,9
2025-02-10,Veg Momo,food_main,160,39,0,2,10,0,none,none,0,0.9016,0,9
2025-02-10,Buff Momo,food_main,180,58,0,2,10,0,none,none,0,0.9016,0,9
2025-02-10,Chicken Chowmein,food_main,190,22,0,2,10,0,none,none,0,0.9016,0,9
2025-02-10,Veg Thukpa,food_main,170,18,0,2,10,0,none,none,0,0.9016,0,9
2025-02-10,Club Sandwich,food_main,250,25,0,2,10,0,none,none,0,0.9016,0,9
2025-02-10,Chicken Burger,food_main,280,24,0,2,10,0,none,none,0,0.9016,0,9
2025-02-10,French Fries,food_snack,130,31,0,2,10,0,none,none,0,0.9016,0,9
2025-02-10,Samosa,food_snack,40,18,0,2,10,0,none,none,0,0.9016,0,9
2025-02-10,Chocolate Cake Slice,food_bakery,160,13,0,2,10,0,none,none,0,0.9016,0,9
2025-02-10,Croissant,food_bakery,140,6,0,2,10,0,none,none,0,0.9016,0,9
2025-02-11,Milk Tea (Dudh Chiya),beverage_hot,40,154,1,2,11,0,none,none,0,0.8941,0,10
2025-02-11,Masala Chiya,beverage_hot,50,82,1,2,11,0,none,none,0,0.8941,0,10
2025-02-11,Black Tea (Kalo Chiya),beverage_hot,30,36,1,2,11,0,none,none,0,0.8941,0,10
2025-02-11,Americano,beverage_hot,150,40,1,2,11,0,none,none,0,0.8941,0,10
2025-02-11,Cappuccino,beverage_hot,190,34,1,2,11,0,none,none,0,0.8941,0,10
2025-02-11,Cafe Latte,beverage_hot,200,45,1,2,11,0,none,none,0,0.8941,0,10
2025-02-11,Hot Chocolate,beverage_hot,180,17,1,2,11,0,none,none,0,0.8941,0,10
2025-02-11,Cold Coffee,beverage_cold,220,39,1,2,11,0,none,none,0,0.8941,0,10
2025-02-11,Iced Americano,beverage_cold,180,33,1,2,11,0,none,none,0,0.8941,0,10
2025-02-11,Lassi,beverage_cold,120,42,1,2,11,0,none,none,0,0.8941,0,10
2025-02-11,Fresh Lime Soda,beverage_cold,100,24,1,2,11,0,none,none,0,0.8941,0,10
2025-02-11,Veg Momo,food_main,160,60,1,2,11,0,none,none,0,0.8941,0,10
2025-02-11,Buff Momo,food_main,180,68,1,2,11,0,none,none,0,0.8941,0,10
2025-02-11,Chicken Chowmein,food_main,190,44,1,2,11,0,none,none,0,0.8941,0,10
2025-02-11,Veg Thukpa,food_main,170,19,1,2,11,0,none,none,0,0.8941,0,10
2025-02-11,Club Sandwich,food_main,250,33,1,2,11,0,none,none,0,0.8941,0,10
2025-02-11,Chicken Burger,food_main,280,20,1,2,11,0,none,none,0,0.8941,0,10
2025-02-11,French Fries,food_snack,130,35,1,2,11,0,none,none,0,0.8941,0,10
2025-02-11,Samosa,food_snack,40,32,1,2,11,0,none,none,0,0.8941,0,10
2025-02-11,Chocolate Cake Slice,food_bakery,160,14,1,2,11,0,none,none,0,0.8941,0,10
2025-02-11,Croissant,food_bakery,140,9,1,2,11,0,none,none,0,0.8941,0,10
2025-02-12,Milk Tea (Dudh Chiya),beverage_hot,40,110,2,2,12,0,none,none,0,0.8862,0,11
2025-02-12,Masala Chiya,beverage_hot,50,69,2,2,12,0,none,none,0,0.8862,0,11
2025-02-12,Black Tea (Kalo Chiya),beverage_hot,30,29,2,2,12,0,none,none,0,0.8862,0,11
2025-02-12,Americano,beverage_hot,150,47,2,2,12,0,none,none,0,0.8862,0,11
2025-02-12,Cappuccino,beverage_hot,190,57,2,2,12,0,none,none,0,0.8862,0,11
2025-02-12,Cafe Latte,beverage_hot,200,41,2,2,12,0,none,none,0,0.8862,0,11
2025-02-12,Hot Chocolate,beverage_hot,180,28,2,2,12,0,none,none,0,0.8862,0,11
2025-02-12,Cold Coffee,beverage_cold,220,41,2,2,12,0,none,none,0,0.8862,0,11
2025-02-12,Iced Americano,beverage_cold,180,32,2,2,12,0,none,none,0,0.8862,0,11
2025-02-12,Lassi,beverage_cold,120,40,2,2,12,0,none,none,0,0.8862,0,11
2025-02-12,Fresh Lime Soda,beverage_cold,100,39,2,2,12,0,none,none,0,0.8862,0,11
2025-02-12,Veg Momo,food_main,160,56,2,2,12,0,none,none,0,0.8862,0,11
2025-02-12,Buff Momo,food_main,180,60,2,2,12,0,none,none,0,0.8862,0,11
2025-02-12,Chicken Chowmein,food_main,190,45,2,2,12,0,none,none,0,0.8862,0,11
2025-02-12,Veg Thukpa,food_main,170,25,2,2,12,0,none,none,0,0.8862,0,11
2025-02-12,Club Sandwich,food_main,250,24,2,2,12,0,none,none,0,0.8862,0,11
2025-02-12,Chicken Burger,food_main,280,16,2,2,12,0,none,none,0,0.8862,0,11
2025-02-12,French Fries,food_snack,130,36,2,2,12,0,none,none,0,0.8862,0,11
2025-02-12,Samosa,food_snack,40,31,2,2,12,0,none,none,0,0.8862,0,11
2025-02-12,Chocolate Cake Slice,food_bakery,160,12,2,2,12,0,none,none,0,0.8862,0,11
2025-02-12,Croissant,food_bakery,140,13,2,2,12,0,none,none,0,0.8862,0,11
2025-02-13,Milk Tea (Dudh Chiya),beverage_hot,40,110,3,2,13,0,none,none,0,0.8781,0,12
2025-02-13,Masala Chiya,beverage_hot,50,70,3,2,13,0,none,none,0,0.8781,0,12
2025-02-13,Black Tea (Kalo Chiya),beverage_hot,30,30,3,2,13,0,none,none,0,0.8781,0,12
2025-02-13,Americano,beverage_hot,150,37,3,2,13,0,none,none,0,0.8781,0,12
2025-02-13,Cappuccino,beverage_hot,190,44,3,2,13,0,none,none,0,0.8781,0,12
2025-02-13,Cafe Latte,beverage_hot,200,38,3,2,13,0,none,none,0,0.8781,0,12
2025-02-13,Hot Chocolate,beverage_hot,180,19,3,2,13,0,none,none,0,0.8781,0,12
2025-02-13,Cold Coffee,beverage_cold,220,22,3,2,13,0,none,none,0,0.8781,0,12
2025-02-13,Iced Americano,beverage_cold,180,32,3,2,13,0,none,none,0,0.8781,0,12
2025-02-13,Lassi,beverage_cold,120,26,3,2,13,0,none,none,0,0.8781,0,12
2025-02-13,Fresh Lime Soda,beverage_cold,100,31,3,2,13,0,none,none,0,0.8781,0,12
2025-02-13,Veg Momo,food_main,160,36,3,2,13,0,none,none,0,0.8781,0,12
2025-02-13,Buff Momo,food_main,180,51,3,2,13,0,none,none,0,0.8781,0,12
2025-02-13,Chicken Chowmein,food_main,190,28,3,2,13,0,none,none,0,0.8781,0,12
2025-02-13,Veg Thukpa,food_main,170,24,3,2,13,0,none,none,0,0.8781,0,12
2025-02-13,Club Sandwich,food_main,250,20,3,2,13,0,none,none,0,0.8781,0,12
2025-02-13,Chicken Burger,food_main,280,19,3,2,13,0,none,none,0,0.8781,0,12
2025-02-13,French Fries,food_snack,130,34,3,2,13,0,none,none,0,0.8781,0,12
2025-02-13,Samosa,food_snack,40,34,3,2,13,0,none,none,0,0.8781,0,12
2025-02-13,Chocolate Cake Slice,food_bakery,160,19,3,2,13,0,none,none,0,0.8781,0,12
2025-02-13,Croissant,food_bakery,140,11,3,2,13,0,none,none,0,0.8781,0,12
2025-02-14,Milk Tea (Dudh Chiya),beverage_hot,40,172,4,2,14,0,none,none,0,0.8698,0,13
2025-02-14,Masala Chiya,beverage_hot,50,107,4,2,14,0,none,none,0,0.8698,0,13
2025-02-14,Black Tea (Kalo Chiya),beverage_hot,30,38,4,2,14,0,none,none,0,0.8698,0,13
2025-02-14,Americano,beverage_hot,150,42,4,2,14,0,none,none,0,0.8698,0,13
2025-02-14,Cappuccino,beverage_hot,190,58,4,2,14,0,none,none,0,0.8698,0,13
2025-02-14,Cafe Latte,beverage_hot,200,53,4,2,14,0,none,none,0,0.8698,0,13
2025-02-14,Hot Chocolate,beverage_hot,180,32,4,2,14,0,none,none,0,0.8698,0,13
2025-02-14,Cold Coffee,beverage_cold,220,42,4,2,14,0,none,none,0,0.8698,0,13
2025-02-14,Iced Americano,beverage_cold,180,41,4,2,14,0,none,none,0,0.8698,0,13
2025-02-14,Lassi,beverage_cold,120,46,4,2,14,0,none,none,0,0.8698,0,13
2025-02-14,Fresh Lime Soda,beverage_cold,100,53,4,2,14,0,none,none,0,0.8698,0,13
2025-02-14,Veg Momo,food_main,160,59,4,2,14,0,none,none,0,0.8698,0,13
2025-02-14,Buff Momo,food_main,180,72,4,2,14,0,none,none,0,0.8698,0,13
2025-02-14,Chicken Chowmein,food_main,190,36,4,2,14,0,none,none,0,0.8698,0,13
2025-02-14,Veg Thukpa,food_main,170,26,4,2,14,0,none,none,0,0.8698,0,13
2025-02-14,Club Sandwich,food_main,250,35,4,2,14,0,none,none,0,0.8698,0,13
2025-02-14,Chicken Burger,food_main,280,25,4,2,14,0,none,none,0,0.8698,0,13
2025-02-14,French Fries,food_snack,130,46,4,2,14,0,none,none,0,0.8698,0,13
2025-02-14,Samosa,food_snack,40,38,4,2,14,0,none,none,0,0.8698,0,13
2025-02-14,Chocolate Cake Slice,food_bakery,160,15,4,2,14,0,none,none,0,0.8698,0,13
2025-02-14,Croissant,food_bakery,140,12,4,2,14,0,none,none,0,0.8698,0,13
2025-02-15,Milk Tea (Dudh Chiya),beverage_hot,40,274,5,2,15,1,none,none,0,0.8611,1,14
2025-02-15,Masala Chiya,beverage_hot,50,137,5,2,15,1,none,none,0,0.8611,1,14
2025-02-15,Black Tea (Kalo Chiya),beverage_hot,30,63,5,2,15,1,none,none,0,0.8611,0,14
2025-02-15,Americano,beverage_hot,150,59,5,2,15,1,none,none,0,0.8611,0,14
2025-02-15,Cappuccino,beverage_hot,190,60,5,2,15,1,none,none,0,0.8611,0,14
2025-02-15,Cafe Latte,beverage_hot,200,59,5,2,15,1,none,none,0,0.8611,0,14
2025-02-15,Hot Chocolate,beverage_hot,180,54,5,2,15,1,none,none,0,0.8611,1,14
2025-02-15,Cold Coffee,beverage_cold,220,66,5,2,15,1,none,none,0,0.8611,0,14
2025-02-15,Iced Americano,beverage_cold,180,37,5,2,15,1,none,none,0,0.8611,0,14
2025-02-15,Lassi,beverage_cold,120,54,5,2,15,1,none,none,0,0.8611,0,14
2025-02-15,Fresh Lime Soda,beverage_cold,100,51,5,2,15,1,none,none,0,0.8611,0,14
2025-02-15,Veg Momo,food_main,160,102,5,2,15,1,none,none,0,0.8611,0,14
2025-02-15,Buff Momo,food_main,180,114,5,2,15,1,none,none,0,0.8611,0,14
2025-02-15,Chicken Chowmein,food_main,190,67,5,2,15,1,none,none,0,0.8611,0,14
2025-02-15,Veg Thukpa,food_main,170,40,5,2,15,1,none,none,0,0.8611,0,14
2025-02-15,Club Sandwich,food_main,250,42,5,2,15,1,none,none,0,0.8611,0,14
2025-02-15,Chicken Burger,food_main,280,34,5,2,15,1,none,none,0,0.8611,0,14
2025-02-15,French Fries,food_snack,130,54,5,2,15,1,none,none,0,0.8611,0,14
2025-02-15,Samosa,food_snack,40,51,5,2,15,1,none,none,0,0.8611,0,14
2025-02-15,Chocolate Cake Slice,food_bakery,160,19,5,2,15,1,none,none,0,0.8611,0,14
2025-02-15,Croissant,food_bakery,140,16,5,2,15,1,none,none,0,0.8611,0,14
2025-02-16,Milk Tea (Dudh Chiya),beverage_hot,40,153,6,2,16,0,none,none,0,0.8523,1,15
2025-02-16,Masala Chiya,beverage_hot,50,95,6,2,16,0,none,none,0,0.8523,1,15
2025-02-16,Black Tea (Kalo Chiya),beverage_hot,30,44,6,2,16,0,none,none,0,0.8523,0,15
2025-02-16,Americano,beverage_hot,150,45,6,2,16,0,none,none,0,0.8523,0,15
2025-02-16,Cappuccino,beverage_hot,190,32,6,2,16,0,none,none,0,0.8523,0,15
2025-02-16,Cafe Latte,beverage_hot,200,50,6,2,16,0,none,none,0,0.8523,0,15
2025-02-16,Hot Chocolate,beverage_hot,180,24,6,2,16,0,none,none,0,0.8523,1,15
2025-02-16,Cold Coffee,beverage_cold,220,37,6,2,16,0,none,none,0,0.8523,0,15
2025-02-16,Iced Americano,beverage_cold,180,34,6,2,16,0,none,none,0,0.8523,0,15
2025-02-16,Lassi,beverage_cold,120,25,6,2,16,0,none,none,0,0.8523,0,15
2025-02-16,Fresh Lime Soda,beverage_cold,100,27,6,2,16,0,none,none,0,0.8523,0,15
2025-02-16,Veg Momo,food_main,160,60,6,2,16,0,none,none,0,0.8523,0,15
2025-02-16,Buff Momo,food_main,180,70,6,2,16,0,none,none,0,0.8523,0,15
2025-02-16,Chicken Chowmein,food_main,190,52,6,2,16,0,none,none,0,0.8523,0,15
2025-02-16,Veg Thukpa,food_main,170,16,6,2,16,0,none,none,0,0.8523,0,15
2025-02-16,Club Sandwich,food_main,250,18,6,2,16,0,none,none,0,0.8523,0,15
2025-02-16,Chicken Burger,food_main,280,18,6,2,16,0,none,none,0,0.8523,0,15
2025-02-16,French Fries,food_snack,130,28,6,2,16,0,none,none,0,0.8523,0,15
2025-02-16,Samosa,food_snack,40,36,6,2,16,0,none,none,0,0.8523,0,15
2025-02-16,Chocolate Cake Slice,food_bakery,160,11,6,2,16,0,none,none,0,0.8523,0,15
2025-02-16,Croissant,food_bakery,140,6,6,2,16,0,none,none,0,0.8523,0,15
2025-02-17,Milk Tea (Dudh Chiya),beverage_hot,40,139,0,2,17,0,none,none,0,0.8432,1,16
2025-02-17,Masala Chiya,beverage_hot,50,93,0,2,17,0,none,none,0,0.8432,1,16
2025-02-17,Black Tea (Kalo Chiya),beverage_hot,30,48,0,2,17,0,none,none,0,0.8432,0,16
2025-02-17,Americano,beverage_hot,150,43,0,2,17,0,none,none,0,0.8432,0,16
2025-02-17,Cappuccino,beverage_hot,190,45,0,2,17,0,none,none,0,0.8432,0,16
2025-02-17,Cafe Latte,beverage_hot,200,48,0,2,17,0,none,none,0,0.8432,0,16
2025-02-17,Hot Chocolate,beverage_hot,180,25,0,2,17,0,none,none,0,0.8432,1,16
2025-02-17,Cold Coffee,beverage_cold,220,36,0,2,17,0,none,none,0,0.8432,0,16
2025-02-17,Iced Americano,beverage_cold,180,27,0,2,17,0,none,none,0,0.8432,0,16
2025-02-17,Lassi,beverage_cold,120,32,0,2,17,0,none,none,0,0.8432,0,16
2025-02-17,Fresh Lime Soda,beverage_cold,100,33,0,2,17,0,none,none,0,0.8432,0,16
2025-02-17,Veg Momo,food_main,160,67,0,2,17,0,none,none,0,0.8432,0,16
2025-02-17,Buff Momo,food_main,180,71,0,2,17,0,none,none,0,0.8432,0,16
2025-02-17,Chicken Chowmein,food_main,190,33,0,2,17,0,none,none,0,0.8432,0,16
2025-02-17,Veg Thukpa,food_main,170,32,0,2,17,0,none,none,0,0.8432,0,16
2025-02-17,Club Sandwich,food_main,250,27,0,2,17,0,none,none,0,0.8432,0,16
2025-02-17,Chicken Burger,food_main,280,15,0,2,17,0,none,none,0,0.8432,0,16
2025-02-17,French Fries,food_snack,130,39,0,2,17,0,none,none,0,0.8432,0,16
2025-02-17,Samosa,food_snack,40,29,0,2,17,0,none,none,0,0.8432,0,16
2025-02-17,Chocolate Cake Slice,food_bakery,160,16,0,2,17,0,none,none,0,0.8432,0,16
2025-02-17,Croissant,food_bakery,140,13,0,2,17,0,none,none,0,0.8432,0,16
2025-02-18,Milk Tea (Dudh Chiya),beverage_hot,40,194,1,2,18,0,none,none,0,0.8338,1,17
2025-02-18,Masala Chiya,beverage_hot,50,120,1,2,18,0,none,none,0,0.8338,1,17
2025-02-18,Black Tea (Kalo Chiya),beverage_hot,30,39,1,2,18,0,none,none,0,0.8338,0,17
2025-02-18,Americano,beverage_hot,150,47,1,2,18,0,none,none,0,0.8338,0,17
2025-02-18,Cappuccino,beverage_hot,190,43,1,2,18,0,none,none,0,0.8338,0,17
2025-02-18,Cafe Latte,beverage_hot,200,39,1,2,18,0,none,none,0,0.8338,0,17
2025-02-18,Hot Chocolate,beverage_hot,180,24,1,2,18,0,none,none,0,0.8338,1,17
2025-02-18,Cold Coffee,beverage_cold,220,40,1,2,18,0,none,none,0,0.8338,0,17
2025-02-18,Iced Americano,beverage_cold,180,33,1,2,18,0,none,none,0,0.8338,0,17
2025-02-18,Lassi,beverage_cold,120,29,1,2,18,0,none,none,0,0.8338,0,17
2025-02-18,Fresh Lime Soda,beverage_cold,100,31,1,2,18,0,none,none,0,0.8338,0,17
2025-02-18,Veg Momo,food_main,160,68,1,2,18,0,none,none,0,0.8338,0,17
2025-02-18,Buff Momo,food_main,180,58,1,2,18,0,none,none,0,0.8338,0,17
2025-02-18,Chicken Chowmein,food_main,190,41,1,2,18,0,none,none,0,0.8338,0,17
2025-02-18,Veg Thukpa,food_main,170,12,1,2,18,0,none,none,0,0.8338,0,17
2025-02-18,Club Sandwich,food_main,250,26,1,2,18,0,none,none,0,0.8338,0,17
2025-02-18,Chicken Burger,food_main,280,33,1,2,18,0,none,none,0,0.8338,0,17
2025-02-18,French Fries,food_snack,130,41,1,2,18,0,none,none,0,0.8338,0,17
2025-02-18,Samosa,food_snack,40,27,1,2,18,0,none,none,0,0.8338,0,17
2025-02-18,Chocolate Cake Slice,food_bakery,160,23,1,2,18,0,none,none,0,0.8338,0,17
2025-02-18,Croissant,food_bakery,140,16,1,2,18,0,none,none,0,0.8338,0,17
2025-02-19,Milk Tea (Dudh Chiya),beverage_hot,40,165,2,2,19,0,none,none,0,0.8242,1,18
2025-02-19,Masala Chiya,beverage_hot,50,112,2,2,19,0,none,none,0,0.8242,1,18
2025-02-19,Black Tea (Kalo Chiya),beverage_hot,30,48,2,2,19,0,none,none,0,0.8242,0,18
2025-02-19,Americano,beverage_hot,150,53,2,2,19,0,none,none,0,0.8242,0,18
2025-02-19,Cappuccino,beverage_hot,190,43,2,2,19,0,none,none,0,0.8242,0,18
2025-02-19,Cafe Latte,beverage_hot,200,42,2,2,19,0,none,none,0,0.8242,0,18
2025-02-19,Hot Chocolate,beverage_hot,180,32,2,2,19,0,none,none,0,0.8242,1,18
2025-02-19,Cold Coffee,beverage_cold,220,51,2,2,19,0,none,none,0,0.8242,0,18
2025-02-19,Iced Americano,beverage_cold,180,36,2,2,19,0,none,none,0,0.8242,0,18
2025-02-19,Lassi,beverage_cold,120,34,2,2,19,0,none,none,0,0.8242,0,18
2025-02-19,Fresh Lime Soda,beverage_cold,100,48,2,2,19,0,none,none,0,0.8242,0,18
2025-02-19,Veg Momo,food_main,160,61,2,2,19,0,none,none,0,0.8242,0,18
2025-02-19,Buff Momo,food_main,180,62,2,2,19,0,none,none,0,0.8242,0,18
2025-02-19,Chicken Chowmein,food_main,190,38,2,2,19,0,none,none,0,0.8242,0,18
2025-02-19,Veg Thukpa,food_main,170,30,2,2,19,0,none,none,0,0.8242,0,18
2025-02-19,Club Sandwich,food_main,250,21,2,2,19,0,none,none,0,0.8242,0,18
2025-02-19,Chicken Burger,food_main,280,29,2,2,19,0,none,none,0,0.8242,0,18
2025-02-19,French Fries,food_snack,130,34,2,2,19,0,none,none,0,0.8242,0,18
2025-02-19,Samosa,food_snack,40,26,2,2,19,0,none,none,0,0.8242,0,18
2025-02-19,Chocolate Cake Slice,food_bakery,160,13,2,2,19,0,none,none,0,0.8242,0,18
2025-02-19,Croissant,food_bakery,140,11,2,2,19,0,none,none,0,0.8242,0,18
2025-02-20,Milk Tea (Dudh Chiya),beverage_hot,40,158,3,2,20,0,none,none,0,0.8143,1,19
2025-02-20,Masala Chiya,beverage_hot,50,107,3,2,20,0,none,none,0,0.8143,1,19
2025-02-20,Black Tea (Kalo Chiya),beverage_hot,30,37,3,2,20,0,none,none,0,0.8143,0,19
2025-02-20,Americano,beverage_hot,150,43,3,2,20,0,none,none,0,0.8143,0,19
2025-02-20,Cappuccino,beverage_hot,190,45,3,2,20,0,none,none,0,0.8143,0,19
2025-02-20,Cafe Latte,beverage_hot,200,41,3,2,20,0,none,none,0,0.8143,0,19
2025-02-20,Hot Chocolate,beverage_hot,180,32,3,2,20,0,none,none,0,0.8143,1,19
2025-02-20,Cold Coffee,beverage_cold,220,32,3,2,20,0,none,none,0,0.8143,0,19
2025-02-20,Iced Americano,beverage_cold,180,38,3,2,20,0,none,none,0,0.8143,0,19
2025-02-20,Lassi,beverage_cold,120,35,3,2,20,0,none,none,0,0.8143,0,19
2025-02-20,Fresh Lime Soda,beverage_cold,100,28,3,2,20,0,none,none,0,0.8143,0,19
2025-02-20,Veg Momo,food_main,160,61,3,2,20,0,none,none,0,0.8143,0,19
2025-02-20,Buff Momo,food_main,180,64,3,2,20,0,none,none,0,0.8143,0,19
2025-02-20,Chicken Chowmein,food_main,190,42,3,2,20,0,none,none,0,0.8143,0,19
2025-02-20,Veg Thukpa,food_main,170,28,3,2,20,0,none,none,0,0.8143,0,19
2025-02-20,Club Sandwich,food_main,250,30,3,2,20,0,none,none,0,0.8143,0,19
2025-02-20,Chicken Burger,food_main,280,35,3,2,20,0,none,none,0,0.8143,0,19
2025-02-20,French Fries,food_snack,130,36,3,2,20,0,none,none,0,0.8143,0,19
2025-02-20,Samosa,food_snack,40,34,3,2,20,0,none,none,0,0.8143,0,19
2025-02-20,Chocolate Cake Slice,food_bakery,160,20,3,2,20,0,none,none,0,0.8143,0,19
2025-02-20,Croissant,food_bakery,140,15,3,2,20,0,none,none,0,0.8143,0,19
2025-02-21,Milk Tea (Dudh Chiya),beverage_hot,40,162,4,2,21,0,none,none,0,0.8042,1,20
2025-02-21,Masala Chiya,beverage_hot,50,116,4,2,21,0,none,none,0,0.8042,1,20
2025-02-21,Black Tea (Kalo Chiya),beverage_hot,30,44,4,2,21,0,none,none,0,0.8042,0,20
2025-02-21,Americano,beverage_hot,150,44,4,2,21,0,none,none,0,0.8042,0,20
2025-02-21,Cappuccino,beverage_hot,190,44,4,2,21,0,none,none,0,0.8042,0,20
2025-02-21,Cafe Latte,beverage_hot,200,39,4,2,21,0,none,none,0,0.8042,0,20
2025-02-21,Hot Chocolate,beverage_hot,180,43,4,2,21,0,none,none,0,0.8042,1,20
2025-02-21,Cold Coffee,beverage_cold,220,54,4,2,21,0,none,none,0,0.8042,0,20
2025-02-21,Iced Americano,beverage_cold,180,38,4,2,21,0,none,none,0,0.8042,0,20
2025-02-21,Lassi,beverage_cold,120,49,4,2,21,0,none,none,0,0.8042,0,20
2025-02-21,Fresh Lime Soda,beverage_cold,100,48,4,2,21,0,none,none,0,0.8042,0,20
2025-02-21,Veg Momo,food_main,160,67,4,2,21,0,none,none,0,0.8042,0,20
2025-02-21,Buff Momo,food_main,180,66,4,2,21,0,none,none,0,0.8042,0,20
2025-02-21,Chicken Chowmein,food_main,190,33,4,2,21,0,none,none,0,0.8042,0,20
2025-02-21,Veg Thukpa,food_main,170,18,4,2,21,0,none,none,0,0.8042,0,20
2025-02-21,Club Sandwich,food_main,250,30,4,2,21,0,none,none,0,0.8042,0,20
2025-02-21,Chicken Burger,food_main,280,18,4,2,21,0,none,none,0,0.8042,0,20
2025-02-21,French Fries,food_snack,130,43,4,2,21,0,none,none,0,0.8042,0,20
2025-02-21,Samosa,food_snack,40,42,4,2,21,0,none,none,0,0.8042,0,20
2025-02-21,Chocolate Cake Slice,food_bakery,160,16,4,2,21,0,none,none,0,0.8042,0,20
2025-02-21,Croissant,food_bakery,140,12,4,2,21,0,none,none,0,0.8042,0,20
2025-02-22,Milk Tea (Dudh Chiya),beverage_hot,40,180,5,2,22,1,none,none,0,0.7938,1,21
2025-02-22,Masala Chiya,beverage_hot,50,124,5,2,22,1,none,none,0,0.7938,1,21
2025-02-22,Black Tea (Kalo Chiya),beverage_hot,30,55,5,2,22,1,none,none,0,0.7938,0,21
2025-02-22,Americano,beverage_hot,150,47,5,2,22,1,none,none,0,0.7938,0,21
2025-02-22,Cappuccino,beverage_hot,190,63,5,2,22,1,none,none,0,0.7938,0,21
2025-02-22,Cafe Latte,beverage_hot,200,59,5,2,22,1,none,none,0,0.7938,0,21
2025-02-22,Hot Chocolate,beverage_hot,180,35,5,2,22,1,none,none,0,0.7938,1,21
2025-02-22,Cold Coffee,beverage_cold,220,64,5,2,22,1,none,none,0,0.7938,0,21
2025-02-22,Iced Americano,beverage_cold,180,40,5,2,22,1,none,none,0,0.7938,0,21
2025-02-22,Lassi,beverage_cold,120,37,5,2,22,1,none,none,0,0.7938,0,21
2025-02-22,Fresh Lime Soda,beverage_cold,100,54,5,2,22,1,none,none,0,0.7938,0,21
2025-02-22,Veg Momo,food_main,160,82,5,2,22,1,none,none,0,0.7938,0,21
2025-02-22,Buff Momo,food_main,180,71,5,2,22,1,none,none,0,0.7938,0,21
2025-02-22,Chicken Chowmein,food_main,190,60,5,2,22,1,none,none,0,0.7938,0,21
2025-02-22,Veg Thukpa,food_main,170,33,5,2,22,1,none,none,0,0.7938,0,21
2025-02-22,Club Sandwich,food_main,250,28,5,2,22,1,none,none,0,0.7938,0,21
2025-02-22,Chicken Burger,food_main,280,27,5,2,22,1,none,none,0,0.7938,0,21
2025-02-22,French Fries,food_snack,130,47,5,2,22,1,none,none,0,0.7938,0,21
2025-02-22,Samosa,food_snack,40,38,5,2,22,1,none,none,0,0.7938,0,21
2025-02-22,Chocolate Cake Slice,food_bakery,160,21,5,2,22,1,none,none,0,0.7938,0,21
2025-02-22,Croissant,food_bakery,140,19,5,2,22,1,none,none,0,0.7938,0,21
2025-02-23,Milk Tea (Dudh Chiya),beverage_hot,40,153,6,2,23,0,none,none,0,0.7833,1,22
2025-02-23,Masala Chiya,beverage_hot,50,91,6,2,23,0,none,none,0,0.7833,1,22
2025-02-23,Black Tea (Kalo Chiya),beverage_hot,30,36,6,2,23,0,none,none,0,0.7833,0,22
2025-02-23,Americano,beverage_hot,150,39,6,2,23,0,none,none,0,0.7833,0,22
2025-02-23,Cappuccino,beverage_hot,190,43,6,2,23,0,none,none,0,0.7833,0,22
2025-02-23,Cafe Latte,beverage_hot,200,38,6,2,23,0,none,none,0,0.7833,0,22
2025-02-23,Hot Chocolate,beverage_hot,180,30,6,2,23,0,none,none,0,0.7833,1,22
2025-02-23,Cold Coffee,beverage_cold,220,38,6,2,23,0,none,none,0,0.7833,0,22
2025-02-23,Iced Americano,beverage_cold,180,32,6,2,23,0,none,none,0,0.7833,0,22
2025-02-23,Lassi,beverage_cold,120,31,6,2,23,0,none,none,0,0.7833,0,22
2025-02-23,Fresh Lime Soda,beverage_cold,100,35,6,2,23,0,none,none,0,0.7833,0,22
2025-02-23,Veg Momo,food_main,160,66,6,2,23,0,none,none,0,0.7833,0,22
2025-02-23,Buff Momo,food_main,180,66,6,2,23,0,none,none,0,0.7833,0,22
2025-02-23,Chicken Chowmein,food_main,190,40,6,2,23,0,none,none,0,0.7833,0,22
2025-02-23,Veg Thukpa,food_main,170,23,6,2,23,0,none,none,0,0.7833,0,22
2025-02-23,Club Sandwich,food_main,250,28,6,2,23,0,none,none,0,0.7833,0,22
2025-02-23,Chicken Burger,food_main,280,22,6,2,23,0,none,none,0,0.7833,0,22
2025-02-23,French Fries,food_snack,130,49,6,2,23,0,none,none,0,0.7833,0,22
2025-02-23,Samosa,food_snack,40,28,6,2,23,0,none,none,0,0.7833,0,22
2025-02-23,Chocolate Cake Slice,food_bakery,160,16,6,2,23,0,none,none,0,0.7833,0,22
2025-02-23,Croissant,food_bakery,140,15,6,2,23,0,none,none,0,0.7833,0,22
2025-02-24,Milk Tea (Dudh Chiya),beverage_hot,40,146,0,2,24,0,none,none,0,0.7725,1,23
2025-02-24,Masala Chiya,beverage_hot,50,73,0,2,24,0,none,none,0,0.7725,1,23
2025-02-24,Black Tea (Kalo Chiya),beverage_hot,30,35,0,2,24,0,none,none,0,0.7725,0,23
2025-02-24,Americano,beverage_hot,150,39,0,2,24,0,none,none,0,0.7725,0,23
2025-02-24,Cappuccino,beverage_hot,190,54,0,2,24,0,none,none,0,0.7725,0,23
2025-02-24,Cafe Latte,beverage_hot,200,40,0,2,24,0,none,none,0,0.7725,0,23
2025-02-24,Hot Chocolate,beverage_hot,180,28,0,2,24,0,none,none,0,0.7725,1,23
2025-02-24,Cold Coffee,beverage_cold,220,42,0,2,24,0,none,none,0,0.7725,0,23
2025-02-24,Iced Americano,beverage_cold,180,26,0,2,24,0,none,none,0,0.7725,0,23
2025-02-24,Lassi,beverage_cold,120,37,0,2,24,0,none,none,0,0.7725,0,23
2025-02-24,Fresh Lime Soda,beverage_cold,100,34,0,2,24,0,none,none,0,0.7725,0,23
2025-02-24,Veg Momo,food_main,160,50,0,2,24,0,none,none,0,0.7725,0,23
2025-02-24,Buff Momo,food_main,180,53,0,2,24,0,none,none,0,0.7725,0,23
2025-02-24,Chicken Chowmein,food_main,190,37,0,2,24,0,none,none,0,0.7725,0,23
2025-02-24,Veg Thukpa,food_main,170,25,0,2,24,0,none,none,0,0.7725,0,23
2025-02-24,Club Sandwich,food_main,250,20,0,2,24,0,none,none,0,0.7725,0,23
2025-02-24,Chicken Burger,food_main,280,19,0,2,24,0,none,none,0,0.7725,0,23
2025-02-24,French Fries,food_snack,130,41,0,2,24,0,none,none,0,0.7725,0,23
2025-02-24,Samosa,food_snack,40,21,0,2,24,0,none,none,0,0.7725,0,23
2025-02-24,Chocolate Cake Slice,food_bakery,160,10,0,2,24,0,none,none,0,0.7725,0,23
2025-02-24,Croissant,food_bakery,140,9,0,2,24,0,none,none,0,0.7725,0,23
2025-02-25,Milk Tea (Dudh Chiya),beverage_hot,40,166,1,2,25,0,none,none,0,0.7614,1,24
2025-02-25,Masala Chiya,beverage_hot,50,115,1,2,25,0,none,none,0,0.7614,1,24
2025-02-25,Black Tea (Kalo Chiya),beverage_hot,30,46,1,2,25,0,none,none,0,0.7614,0,24
2025-02-25,Americano,beverage_hot,150,45,1,2,25,0,none,none,0,0.7614,0,24
2025-02-25,Cappuccino,beverage_hot,190,55,1,2,25,0,none,none,0,0.7614,0,24
2025-02-25,Cafe Latte,beverage_hot,200,42,1,2,25,0,none,none,0,0.7614,0,24
2025-02-25,Hot Chocolate,beverage_hot,180,30,1,2,25,0,none,none,0,0.7614,1,24
2025-02-25,Cold Coffee,beverage_cold,220,38,1,2,25,0,none,none,0,0.7614,0,24
2025-02-25,Iced Americano,beverage_cold,180,38,1,2,25,0,none,none,0,0.7614,0,24
2025-02-25,Lassi,beverage_cold,120,41,1,2,25,0,none,none,0,0.7614,0,24
2025-02-25,Fresh Lime Soda,beverage_cold,100,41,1,2,25,0,none,none,0,0.7614,0,24
2025-02-25,Veg Momo,food_main,160,60,1,2,25,0,none,none,0,0.7614,0,24
2025-02-25,Buff Momo,food_main,180,73,1,2,25,0,none,none,0,0.7614,0,24
2025-02-25,Chicken Chowmein,food_main,190,44,1,2,25,0,none,none,0,0.7614,0,24
2025-02-25,Veg Thukpa,food_main,170,27,1,2,25,0,none,none,0,0.7614,0,24
2025-02-25,Club Sandwich,food_main,250,31,1,2,25,0,none,none,0,0.7614,0,24
2025-02-25,Chicken Burger,food_main,280,31,1,2,25,0,none,none,0,0.7614,0,24
2025-02-25,French Fries,food_snack,130,40,1,2,25,0,none,none,0,0.7614,0,24
2025-02-25,Samosa,food_snack,40,40,1,2,25,0,none,none,0,0.7614,0,24
2025-02-25,Chocolate Cake Slice,food_bakery,160,21,1,2,25,0,none,none,0,0.7614,0,24
2025-02-25,Croissant,food_bakery,140,13,1,2,25,0,none,none,0,0.7614,0,24
2025-02-26,Milk Tea (Dudh Chiya),beverage_hot,40,196,2,2,26,0,Maha Shivaratri,holiday,0,0.7502,1,25
2025-02-26,Masala Chiya,beverage_hot,50,112,2,2,26,0,Maha Shivaratri,holiday,0,0.7502,1,25
2025-02-26,Black Tea (Kalo Chiya),beverage_hot,30,41,2,2,26,0,Maha Shivaratri,holiday,0,0.7502,0,25
2025-02-26,Americano,beverage_hot,150,40,2,2,26,0,Maha Shivaratri,holiday,0,0.7502,0,25
2025-02-26,Cappuccino,beverage_hot,190,59,2,2,26,0,Maha Shivaratri,holiday,0,0.7502,0,25
2025-02-26,Cafe Latte,beverage_hot,200,58,2,2,26,0,Maha Shivaratri,holiday,0,0.7502,0,25
2025-02-26,Hot Chocolate,beverage_hot,180,36,2,2,26,0,Maha Shivaratri,holiday,0,0.7502,1,25
2025-02-26,Cold Coffee,beverage_cold,220,63,2,2,26,0,Maha Shivaratri,holiday,0,0.7502,0,25
2025-02-26,Iced Americano,beverage_cold,180,36,2,2,26,0,Maha Shivaratri,holiday,0,0.7502,0,25
2025-02-26,Lassi,beverage_cold,120,37,2,2,26,0,Maha Shivaratri,holiday,0,0.7502,0,25
2025-02-26,Fresh Lime Soda,beverage_cold,100,39,2,2,26,0,Maha Shivaratri,holiday,0,0.7502,0,25
2025-02-26,Veg Momo,food_main,160,79,2,2,26,0,Maha Shivaratri,holiday,0,0.7502,0,25
2025-02-26,Buff Momo,food_main,180,77,2,2,26,0,Maha Shivaratri,holiday,0,0.7502,0,25
2025-02-26,Chicken Chowmein,food_main,190,50,2,2,26,0,Maha Shivaratri,holiday,0,0.7502,0,25
2025-02-26,Veg Thukpa,food_main,170,28,2,2,26,0,Maha Shivaratri,holiday,0,0.7502,0,25
2025-02-26,Club Sandwich,food_main,250,23,2,2,26,0,Maha Shivaratri,holiday,0,0.7502,0,25
2025-02-26,Chicken Burger,food_main,280,17,2,2,26,0,Maha Shivaratri,holiday,0,0.7502,0,25
2025-02-26,French Fries,food_snack,130,36,2,2,26,0,Maha Shivaratri,holiday,0,0.7502,0,25
2025-02-26,Samosa,food_snack,40,33,2,2,26,0,Maha Shivaratri,holiday,0,0.7502,0,25
2025-02-26,Chocolate Cake Slice,food_bakery,160,23,2,2,26,0,Maha Shivaratri,holiday,0,0.7502,0,25
2025-02-26,Croissant,food_bakery,140,10,2,2,26,0,Maha Shivaratri,holiday,0,0.7502,0,25
2025-02-27,Milk Tea (Dudh Chiya),beverage_hot,40,171,3,2,27,0,none,none,0,0.7387,1,26
2025-02-27,Masala Chiya,beverage_hot,50,109,3,2,27,0,none,none,0,0.7387,1,26
2025-02-27,Black Tea (Kalo Chiya),beverage_hot,30,35,3,2,27,0,none,none,0,0.7387,0,26
2025-02-27,Americano,beverage_hot,150,34,3,2,27,0,none,none,0,0.7387,0,26
2025-02-27,Cappuccino,beverage_hot,190,52,3,2,27,0,none,none,0,0.7387,0,26
2025-02-27,Cafe Latte,beverage_hot,200,49,3,2,27,0,none,none,0,0.7387,0,26
2025-02-27,Hot Chocolate,beverage_hot,180,37,3,2,27,0,none,none,0,0.7387,1,26
2025-02-27,Cold Coffee,beverage_cold,220,51,3,2,27,0,none,none,0,0.7387,0,26
2025-02-27,Iced Americano,beverage_cold,180,36,3,2,27,0,none,none,0,0.7387,0,26
2025-02-27,Lassi,beverage_cold,120,36,3,2,27,0,none,none,0,0.7387,0,26
2025-02-27,Fresh Lime Soda,beverage_cold,100,44,3,2,27,0,none,none,0,0.7387,0,26
2025-02-27,Veg Momo,food_main,160,54,3,2,27,0,none,none,0,0.7387,0,26
2025-02-27,Buff Momo,food_main,180,47,3,2,27,0,none,none,0,0.7387,0,26
2025-02-27,Chicken Chowmein,food_main,190,35,3,2,27,0,none,none,0,0.7387,0,26
2025-02-27,Veg Thukpa,food_main,170,24,3,2,27,0,none,none,0,0.7387,0,26
2025-02-27,Club Sandwich,food_main,250,20,3,2,27,0,none,none,0,0.7387,0,26
2025-02-27,Chicken Burger,food_main,280,20,3,2,27,0,none,none,0,0.7387,0,26
2025-02-27,French Fries,food_snack,130,34,3,2,27,0,none,none,0,0.7387,0,26
2025-02-27,Samosa,food_snack,40,29,3,2,27,0,none,none,0,0.7387,0,26
2025-02-27,Chocolate Cake Slice,food_bakery,160,22,3,2,27,0,none,none,0,0.7387,0,26
2025-02-27,Croissant,food_bakery,140,11,3,2,27,0,none,none,0,0.7387,0,26
2025-02-28,Milk Tea (Dudh Chiya),beverage_hot,40,170,4,2,28,0,none,none,0,0.727,1,27
2025-02-28,Masala Chiya,beverage_hot,50,90,4,2,28,0,none,none,0,0.727,1,27
2025-02-28,Black Tea (Kalo Chiya),beverage_hot,30,42,4,2,28,0,none,none,0,0.727,0,27
2025-02-28,Americano,beverage_hot,150,49,4,2,28,0,none,none,0,0.727,0,27
2025-02-28,Cappuccino,beverage_hot,190,49,4,2,28,0,none,none,0,0.727,0,27
2025-02-28,Cafe Latte,beverage_hot,200,45,4,2,28,0,none,none,0,0.727,0,27
2025-02-28,Hot Chocolate,beverage_hot,180,29,4,2,28,0,none,none,0,0.727,1,27
2025-02-28,Cold Coffee,beverage_cold,220,42,4,2,28,0,none,none,0,0.727,0,27
2025-02-28,Iced Americano,beverage_cold,180,28,4,2,28,0,none,none,0,0.727,0,27
2025-02-28,Lassi,beverage_cold,120,26,4,2,28,0,none,none,0,0.727,0,27
2025-02-28,Fresh Lime Soda,beverage_cold,100,42,4,2,28,0,none,none,0,0.727,0,27
2025-02-28,Veg Momo,food_main,160,59,4,2,28,0,none,none,0,0.727,0,27
2025-02-28,Buff Momo,food_main,180,72,4,2,28,0,none,none,0,0.727,0,27
2025-02-28,Chicken Chowmein,food_main,190,49,4,2,28,0,none,none,0,0.727,0,27
2025-02-28,Veg Thukpa,food_main,170,39,4,2,28,0,none,none,0,0.727,0,27
2025-02-28,Club Sandwich,food_main,250,24,4,2,28,0,none,none,0,0.727,0,27
2025-02-28,Chicken Burger,food_main,280,20,4,2,28,0,none,none,0,0.727,0,27
2025-02-28,French Fries,food_snack,130,32,4,2,28,0,none,none,0,0.727,0,27
2025-02-28,Samosa,food_snack,40,38,4,2,28,0,none,none,0,0.727,0,27
2025-02-28,Chocolate Cake Slice,food_bakery,160,19,4,2,28,0,none,none,0,0.727,0,27
2025-02-28,Croissant,food_bakery,140,12,4,2,28,0,none,none,0,0.727,0,27
2025-03-01,Milk Tea (Dudh Chiya),beverage_hot,40,230,5,3,1,1,none,none,0,0.715,1,28
2025-03-01,Masala Chiya,beverage_hot,50,165,5,3,1,1,none,none,0,0.715,1,28
2025-03-01,Black Tea (Kalo Chiya),beverage_hot,30,64,5,3,1,1,none,none,0,0.715,0,28
2025-03-01,Americano,beverage_hot,150,65,5,3,1,1,none,none,0,0.715,0,28
2025-03-01,Cappuccino,beverage_hot,190,76,5,3,1,1,none,none,0,0.715,0,28
2025-03-01,Cafe Latte,beverage_hot,200,75,5,3,1,1,none,none,0,0.715,0,28
2025-03-01,Hot Chocolate,beverage_hot,180,54,5,3,1,1,none,none,0,0.715,1,28
2025-03-01,Cold Coffee,beverage_cold,220,59,5,3,1,1,none,none,0,0.715,0,28
2025-03-01,Iced Americano,beverage_cold,180,47,5,3,1,1,none,none,0,0.715,0,28
2025-03-01,Lassi,beverage_cold,120,45,5,3,1,1,none,none,0,0.715,0,28
2025-03-01,Fresh Lime Soda,beverage_cold,100,69,5,3,1,1,none,none,0,0.715,0,28
2025-03-01,Veg Momo,food_main,160,86,5,3,1,1,none,none,0,0.715,0,28
2025-03-01,Buff Momo,food_main,180,92,5,3,1,1,none,none,0,0.715,0,28
2025-03-01,Chicken Chowmein,food_main,190,60,5,3,1,1,none,none,0,0.715,0,28
2025-03-01,Veg Thukpa,food_main,170,31,5,3,1,1,none,none,0,0.715,0,28
2025-03-01,Club Sandwich,food_main,250,42,5,3,1,1,none,none,0,0.715,0,28
2025-03-01,Chicken Burger,food_main,280,37,5,3,1,1,none,none,0,0.715,0,28
2025-03-01,French Fries,food_snack,130,57,5,3,1,1,none,none,0,0.715,0,28
2025-03-01,Samosa,food_snack,40,46,5,3,1,1,none,none,0,0.715,0,28
2025-03-01,Chocolate Cake Slice,food_bakery,160,25,5,3,1,1,none,none,0,0.715,0,28
2025-03-01,Croissant,food_bakery,140,19,5,3,1,1,none,none,0,0.715,0,28
2025-03-02,Milk Tea (Dudh Chiya),beverage_hot,40,142,6,3,2,0,none,none,0,0.7029,1,29
2025-03-02,Masala Chiya,beverage_hot,50,74,6,3,2,0,none,none,0,0.7029,1,29
2025-03-02,Black Tea (Kalo Chiya),beverage_hot,30,32,6,3,2,0,none,none,0,0.7029,0,29
2025-03-02,Americano,beverage_hot,150,27,6,3,2,0,none,none,0,0.7029,0,29
2025-03-02,Cappuccino,beverage_hot,190,41,6,3,2,0,none,none,0,0.7029,0,29
2025-03-02,Cafe Latte,beverage_hot,200,43,6,3,2,0,none,none,0,0.7029,0,29
2025-03-02,Hot Chocolate,beverage_hot,180,23,6,3,2,0,none,none,0,0.7029,1,29
2025-03-02,Cold Coffee,beverage_cold,220,33,6,3,2,0,none,none,0,0.7029,0,29
2025-03-02,Iced Americano,beverage_cold,180,21,6,3,2,0,none,none,0,0.7029,0,29
2025-03-02,Lassi,beverage_cold,120,35,6,3,2,0,none,none,0,0.7029,0,29
2025-03-02,Fresh Lime Soda,beverage_cold,100,29,6,3,2,0,none,none,0,0.7029,0,29
2025-03-02,Veg Momo,food_main,160,50,6,3,2,0,none,none,0,0.7029,0,29
2025-03-02,Buff Momo,food_main,180,44,6,3,2,0,none,none,0,0.7029,0,29
2025-03-02,Chicken Chowmein,food_main,190,46,6,3,2,0,none,none,0,0.7029,0,29
2025-03-02,Veg Thukpa,food_main,170,24,6,3,2,0,none,none,0,0.7029,0,29
2025-03-02,Club Sandwich,food_main,250,28,6,3,2,0,none,none,0,0.7029,0,29
2025-03-02,Chicken Burger,food_main,280,18,6,3,2,0,none,none,0,0.7029,0,29
2025-03-02,French Fries,food_snack,130,32,6,3,2,0,none,none,0,0.7029,0,29
2025-03-02,Samosa,food_snack,40,24,6,3,2,0,none,none,0,0.7029,0,29
2025-03-02,Chocolate Cake Slice,food_bakery,160,15,6,3,2,0,none,none,0,0.7029,0,29
2025-03-02,Croissant,food_bakery,140,8,6,3,2,0,none,none,0,0.7029,0,29
2025-03-03,Milk Tea (Dudh Chiya),beverage_hot,40,147,0,3,3,0,none,none,0,0.6906,1,30
2025-03-03,Masala Chiya,beverage_hot,50,110,0,3,3,0,none,none,0,0.6906,1,30
2025-03-03,Black Tea (Kalo Chiya),beverage_hot,30,47,0,3,3,0,none,none,0,0.6906,0,30
2025-03-03,Americano,beverage_hot,150,34,0,3,3,0,none,none,0,0.6906,0,30
2025-03-03,Cappuccino,beverage_hot,190,51,0,3,3,0,none,none,0,0.6906,0,30
2025-03-03,Cafe Latte,beverage_hot,200,44,0,3,3,0,none,none,0,0.6906,0,30
2025-03-03,Hot Chocolate,beverage_hot,180,33,0,3,3,0,none,none,0,0.6906,1,30
2025-03-03,Cold Coffee,beverage_cold,220,27,0,3,3,0,none,none,0,0.6906,0,30
2025-03-03,Iced Americano,beverage_cold,180,31,0,3,3,0,none,none,0,0.6906,0,30
2025-03-03,Lassi,beverage_cold,120,24,0,3,3,0,none,none,0,0.6906,0,30
2025-03-03,Fresh Lime Soda,beverage_cold,100,36,0,3,3,0,none,none,0,0.6906,0,30
2025-03-03,Veg Momo,food_main,160,51,0,3,3,0,none,none,0,0.6906,0,30
2025-03-03,Buff Momo,food_main,180,74,0,3,3,0,none,none,0,0.6906,0,30
2025-03-03,Chicken Chowmein,food_main,190,36,0,3,3,0,none,none,0,0.6906,0,30
2025-03-03,Veg Thukpa,food_main,170,17,0,3,3,0,none,none,0,0.6906,0,30
2025-03-03,Club Sandwich,food_main,250,27,0,3,3,0,none,none,0,0.6906,0,30
2025-03-03,Chicken Burger,food_main,280,31,0,3,3,0,none,none,0,0.6906,0,30
2025-03-03,French Fries,food_snack,130,26,0,3,3,0,none,none,0,0.6906,0,30
2025-03-03,Samosa,food_snack,40,25,0,3,3,0,none,none,0,0.6906,0,30
2025-03-03,Chocolate Cake Slice,food_bakery,160,19,0,3,3,0,none,none,0,0.6906,0,30
2025-03-03,Croissant,food_bakery,140,12,0,3,3,0,none,none,0,0.6906,0,30
2025-03-04,Milk Tea (Dudh Chiya),beverage_hot,40,158,1,3,4,0,none,none,0,0.678,1,31
2025-03-04,Masala Chiya,beverage_hot,50,95,1,3,4,0,none,none,0,0.678,1,31
2025-03-04,Black Tea (Kalo Chiya),beverage_hot,30,43,1,3,4,0,none,none,0,0.678,0,31
2025-03-04,Americano,beverage_hot,150,28,1,3,4,0,none,none,0,0.678,0,31
2025-03-04,Cappuccino,beverage_hot,190,48,1,3,4,0,none,none,0,0.678,0,31
2025-03-04,Cafe Latte,beverage_hot,200,37,1,3,4,0,none,none,0,0.678,0,31
2025-03-04,Hot Chocolate,beverage_hot,180,36,1,3,4,0,none,none,0,0.678,1,31
2025-03-04,Cold Coffee,beverage_cold,220,30,1,3,4,0,none,none,0,0.678,0,31
2025-03-04,Iced Americano,beverage_cold,180,38,1,3,4,0,none,none,0,0.678,0,31
2025-03-04,Lassi,beverage_cold,120,30,1,3,4,0,none,none,0,0.678,0,31
2025-03-04,Fresh Lime Soda,beverage_cold,100,30,1,3,4,0,none,none,0,0.678,0,31
2025-03-04,Veg Momo,food_main,160,54,1,3,4,0,none,none,0,0.678,0,31
2025-03-04,Buff Momo,food_main,180,63,1,3,4,0,none,none,0,0.678,0,31
2025-03-04,Chicken Chowmein,food_main,190,39,1,3,4,0,none,none,0,0.678,0,31
2025-03-04,Veg Thukpa,food_main,170,21,1,3,4,0,none,none,0,0.678,0,31
2025-03-04,Club Sandwich,food_main,250,17,1,3,4,0,none,none,0,0.678,0,31
2025-03-04,Chicken Burger,food_main,280,22,1,3,4,0,none,none,0,0.678,0,31
2025-03-04,French Fries,food_snack,130,43,1,3,4,0,none,none,0,0.678,0,31
2025-03-04,Samosa,food_snack,40,30,1,3,4,0,none,none,0,0.678,0,31
2025-03-04,Chocolate Cake Slice,food_bakery,160,14,1,3,4,0,none,none,0,0.678,0,31
2025-03-04,Croissant,food_bakery,140,9,1,3,4,0,none,none,0,0.678,0,31
2025-03-05,Milk Tea (Dudh Chiya),beverage_hot,40,140,2,3,5,0,none,none,0,0.6653,1,32
2025-03-05,Masala Chiya,beverage_hot,50,89,2,3,5,0,none,none,0,0.6653,1,32
2025-03-05,Black Tea (Kalo Chiya),beverage_hot,30,38,2,3,5,0,none,none,0,0.6653,0,32
2025-03-05,Americano,beverage_hot,150,39,2,3,5,0,none,none,0,0.6653,0,32
2025-03-05,Cappuccino,beverage_hot,190,42,2,3,5,0,none,none,0,0.6653,0,32
2025-03-05,Cafe Latte,beverage_hot,200,50,2,3,5,0,none,none,0,0.6653,0,32
2025-03-05,Hot Chocolate,beverage_hot,180,32,2,3,5,0,none,none,0,0.6653,1,32
2025-03-05,Cold Coffee,beverage_cold,220,49,2,3,5,0,none,none,0,0.6653,0,32
2025-03-05,Iced Americano,beverage_cold,180,31,2,3,5,0,none,none,0,0.6653,0,32
2025-03-05,Lassi,beverage_cold,120,28,2,3,5,0,none,none,0,0.6653,0,32
2025-03-05,Fresh Lime Soda,beverage_cold,100,34,2,3,5,0,none,none,0,0.6653,0,32
2025-03-05,Veg Momo,food_main,160,63,2,3,5,0,none,none,0,0.6653,0,32
2025-03-05,Buff Momo,food_main,180,65,2,3,5,0,none,none,0,0.6653,0,32
2025-03-05,Chicken Chowmein,food_main,190,54,2,3,5,0,none,none,0,0.6653,0,32
2025-03-05,Veg Thukpa,food_main,170,23,2,3,5,0,none,none,0,0.6653,0,32
2025-03-05,Club Sandwich,food_main,250,25,2,3,5,0,none,none,0,0.6653,0,32
2025-03-05,Chicken Burger,food_main,280,28,2,3,5,0,none,none,0,0.6653,0,32
2025-03-05,French Fries,food_snack,130,37,2,3,5,0,none,none,0,0.6653,0,32
2025-03-05,Samosa,food_snack,40,27,2,3,5,0,none,none,0,0.6653,0,32
2025-03-05,Chocolate Cake Slice,food_bakery,160,18,2,3,5,0,none,none,0,0.6653,0,32
2025-03-05,Croissant,food_bakery,140,12,2,3,5,0,none,none,0,0.6653,0,32
2025-03-06,Milk Tea (Dudh Chiya),beverage_hot,40,161,3,3,6,0,none,none,0,0.6523,0,33
2025-03-06,Masala Chiya,beverage_hot,50,110,3,3,6,0,none,none,0,0.6523,0,33
2025-03-06,Black Tea (Kalo Chiya),beverage_hot,30,43,3,3,6,0,none,none,0,0.6523,0,33
2025-03-06,Americano,beverage_hot,150,38,3,3,6,0,none,none,0,0.6523,0,33
2025-03-06,Cappuccino,beverage_hot,190,54,3,3,6,0,none,none,0,0.6523,0,33
2025-03-06,Cafe Latte,beverage_hot,200,59,3,3,6,0,none,none,0,0.6523,0,33
2025-03-06,Hot Chocolate,beverage_hot,180,28,3,3,6,0,none,none,0,0.6523,0,33
2025-03-06,Cold Coffee,beverage_cold,220,35,3,3,6,0,none,none,0,0.6523,0,33
2025-03-06,Iced Americano,beverage_cold,180,51,3,3,6,0,none,none,0,0.6523,0,33
2025-03-06,Lassi,beverage_cold,120,42,3,3,6,0,none,none,0,0.6523,0,33
2025-03-06,Fresh Lime Soda,beverage_cold,100,53,3,3,6,0,none,none,0,0.6523,0,33
2025-03-06,Veg Momo,food_main,160,73,3,3,6,0,none,none,0,0.6523,0,33
2025-03-06,Buff Momo,food_main,180,66,3,3,6,0,none,none,0,0.6523,0,33
2025-03-06,Chicken Chowmein,food_main,190,54,3,3,6,0,none,none,0,0.6523,0,33
2025-03-06,Veg Thukpa,food_main,170,33,3,3,6,0,none,none,0,0.6523,0,33
2025-03-06,Club Sandwich,food_main,250,33,3,3,6,0,none,none,0,0.6523,0,33
2025-03-06,Chicken Burger,food_main,280,32,3,3,6,0,none,none,0,0.6523,0,33
2025-03-06,French Fries,food_snack,130,38,3,3,6,0,none,none,0,0.6523,0,33
2025-03-06,Samosa,food_snack,40,41,3,3,6,0,none,none,0,0.6523,0,33
2025-03-06,Chocolate Cake Slice,food_bakery,160,17,3,3,6,0,none,none,0,0.6523,0,33
2025-03-06,Croissant,food_bakery,140,11,3,3,6,0,none,none,0,0.6523,0,33
2025-03-07,Milk Tea (Dudh Chiya),beverage_hot,40,157,4,3,7,0,none,none,0,0.6392,0,34
2025-03-07,Masala Chiya,beverage_hot,50,116,4,3,7,0,none,none,0,0.6392,0,34
2025-03-07,Black Tea (Kalo Chiya),beverage_hot,30,62,4,3,7,0,none,none,0,0.6392,0,34
2025-03-07,Americano,beverage_hot,150,64,4,3,7,0,none,none,0,0.6392,0,34
2025-03-07,Cappuccino,beverage_hot,190,52,4,3,7,0,none,none,0,0.6392,0,34
2025-03-07,Cafe Latte,beverage_hot,200,64,4,3,7,0,none,none,0,0.6392,0,34
2025-03-07,Hot Chocolate,beverage_hot,180,34,4,3,7,0,none,none,0,0.6392,0,34
2025-03-07,Cold Coffee,beverage_cold,220,64,4,3,7,0,none,none,0,0.6392,0,34
2025-03-07,Iced Americano,beverage_cold,180,42,4,3,7,0,none,none,0,0.6392,0,34
2025-03-07,Lassi,beverage_cold,120,50,4,3,7,0,none,none,0,0.6392,0,34
2025-03-07,Fresh Lime Soda,beverage_cold,100,54,4,3,7,0,none,none,0,0.6392,0,34
2025-03-07,Veg Momo,food_main,160,92,4,3,7,0,none,none,0,0.6392,0,34
2025-03-07,Buff Momo,food_main,180,96,4,3,7,0,none,none,0,0.6392,0,34
2025-03-07,Chicken Chowmein,food_main,190,47,4,3,7,0,none,none,0,0.6392,0,34
2025-03-07,Veg Thukpa,food_main,170,38,4,3,7,0,none,none,0,0.6392,0,34
2025-03-07,Club Sandwich,food_main,250,39,4,3,7,0,none,none,0,0.6392,0,34
2025-03-07,Chicken Burger,food_main,280,35,4,3,7,0,none,none,0,0.6392,0,34
2025-03-07,French Fries,food_snack,130,49,4,3,7,0,none,none,0,0.6392,0,34
2025-03-07,Samosa,food_snack,40,44,4,3,7,0,none,none,0,0.6392,0,34
2025-03-07,Chocolate Cake Slice,food_bakery,160,26,4,3,7,0,none,none,0,0.6392,0,34
2025-03-07,Croissant,food_bakery,140,17,4,3,7,0,none,none,0,0.6392,0,34
2025-03-08,Milk Tea (Dudh Chiya),beverage_hot,40,159,5,3,8,1,none,none,0,0.6259,0,35
2025-03-08,Masala Chiya,beverage_hot,50,112,5,3,8,1,none,none,0,0.6259,0,35
2025-03-08,Black Tea (Kalo Chiya),beverage_hot,30,51,5,3,8,1,none,none,0,0.6259,0,35
2025-03-08,Americano,beverage_hot,150,34,5,3,8,1,none,none,0,0.6259,0,35
2025-03-08,Cappuccino,beverage_hot,190,69,5,3,8,1,none,none,0,0.6259,0,35
2025-03-08,Cafe Latte,beverage_hot,200,57,5,3,8,1,none,none,0,0.6259,0,35
2025-03-08,Hot Chocolate,beverage_hot,180,36,5,3,8,1,none,none,0,0.6259,0,35
2025-03-08,Cold Coffee,beverage_cold,220,54,5,3,8,1,none,none,0,0.6259,0,35
2025-03-08,Iced Americano,beverage_cold,180,35,5,3,8,1,none,none,0,0.6259,0,35
2025-03-08,Lassi,beverage_cold,120,53,5,3,8,1,none,none,0,0.6259,0,35
2025-03-08,Fresh Lime Soda,beverage_cold,100,50,5,3,8,1,none,none,0,0.6259,0,35
2025-03-08,Veg Momo,food_main,160,99,5,3,8,1,none,none,0,0.6259,0,35
2025-03-08,Buff Momo,food_main,180,80,5,3,8,1,none,none,0,0.6259,0,35
2025-03-08,Chicken Chowmein,food_main,190,51,5,3,8,1,none,none,0,0.6259,0,35
2025-03-08,Veg Thukpa,food_main,170,25,5,3,8,1,none,none,0,0.6259,0,35
2025-03-08,Club Sandwich,food_main,250,37,5,3,8,1,none,none,0,0.6259,0,35
2025-03-08,Chicken Burger,food_main,280,21,5,3,8,1,none,none,0,0.6259,0,35
2025-03-08,French Fries,food_snack,130,43,5,3,8,1,none,none,0,0.6259,0,35
2025-03-08,Samosa,food_snack,40,50,5,3,8,1,none,none,0,0.6259,0,35
2025-03-08,Chocolate Cake Slice,food_bakery,160,18,5,3,8,1,none,none,0,0.6259,0,35
2025-03-08,Croissant,food_bakery,140,15,5,3,8,1,none,none,0,0.6259,0,35
2025-03-09,Milk Tea (Dudh Chiya),beverage_hot,40,113,6,3,9,0,none,none,0,0.6124,0,36
2025-03-09,Masala Chiya,beverage_hot,50,79,6,3,9,0,none,none,0,0.6124,0,36
2025-03-09,Black Tea (Kalo Chiya),beverage_hot,30,45,6,3,9,0,none,none,0,0.6124,0,36
2025-03-09,Americano,beverage_hot,150,36,6,3,9,0,none,none,0,0.6124,0,36
2025-03-09,Cappuccino,beverage_hot,190,49,6,3,9,0,none,none,0,0.6124,0,36
2025-03-09,Cafe Latte,beverage_hot,200,44,6,3,9,0,none,none,0,0.6124,0,36
2025-03-09,Hot Chocolate,beverage_hot,180,26,6,3,9,0,none,none,0,0.6124,0,36
2025-03-09,Cold Coffee,beverage_cold,220,34,6,3,9,0,none,none,0,0.6124,0,36
2025-03-09,Iced Americano,beverage_cold,180,29,6,3,9,0,none,none,0,0.6124,0,36
2025-03-09,Lassi,beverage_cold,120,29,6,3,9,0,none,none,0,0.6124,0,36
2025-03-09,Fresh Lime Soda,beverage_cold,100,24,6,3,9,0,none,none,0,0.6124,0,36
2025-03-09,Veg Momo,food_main,160,58,6,3,9,0,none,none,0,0.6124,0,36
2025-03-09,Buff Momo,food_main,180,56,6,3,9,0,none,none,0,0.6124,0,36
2025-03-09,Chicken Chowmein,food_main,190,31,6,3,9,0,none,none,0,0.6124,0,36
2025-03-09,Veg Thukpa,food_main,170,23,6,3,9,0,none,none,0,0.6124,0,36
2025-03-09,Club Sandwich,food_main,250,24,6,3,9,0,none,none,0,0.6124,0,36
2025-03-09,Chicken Burger,food_main,280,22,6,3,9,0,none,none,0,0.6124,0,36
2025-03-09,French Fries,food_snack,130,34,6,3,9,0,none,none,0,0.6124,0,36
2025-03-09,Samosa,food_snack,40,29,6,3,9,0,none,none,0,0.6124,0,36
2025-03-09,Chocolate Cake Slice,food_bakery,160,11,6,3,9,0,none,none,0,0.6124,0,36
2025-03-09,Croissant,food_bakery,140,12,6,3,9,0,none,none,0,0.6124,0,36
2025-03-10,Milk Tea (Dudh Chiya),beverage_hot,40,112,0,3,10,0,none,none,0,0.5987,0,37
2025-03-10,Masala Chiya,beverage_hot,50,63,0,3,10,0,none,none,0,0.5987,0,37
2025-03-10,Black Tea (Kalo Chiya),beverage_hot,30,34,0,3,10,0,none,none,0,0.5987,0,37
2025-03-10,Americano,beverage_hot,150,36,0,3,10,0,none,none,0,0.5987,0,37
2025-03-10,Cappuccino,beverage_hot,190,41,0,3,10,0,none,none,0,0.5987,0,37
2025-03-10,Cafe Latte,beverage_hot,200,41,0,3,10,0,none,none,0,0.5987,0,37
2025-03-10,Hot Chocolate,beverage_hot,180,19,0,3,10,0,none,none,0,0.5987,0,37
2025-03-10,Cold Coffee,beverage_cold,220,30,0,3,10,0,none,none,0,0.5987,0,37
2025-03-10,Iced Americano,beverage_cold,180,23,0,3,10,0,none,none,0,0.5987,0,37
2025-03-10,Lassi,beverage_cold,120,35,0,3,10,0,none,none,0,0.5987,0,37
2025-03-10,Fresh Lime Soda,beverage_cold,100,32,0,3,10,0,none,none,0,0.5987,0,37
2025-03-10,Veg Momo,food_main,160,53,0,3,10,0,none,none,0,0.5987,0,37
2025-03-10,Buff Momo,food_main,180,63,0,3,10,0,none,none,0,0.5987,0,37
2025-03-10,Chicken Chowmein,food_main,190,39,0,3,10,0,none,none,0,0.5987,0,37
2025-03-10,Veg Thukpa,food_main,170,18,0,3,10,0,none,none,0,0.5987,0,37
2025-03-10,Club Sandwich,food_main,250,36,0,3,10,0,none,none,0,0.5987,0,37
2025-03-10,Chicken Burger,food_main,280,22,0,3,10,0,none,none,0,0.5987,0,37
2025-03-10,French Fries,food_snack,130,35,0,3,10,0,none,none,0,0.5987,0,37
2025-03-10,Samosa,food_snack,40,27,0,3,10,0,none,none,0,0.5987,0,37
2025-03-10,Chocolate Cake Slice,food_bakery,160,22,0,3,10,0,none,none,0,0.5987,0,37
2025-03-10,Croissant,food_bakery,140,10,0,3,10,0,none,none,0,0.5987,0,37
2025-03-11,Milk Tea (Dudh Chiya),beverage_hot,40,124,1,3,11,0,none,none,0,0.5848,0,38
2025-03-11,Masala Chiya,beverage_hot,50,95,1,3,11,0,none,none,0,0.5848,0,38
2025-03-11,Black Tea (Kalo Chiya),beverage_hot,30,36,1,3,11,0,none,none,0,0.5848,0,38
2025-03-11,Americano,beverage_hot,150,39,1,3,11,0,none,none,0,0.5848,0,38
2025-03-11,Cappuccino,beverage_hot,190,56,1,3,11,0,none,none,0,0.5848,0,38
2025-03-11,Cafe Latte,beverage_hot,200,43,1,3,11,0,none,none,0,0.5848,0,38
2025-03-11,Hot Chocolate,beverage_hot,180,29,1,3,11,0,none,none,0,0.5848,0,38
2025-03-11,Cold Coffee,beverage_cold,220,39,1,3,11,0,none,none,0,0.5848,0,38
2025-03-11,Iced Americano,beverage_cold,180,34,1,3,11,0,none,none,0,0.5848,0,38
2025-03-11,Lassi,beverage_cold,120,32,1,3,11,0,none,none,0,0.5848,0,38
2025-03-11,Fresh Lime Soda,beverage_cold,100,24,1,3,11,0,none,none,0,0.5848,0,38
2025-03-11,Veg Momo,food_main,160,55,1,3,11,0,none,none,0,0.5848,0,38
2025-03-11,Buff Momo,food_main,180,64,1,3,11,0,none,none,0,0.5848,0,38
2025-03-11,Chicken Chowmein,food_main,190,46,1,3,11,0,none,none,0,0.5848,0,38
2025-03-11,Veg Thukpa,food_main,170,17,1,3,11,0,none,none,0,0.5848,0,38
2025-03-11,Club Sandwich,food_main,250,30,1,3,11,0,none,none,0,0.5848,0,38
2025-03-11,Chicken Burger,food_main,280,23,1,3,11,0,none,none,0,0.5848,0,38
2025-03-11,French Fries,food_snack,130,41,1,3,11,0,none,none,0,0.5848,0,38
2025-03-11,Samosa,food_snack,40,35,1,3,11,0,none,none,0,0.5848,0,38
2025-03-11,Chocolate Cake Slice,food_bakery,160,15,1,3,11,0,none,none,0,0.5848,0,38
2025-03-11,Croissant,food_bakery,140,11,1,3,11,0,none,none,0,0.5848,0,38
2025-03-12,Milk Tea (Dudh Chiya),beverage_hot,40,124,2,3,12,0,none,none,0,0.5708,0,39
2025-03-12,Masala Chiya,beverage_hot,50,77,2,3,12,0,none,none,0,0.5708,0,39
2025-03-12,Black Tea (Kalo Chiya),beverage_hot,30,39,2,3,12,0,none,none,0,0.5708,0,39
2025-03-12,Americano,beverage_hot,150,36,2,3,12,0,none,none,0,0.5708,0,39
2025-03-12,Cappuccino,beverage_hot,190,52,2,3,12,0,none,none,0,0.5708,0,39
2025-03-12,Cafe Latte,beverage_hot,200,41,2,3,12,0,none,none,0,0.5708,0,39
2025-03-12,Hot Chocolate,beverage_hot,180,19,2,3,12,0,none,none,0,0.5708,0,39
2025-03-12,Cold Coffee,beverage_cold,220,36,2,3,12,0,none,none,0,0.5708,0,39
2025-03-12,Iced Americano,beverage_cold,180,39,2,3,12,0,none,none,0,0.5708,0,39
2025-03-12,Lassi,beverage_cold,120,29,2,3,12,0,none,none,0,0.5708,0,39
2025-03-12,Fresh Lime Soda,beverage_cold,100,41,2,3,12,0,none,none,0,0.5708,0,39
2025-03-12,Veg Momo,food_main,160,56,2,3,12,0,none,none,0,0.5708,0,39
2025-03-12,Buff Momo,food_main,180,71,2,3,12,0,none,none,0,0.5708,0,39
2025-03-12,Chicken Chowmein,food_main,190,55,2,3,12,0,none,none,0,0.5708,0,39
2025-03-12,Veg Thukpa,food_main,170,26,2,3,12,0,none,none,0,0.5708,0,39
2025-03-12,Club Sandwich,food_main,250,23,2,3,12,0,none,none,0,0.5708,0,39
2025-03-12,Chicken Burger,food_main,280,27,2,3,12,0,none,none,0,0.5708,0,39
2025-03-12,French Fries,food_snack,130,38,2,3,12,0,none,none,0,0.5708,0,39
2025-03-12,Samosa,food_snack,40,35,2,3,12,0,none,none,0,0.5708,0,39
2025-03-12,Chocolate Cake Slice,food_bakery,160,8,2,3,12,0,none,none,0,0.5708,0,39
2025-03-12,Croissant,food_bakery,140,12,2,3,12,0,none,none,0,0.5708,0,39
2025-03-13,Milk Tea (Dudh Chiya),beverage_hot,40,124,3,3,13,0,none,none,0,0.5566,0,40
2025-03-13,Masala Chiya,beverage_hot,50,88,3,3,13,0,none,none,0,0.5566,0,40
2025-03-13,Black Tea (Kalo Chiya),beverage_hot,30,48,3,3,13,0,none,none,0,0.5566,0,40
2025-03-13,Americano,beverage_hot,150,26,3,3,13,0,none,none,0,0.5566,0,40
2025-03-13,Cappuccino,beverage_hot,190,49,3,3,13,0,none,none,0,0.5566,0,40
2025-03-13,Cafe Latte,beverage_hot,200,46,3,3,13,0,none,none,0,0.5566,0,40
2025-03-13,Hot Chocolate,beverage_hot,180,23,3,3,13,0,none,none,0,0.5566,0,40
2025-03-13,Cold Coffee,beverage_cold,220,44,3,3,13,0,none,none,0,0.5566,0,40
2025-03-13,Iced Americano,beverage_cold,180,27,3,3,13,0,none,none,0,0.5566,0,40
2025-03-13,Lassi,beverage_cold,120,28,3,3,13,0,none,none,0,0.5566,0,40
2025-03-13,Fresh Lime Soda,beverage_cold,100,38,3,3,13,0,none,none,0,0.5566,0,40
2025-03-13,Veg Momo,food_main,160,48,3,3,13,0,none,none,0,0.5566,0,40
2025-03-13,Buff Momo,food_main,180,64,3,3,13,0,none,none,0,0.5566,0,40
2025-03-13,Chicken Chowmein,food_main,190,41,3,3,13,0,none,none,0,0.5566,0,40
2025-03-13,Veg Thukpa,food_main,170,32,3,3,13,0,none,none,0,0.5566,0,40
2025-03-13,Club Sandwich,food_main,250,18,3,3,13,0,none,none,0,0.5566,0,40
2025-03-13,Chicken Burger,food_main,280,23,3,3,13,0,none,none,0,0.5566,0,40
2025-03-13,French Fries,food_snack,130,32,3,3,13,0,none,none,0,0.5566,0,40
2025-03-13,Samosa,food_snack,40,30,3,3,13,0,none,none,0,0.5566,0,40
2025-03-13,Chocolate Cake Slice,food_bakery,160,11,3,3,13,0,none,none,0,0.5566,0,40
2025-03-13,Croissant,food_bakery,140,12,3,3,13,0,none,none,0,0.5566,0,40
2025-03-14,Milk Tea (Dudh Chiya),beverage_hot,40,282,4,3,14,0,Holi,spike,0,0.5422,0,41
2025-03-14,Masala Chiya,beverage_hot,50,172,4,3,14,0,Holi,spike,0,0.5422,0,41
2025-03-14,Black Tea (Kalo Chiya),beverage_hot,30,82,4,3,14,0,Holi,spike,0,0.5422,0,41
2025-03-14,Americano,beverage_hot,150,82,4,3,14,0,Holi,spike,0,0.5422,0,41
2025-03-14,Cappuccino,beverage_hot,190,98,4,3,14,0,Holi,spike,0,0.5422,0,41
2025-03-14,Cafe Latte,beverage_hot,200,75,4,3,14,0,Holi,spike,0,0.5422,0,41
2025-03-14,Hot Chocolate,beverage_hot,180,53,4,3,14,0,Holi,spike,0,0.5422,0,41
2025-03-14,Cold Coffee,beverage_cold,220,88,4,3,14,0,Holi,spike,0,0.5422,0,41
2025-03-14,Iced Americano,beverage_cold,180,59,4,3,14,0,Holi,spike,0,0.5422,0,41
2025-03-14,Lassi,beverage_cold,120,77,4,3,14,0,Holi,spike,0,0.5422,0,41
2025-03-14,Fresh Lime Soda,beverage_cold,100,80,4,3,14,0,Holi,spike,0,0.5422,0,41
2025-03-14,Veg Momo,food_main,160,125,4,3,14,0,Holi,spike,0,0.5422,0,41
2025-03-14,Buff Momo,food_main,180,126,4,3,14,0,Holi,spike,0,0.5422,0,41
2025-03-14,Chicken Chowmein,food_main,190,91,4,3,14,0,Holi,spike,0,0.5422,0,41
2025-03-14,Veg Thukpa,food_main,170,52,4,3,14,0,Holi,spike,0,0.5422,0,41
2025-03-14,Club Sandwich,food_main,250,48,4,3,14,0,Holi,spike,0,0.5422,0,41
2025-03-14,Chicken Burger,food_main,280,40,4,3,14,0,Holi,spike,0,0.5422,0,41
2025-03-14,French Fries,food_snack,130,72,4,3,14,0,Holi,spike,0,0.5422,0,41
2025-03-14,Samosa,food_snack,40,85,4,3,14,0,Holi,spike,0,0.5422,0,41
2025-03-14,Chocolate Cake Slice,food_bakery,160,38,4,3,14,0,Holi,spike,0,0.5422,0,41
2025-03-14,Croissant,food_bakery,140,21,4,3,14,0,Holi,spike,0,0.5422,0,41
2025-03-15,Milk Tea (Dudh Chiya),beverage_hot,40,204,5,3,15,1,none,none,0,0.5277,0,42
2025-03-15,Masala Chiya,beverage_hot,50,145,5,3,15,1,none,none,0,0.5277,0,42
2025-03-15,Black Tea (Kalo Chiya),beverage_hot,30,55,5,3,15,1,none,none,0,0.5277,0,42
2025-03-15,Americano,beverage_hot,150,58,5,3,15,1,none,none,0,0.5277,0,42
2025-03-15,Cappuccino,beverage_hot,190,65,5,3,15,1,none,none,0,0.5277,0,42
2025-03-15,Cafe Latte,beverage_hot,200,67,5,3,15,1,none,none,0,0.5277,0,42
2025-03-15,Hot Chocolate,beverage_hot,180,46,5,3,15,1,none,none,0,0.5277,0,42
2025-03-15,Cold Coffee,beverage_cold,220,67,5,3,15,1,none,none,0,0.5277,0,42
2025-03-15,Iced Americano,beverage_cold,180,56,5,3,15,1,none,none,0,0.5277,0,42
2025-03-15,Lassi,beverage_cold,120,54,5,3,15,1,none,none,0,0.5277,0,42
2025-03-15,Fresh Lime Soda,beverage_cold,100,53,5,3,15,1,none,none,0,0.5277,0,42
2025-03-15,Veg Momo,food_main,160,81,5,3,15,1,none,none,0,0.5277,0,42
2025-03-15,Buff Momo,food_main,180,94,5,3,15,1,none,none,0,0.5277,0,42
2025-03-15,Chicken Chowmein,food_main,190,77,5,3,15,1,none,none,0,0.5277,0,42
2025-03-15,Veg Thukpa,food_main,170,42,5,3,15,1,none,none,0,0.5277,0,42
2025-03-15,Club Sandwich,food_main,250,34,5,3,15,1,none,none,0,0.5277,0,42
2025-03-15,Chicken Burger,food_main,280,32,5,3,15,1,none,none,0,0.5277,0,42
2025-03-15,French Fries,food_snack,130,60,5,3,15,1,none,none,0,0.5277,0,42
2025-03-15,Samosa,food_snack,40,42,5,3,15,1,none,none,0,0.5277,0,42
2025-03-15,Chocolate Cake Slice,food_bakery,160,28,5,3,15,1,none,none,0,0.5277,0,42
2025-03-15,Croissant,food_bakery,140,19,5,3,15,1,none,none,0,0.5277,0,42
2025-03-16,Milk Tea (Dudh Chiya),beverage_hot,40,115,6,3,16,0,none,none,0,0.513,0,43
2025-03-16,Masala Chiya,beverage_hot,50,62,6,3,16,0,none,none,0,0.513,0,43
2025-03-16,Black Tea (Kalo Chiya),beverage_hot,30,46,6,3,16,0,none,none,0,0.513,0,43
2025-03-16,Americano,beverage_hot,150,32,6,3,16,0,none,none,0,0.513,0,43
2025-03-16,Cappuccino,beverage_hot,190,31,6,3,16,0,none,none,0,0.513,0,43
2025-03-16,Cafe Latte,beverage_hot,200,36,6,3,16,0,none,none,0,0.513,0,43
2025-03-16,Hot Chocolate,beverage_hot,180,19,6,3,16,0,none,none,0,0.513,0,43
2025-03-16,Cold Coffee,beverage_cold,220,28,6,3,16,0,none,none,0,0.513,0,43
2025-03-16,Iced Americano,beverage_cold,180,21,6,3,16,0,none,none,0,0.513,0,43
2025-03-16,Lassi,beverage_cold,120,29,6,3,16,0,none,none,0,0.513,0,43
2025-03-16,Fresh Lime Soda,beverage_cold,100,36,6,3,16,0,none,none,0,0.513,0,43
2025-03-16,Veg Momo,food_main,160,44,6,3,16,0,none,none,0,0.513,0,43
2025-03-16,Buff Momo,food_main,180,51,6,3,16,0,none,none,0,0.513,0,43
2025-03-16,Chicken Chowmein,food_main,190,37,6,3,16,0,none,none,0,0.513,0,43
2025-03-16,Veg Thukpa,food_main,170,28,6,3,16,0,none,none,0,0.513,0,43
2025-03-16,Club Sandwich,food_main,250,16,6,3,16,0,none,none,0,0.513,0,43
2025-03-16,Chicken Burger,food_main,280,22,6,3,16,0,none,none,0,0.513,0,43
2025-03-16,French Fries,food_snack,130,26,6,3,16,0,none,none,0,0.513,0,43
2025-03-16,Samosa,food_snack,40,32,6,3,16,0,none,none,0,0.513,0,43
2025-03-16,Chocolate Cake Slice,food_bakery,160,16,6,3,16,0,none,none,0,0.513,0,43
2025-03-16,Croissant,food_bakery,140,10,6,3,16,0,none,none,0,0.513,0,43
2025-03-17,Milk Tea (Dudh Chiya),beverage_hot,40,119,0,3,17,0,none,none,0,0.4981,0,44
2025-03-17,Masala Chiya,beverage_hot,50,80,0,3,17,0,none,none,0,0.4981,0,44
2025-03-17,Black Tea (Kalo Chiya),beverage_hot,30,39,0,3,17,0,none,none,0,0.4981,0,44
2025-03-17,Americano,beverage_hot,150,41,0,3,17,0,none,none,0,0.4981,0,44
2025-03-17,Cappuccino,beverage_hot,190,43,0,3,17,0,none,none,0,0.4981,0,44
2025-03-17,Cafe Latte,beverage_hot,200,33,0,3,17,0,none,none,0,0.4981,0,44
2025-03-17,Hot Chocolate,beverage_hot,180,17,0,3,17,0,none,none,0,0.4981,0,44
2025-03-17,Cold Coffee,beverage_cold,220,41,0,3,17,0,none,none,0,0.4981,0,44
2025-03-17,Iced Americano,beverage_cold,180,33,0,3,17,0,none,none,0,0.4981,0,44
2025-03-17,Lassi,beverage_cold,120,33,0,3,17,0,none,none,0,0.4981,0,44
2025-03-17,Fresh Lime Soda,beverage_cold,100,35,0,3,17,0,none,none,0,0.4981,0,44
2025-03-17,Veg Momo,food_main,160,60,0,3,17,0,none,none,0,0.4981,0,44
2025-03-17,Buff Momo,food_main,180,47,0,3,17,0,none,none,0,0.4981,0,44
2025-03-17,Chicken Chowmein,food_main,190,36,0,3,17,0,none,none,0,0.4981,0,44
2025-03-17,Veg Thukpa,food_main,170,29,0,3,17,0,none,none,0,0.4981,0,44
2025-03-17,Club Sandwich,food_main,250,23,0,3,17,0,none,none,0,0.4981,0,44
2025-03-17,Chicken Burger,food_main,280,18,0,3,17,0,none,none,0,0.4981,0,44
2025-03-17,French Fries,food_snack,130,26,0,3,17,0,none,none,0,0.4981,0,44
2025-03-17,Samosa,food_snack,40,35,0,3,17,0,none,none,0,0.4981,0,44
2025-03-17,Chocolate Cake Slice,food_bakery,160,20,0,3,17,0,none,none,0,0.4981,0,44
2025-03-17,Croissant,food_bakery,140,18,0,3,17,0,none,none,0,0.4981,0,44
2025-03-18,Milk Tea (Dudh Chiya),beverage_hot,40,134,1,3,18,0,none,none,0,0.4831,0,45
2025-03-18,Masala Chiya,beverage_hot,50,88,1,3,18,0,none,none,0,0.4831,0,45
2025-03-18,Black Tea (Kalo Chiya),beverage_hot,30,28,1,3,18,0,none,none,0,0.4831,0,45
2025-03-18,Americano,beverage_hot,150,42,1,3,18,0,none,none,0,0.4831,0,45
2025-03-18,Cappuccino,beverage_hot,190,42,1,3,18,0,none,none,0,0.4831,0,45
2025-03-18,Cafe Latte,beverage_hot,200,51,1,3,18,0,none,none,0,0.4831,0,45
2025-03-18,Hot Chocolate,beverage_hot,180,33,1,3,18,0,none,none,0,0.4831,0,45
2025-03-18,Cold Coffee,beverage_cold,220,39,1,3,18,0,none,none,0,0.4831,0,45
2025-03-18,Iced Americano,beverage_cold,180,38,1,3,18,0,none,none,0,0.4831,0,45
2025-03-18,Lassi,beverage_cold,120,33,1,3,18,0,none,none,0,0.4831,0,45
2025-03-18,Fresh Lime Soda,beverage_cold,100,41,1,3,18,0,none,none,0,0.4831,0,45
2025-03-18,Veg Momo,food_main,160,60,1,3,18,0,none,none,0,0.4831,0,45
2025-03-18,Buff Momo,food_main,180,51,1,3,18,0,none,none,0,0.4831,0,45
2025-03-18,Chicken Chowmein,food_main,190,48,1,3,18,0,none,none,0,0.4831,0,45
2025-03-18,Veg Thukpa,food_main,170,29,1,3,18,0,none,none,0,0.4831,0,45
2025-03-18,Club Sandwich,food_main,250,32,1,3,18,0,none,none,0,0.4831,0,45
2025-03-18,Chicken Burger,food_main,280,16,1,3,18,0,none,none,0,0.4831,0,45
2025-03-18,French Fries,food_snack,130,33,1,3,18,0,none,none,0,0.4831,0,45
2025-03-18,Samosa,food_snack,40,34,1,3,18,0,none,none,0,0.4831,0,45
2025-03-18,Chocolate Cake Slice,food_bakery,160,14,1,3,18,0,none,none,0,0.4831,0,45
2025-03-18,Croissant,food_bakery,140,13,1,3,18,0,none,none,0,0.4831,0,45
2025-03-19,Milk Tea (Dudh Chiya),beverage_hot,40,135,2,3,19,0,none,none,0,0.468,0,46
2025-03-19,Masala Chiya,beverage_hot,50,105,2,3,19,0,none,none,0,0.468,0,46
2025-03-19,Black Tea (Kalo Chiya),beverage_hot,30,40,2,3,19,0,none,none,0,0.468,0,46
2025-03-19,Americano,beverage_hot,150,53,2,3,19,0,none,none,0,0.468,0,46
2025-03-19,Cappuccino,beverage_hot,190,44,2,3,19,0,none,none,0,0.468,0,46
2025-03-19,Cafe Latte,beverage_hot,200,47,2,3,19,0,none,none,0,0.468,0,46
2025-03-19,Hot Chocolate,beverage_hot,180,26,2,3,19,0,none,none,0,0.468,0,46
2025-03-19,Cold Coffee,beverage_cold,220,39,2,3,19,0,none,none,0,0.468,0,46
2025-03-19,Iced Americano,beverage_cold,180,38,2,3,19,0,none,none,0,0.468,0,46
2025-03-19,Lassi,beverage_cold,120,34,2,3,19,0,none,none,0,0.468,0,46
2025-03-19,Fresh Lime Soda,beverage_cold,100,37,2,3,19,0,none,none,0,0.468,0,46
2025-03-19,Veg Momo,food_main,160,65,2,3,19,0,none,none,0,0.468,0,46
2025-03-19,Buff Momo,food_main,180,67,2,3,19,0,none,none,0,0.468,0,46
2025-03-19,Chicken Chowmein,food_main,190,50,2,3,19,0,none,none,0,0.468,0,46
2025-03-19,Veg Thukpa,food_main,170,28,2,3,19,0,none,none,0,0.468,0,46
2025-03-19,Club Sandwich,food_main,250,33,2,3,19,0,none,none,0,0.468,0,46
2025-03-19,Chicken Burger,food_main,280,30,2,3,19,0,none,none,0,0.468,0,46
2025-03-19,French Fries,food_snack,130,32,2,3,19,0,none,none,0,0.468,0,46
2025-03-19,Samosa,food_snack,40,37,2,3,19,0,none,none,0,0.468,0,46
2025-03-19,Chocolate Cake Slice,food_bakery,160,18,2,3,19,0,none,none,0,0.468,0,46
2025-03-19,Croissant,food_bakery,140,12,2,3,19,0,none,none,0,0.468,0,46
2025-03-20,Milk Tea (Dudh Chiya),beverage_hot,40,105,3,3,20,0,none,none,0,0.4527,0,47
2025-03-20,Masala Chiya,beverage_hot,50,82,3,3,20,0,none,none,0,0.4527,0,47
2025-03-20,Black Tea (Kalo Chiya),beverage_hot,30,32,3,3,20,0,none,none,0,0.4527,0,47
2025-03-20,Americano,beverage_hot,150,32,3,3,20,0,none,none,0,0.4527,0,47
2025-03-20,Cappuccino,beverage_hot,190,40,3,3,20,0,none,none,0,0.4527,0,47
2025-03-20,Cafe Latte,beverage_hot,200,46,3,3,20,0,none,none,0,0.4527,0,47
2025-03-20,Hot Chocolate,beverage_hot,180,27,3,3,20,0,none,none,0,0.4527,0,47
2025-03-20,Cold Coffee,beverage_cold,220,33,3,3,20,0,none,none,0,0.4527,0,47
2025-03-20,Iced Americano,beverage_cold,180,34,3,3,20,0,none,none,0,0.4527,0,47
2025-03-20,Lassi,beverage_cold,120,31,3,3,20,0,none,none,0,0.4527,0,47
2025-03-20,Fresh Lime Soda,beverage_cold,100,31,3,3,20,0,none,none,0,0.4527,0,47
2025-03-20,Veg Momo,food_main,160,55,3,3,20,0,none,none,0,0.4527,0,47
2025-03-20,Buff Momo,food_main,180,60,3,3,20,0,none,none,0,0.4527,0,47
2025-03-20,Chicken Chowmein,food_main,190,42,3,3,20,0,none,none,0,0.4527,0,47
2025-03-20,Veg Thukpa,food_main,170,33,3,3,20,0,none,none,0,0.4527,0,47
2025-03-20,Club Sandwich,food_main,250,27,3,3,20,0,none,none,0,0.4527,0,47
2025-03-20,Chicken Burger,food_main,280,25,3,3,20,0,none,none,0,0.4527,0,47
2025-03-20,French Fries,food_snack,130,21,3,3,20,0,none,none,0,0.4527,0,47
2025-03-20,Samosa,food_snack,40,30,3,3,20,0,none,none,0,0.4527,0,47
2025-03-20,Chocolate Cake Slice,food_bakery,160,12,3,3,20,0,none,none,0,0.4527,0,47
2025-03-20,Croissant,food_bakery,140,10,3,3,20,0,none,none,0,0.4527,0,47
2025-03-21,Milk Tea (Dudh Chiya),beverage_hot,40,152,4,3,21,0,none,none,0,0.4373,0,48
2025-03-21,Masala Chiya,beverage_hot,50,137,4,3,21,0,none,none,0,0.4373,0,48
2025-03-21,Black Tea (Kalo Chiya),beverage_hot,30,41,4,3,21,0,none,none,0,0.4373,0,48
2025-03-21,Americano,beverage_hot,150,44,4,3,21,0,none,none,0,0.4373,0,48
2025-03-21,Cappuccino,beverage_hot,190,58,4,3,21,0,none,none,0,0.4373,0,48
2025-03-21,Cafe Latte,beverage_hot,200,49,4,3,21,0,none,none,0,0.4373,0,48
2025-03-21,Hot Chocolate,beverage_hot,180,24,4,3,21,0,none,none,0,0.4373,0,48
2025-03-21,Cold Coffee,beverage_cold,220,63,4,3,21,0,none,none,0,0.4373,0,48
2025-03-21,Iced Americano,beverage_cold,180,28,4,3,21,0,none,none,0,0.4373,0,48
2025-03-21,Lassi,beverage_cold,120,36,4,3,21,0,none,none,0,0.4373,0,48
2025-03-21,Fresh Lime Soda,beverage_cold,100,49,4,3,21,0,none,none,0,0.4373,0,48
2025-03-21,Veg Momo,food_main,160,70,4,3,21,0,none,none,0,0.4373,0,48
2025-03-21,Buff Momo,food_main,180,66,4,3,21,0,none,none,0,0.4373,0,48
2025-03-21,Chicken Chowmein,food_main,190,47,4,3,21,0,none,none,0,0.4373,0,48
2025-03-21,Veg Thukpa,food_main,170,26,4,3,21,0,none,none,0,0.4373,0,48
2025-03-21,Club Sandwich,food_main,250,28,4,3,21,0,none,none,0,0.4373,0,48
2025-03-21,Chicken Burger,food_main,280,27,4,3,21,0,none,none,0,0.4373,0,48
2025-03-21,French Fries,food_snack,130,35,4,3,21,0,none,none,0,0.4373,0,48
2025-03-21,Samosa,food_snack,40,42,4,3,21,0,none,none,0,0.4373,0,48
2025-03-21,Chocolate Cake Slice,food_bakery,160,18,4,3,21,0,none,none,0,0.4373,0,48
2025-03-21,Croissant,food_bakery,140,11,4,3,21,0,none,none,0,0.4373,0,48
2025-03-22,Milk Tea (Dudh Chiya),beverage_hot,40,186,5,3,22,1,none,none,0,0.4218,0,49
2025-03-22,Masala Chiya,beverage_hot,50,109,5,3,22,1,none,none,0,0.4218,0,49
2025-03-22,Black Tea (Kalo Chiya),beverage_hot,30,40,5,3,22,1,none,none,0,0.4218,0,49
2025-03-22,Americano,beverage_hot,150,49,5,3,22,1,none,none,0,0.4218,0,49
2025-03-22,Cappuccino,beverage_hot,190,65,5,3,22,1,none,none,0,0.4218,0,49
2025-03-22,Cafe Latte,beverage_hot,200,55,5,3,22,1,none,none,0,0.4218,0,49
2025-03-22,Hot Chocolate,beverage_hot,180,30,5,3,22,1,none,none,0,0.4218,0,49
2025-03-22,Cold Coffee,beverage_cold,220,58,5,3,22,1,none,none,0,0.4218,0,49
2025-03-22,Iced Americano,beverage_cold,180,46,5,3,22,1,none,none,0,0.4218,0,49
2025-03-22,Lassi,beverage_cold,120,36,5,3,22,1,none,none,0,0.4218,0,49
2025-03-22,Fresh Lime Soda,beverage_cold,100,39,5,3,22,1,none,none,0,0.4218,0,49
2025-03-22,Veg Momo,food_main,160,67,5,3,22,1,none,none,0,0.4218,0,49
2025-03-22,Buff Momo,food_main,180,89,5,3,22,1,none,none,0,0.4218,0,49
2025-03-22,Chicken Chowmein,food_main,190,59,5,3,22,1,none,none,0,0.4218,0,49
2025-03-22,Veg Thukpa,food_main,170,31,5,3,22,1,none,none,0,0.4218,0,49
2025-03-22,Club Sandwich,food_main,250,28,5,3,22,1,none,none,0,0.4218,0,49
2025-03-22,Chicken Burger,food_main,280,33,5,3,22,1,none,none,0,0.4218,0,49
2025-03-22,French Fries,food_snack,130,54,5,3,22,1,none,none,0,0.4218,0,49
2025-03-22,Samosa,food_snack,40,43,5,3,22,1,none,none,0,0.4218,0,49
2025-03-22,Chocolate Cake Slice,food_bakery,160,23,5,3,22,1,none,none,0,0.4218,0,49
2025-03-22,Croissant,food_bakery,140,16,5,3,22,1,none,none,0,0.4218,0,49
2025-03-23,Milk Tea (Dudh Chiya),beverage_hot,40,112,6,3,23,0,none,none,0,0.4061,0,50
2025-03-23,Masala Chiya,beverage_hot,50,80,6,3,23,0,none,none,0,0.4061,0,50
2025-03-23,Black Tea (Kalo Chiya),beverage_hot,30,30,6,3,23,0,none,none,0,0.4061,0,50
2025-03-23,Americano,beverage_hot,150,45,6,3,23,0,none,none,0,0.4061,0,50
2025-03-23,Cappuccino,beverage_hot,190,53,6,3,23,0,none,none,0,0.4061,0,50
2025-03-23,Cafe Latte,beverage_hot,200,39,6,3,23,0,none,none,0,0.4061,0,50
2025-03-23,Hot Chocolate,beverage_hot,180,17,6,3,23,0,none,none,0,0.4061,0,50
2025-03-23,Cold Coffee,beverage_cold,220,42,6,3,23,0,none,none,0,0.4061,0,50
2025-03-23,Iced Americano,beverage_cold,180,33,6,3,23,0,none,none,0,0.4061,0,50
2025-03-23,Lassi,beverage_cold,120,31,6,3,23,0,none,none,0,0.4061,0,50
2025-03-23,Fresh Lime Soda,beverage_cold,100,23,6,3,23,0,none,none,0,0.4061,0,50
2025-03-23,Veg Momo,food_main,160,51,6,3,23,0,none,none,0,0.4061,0,50
2025-03-23,Buff Momo,food_main,180,59,6,3,23,0,none,none,0,0.4061,0,50
2025-03-23,Chicken Chowmein,food_main,190,40,6,3,23,0,none,none,0,0.4061,0,50
2025-03-23,Veg Thukpa,food_main,170,17,6,3,23,0,none,none,0,0.4061,0,50
2025-03-23,Club Sandwich,food_main,250,30,6,3,23,0,none,none,0,0.4061,0,50
2025-03-23,Chicken Burger,food_main,280,23,6,3,23,0,none,none,0,0.4061,0,50
2025-03-23,French Fries,food_snack,130,35,6,3,23,0,none,none,0,0.4061,0,50
2025-03-23,Samosa,food_snack,40,31,6,3,23,0,none,none,0,0.4061,0,50
2025-03-23,Chocolate Cake Slice,food_bakery,160,13,6,3,23,0,none,none,0,0.4061,0,50
2025-03-23,Croissant,food_bakery,140,10,6,3,23,0,none,none,0,0.4061,0,50
2025-03-24,Milk Tea (Dudh Chiya),beverage_hot,40,143,0,3,24,0,none,none,0,0.3904,0,51
2025-03-24,Masala Chiya,beverage_hot,50,84,0,3,24,0,none,none,0,0.3904,0,51
2025-03-24,Black Tea (Kalo Chiya),beverage_hot,30,38,0,3,24,0,none,none,0,0.3904,0,51
2025-03-24,Americano,beverage_hot,150,37,0,3,24,0,none,none,0,0.3904,0,51
2025-03-24,Cappuccino,beverage_hot,190,48,0,3,24,0,none,none,0,0.3904,0,51
2025-03-24,Cafe Latte,beverage_hot,200,38,0,3,24,0,none,none,0,0.3904,0,51
2025-03-24,Hot Chocolate,beverage_hot,180,30,0,3,24,0,none,none,0,0.3904,0,51
2025-03-24,Cold Coffee,beverage_cold,220,37,0,3,24,0,none,none,0,0.3904,0,51
2025-03-24,Iced Americano,beverage_cold,180,39,0,3,24,0,none,none,0,0.3904,0,51
2025-03-24,Lassi,beverage_cold,120,41,0,3,24,0,none,none,0,0.3904,0,51
2025-03-24,Fresh Lime Soda,beverage_cold,100,44,0,3,24,0,none,none,0,0.3904,0,51
2025-03-24,Veg Momo,food_main,160,41,0,3,24,0,none,none,0,0.3904,0,51
2025-03-24,Buff Momo,food_main,180,62,0,3,24,0,none,none,0,0.3904,0,51
2025-03-24,Chicken Chowmein,food_main,190,42,0,3,24,0,none,none,0,0.3904,0,51
2025-03-24,Veg Thukpa,food_main,170,24,0,3,24,0,none,none,0,0.3904,0,51
2025-03-24,Club Sandwich,food_main,250,20,0,3,24,0,none,none,0,0.3904,0,51
2025-03-24,Chicken Burger,food_main,280,22,0,3,24,0,none,none,0,0.3904,0,51
2025-03-24,French Fries,food_snack,130,26,0,3,24,0,none,none,0,0.3904,0,51
2025-03-24,Samosa,food_snack,40,33,0,3,24,0,none,none,0,0.3904,0,51
2025-03-24,Chocolate Cake Slice,food_bakery,160,13,0,3,24,0,none,none,0,0.3904,0,51
2025-03-24,Croissant,food_bakery,140,11,0,3,24,0,none,none,0,0.3904,0,51
2025-03-25,Milk Tea (Dudh Chiya),beverage_hot,40,116,1,3,25,0,none,none,0,0.3745,0,52
2025-03-25,Masala Chiya,beverage_hot,50,82,1,3,25,0,none,none,0,0.3745,0,52
2025-03-25,Black Tea (Kalo Chiya),beverage_hot,30,37,1,3,25,0,none,none,0,0.3745,0,52
2025-03-25,Americano,beverage_hot,150,40,1,3,25,0,none,none,0,0.3745,0,52
2025-03-25,Cappuccino,beverage_hot,190,39,1,3,25,0,none,none,0,0.3745,0,52
2025-03-25,Cafe Latte,beverage_hot,200,58,1,3,25,0,none,none,0,0.3745,0,52
2025-03-25,Hot Chocolate,beverage_hot,180,28,1,3,25,0,none,none,0,0.3745,0,52
2025-03-25,Cold Coffee,beverage_cold,220,34,1,3,25,0,none,none,0,0.3745,0,52
2025-03-25,Iced Americano,beverage_cold,180,34,1,3,25,0,none,none,0,0.3745,0,52
2025-03-25,Lassi,beverage_cold,120,23,1,3,25,0,none,none,0,0.3745,0,52
2025-03-25,Fresh Lime Soda,beverage_cold,100,42,1,3,25,0,none,none,0,0.3745,0,52
2025-03-25,Veg Momo,food_main,160,51,1,3,25,0,none,none,0,0.3745,0,52
2025-03-25,Buff Momo,food_main,180,59,1,3,25,0,none,none,0,0.3745,0,52
2025-03-25,Chicken Chowmein,food_main,190,35,1,3,25,0,none,none,0,0.3745,0,52
2025-03-25,Veg Thukpa,food_main,170,26,1,3,25,0,none,none,0,0.3745,0,52
2025-03-25,Club Sandwich,food_main,250,23,1,3,25,0,none,none,0,0.3745,0,52
2025-03-25,Chicken Burger,food_main,280,32,1,3,25,0,none,none,0,0.3745,0,52
2025-03-25,French Fries,food_snack,130,32,1,3,25,0,none,none,0,0.3745,0,52
2025-03-25,Samosa,food_snack,40,30,1,3,25,0,none,none,0,0.3745,0,52
2025-03-25,Chocolate Cake Slice,food_bakery,160,24,1,3,25,0,none,none,0,0.3745,0,52
2025-03-25,Croissant,food_bakery,140,11,1,3,25,0,none,none,0,0.3745,0,52
2025-03-26,Milk Tea (Dudh Chiya),beverage_hot,40,158,2,3,26,0,none,none,0,0.3585,0,53
2025-03-26,Masala Chiya,beverage_hot,50,83,2,3,26,0,none,none,0,0.3585,0,53
2025-03-26,Black Tea (Kalo Chiya),beverage_hot,30,32,2,3,26,0,none,none,0,0.3585,0,53
2025-03-26,Americano,beverage_hot,150,45,2,3,26,0,none,none,0,0.3585,0,53
2025-03-26,Cappuccino,beverage_hot,190,40,2,3,26,0,none,none,0,0.3585,0,53
2025-03-26,Cafe Latte,beverage_hot,200,48,2,3,26,0,none,none,0,0.3585,0,53
2025-03-26,Hot Chocolate,beverage_hot,180,26,2,3,26,0,none,none,0,0.3585,0,53
2025-03-26,Cold Coffee,beverage_cold,220,43,2,3,26,0,none,none,0,0.3585,0,53
2025-03-26,Iced Americano,beverage_cold,180,37,2,3,26,0,none,none,0,0.3585,0,53
2025-03-26,Lassi,beverage_cold,120,43,2,3,26,0,none,none,0,0.3585,0,53
2025-03-26,Fresh Lime Soda,beverage_cold,100,32,2,3,26,0,none,none,0,0.3585,0,53
2025-03-26,Veg Momo,food_main,160,54,2,3,26,0,none,none,0,0.3585,0,53
2025-03-26,Buff Momo,food_main,180,71,2,3,26,0,none,none,0,0.3585,0,53
2025-03-26,Chicken Chowmein,food_main,190,37,2,3,26,0,none,none,0,0.3585,0,53
2025-03-26,Veg Thukpa,food_main,170,23,2,3,26,0,none,none,0,0.3585,0,53
2025-03-26,Club Sandwich,food_main,250,34,2,3,26,0,none,none,0,0.3585,0,53
2025-03-26,Chicken Burger,food_main,280,26,2,3,26,0,none,none,0,0.3585,0,53
2025-03-26,French Fries,food_snack,130,51,2,3,26,0,none,none,0,0.3585,0,53
2025-03-26,Samosa,food_snack,40,33,2,3,26,0,none,none,0,0.3585,0,53
2025-03-26,Chocolate Cake Slice,food_bakery,160,14,2,3,26,0,none,none,0,0.3585,0,53
2025-03-26,Croissant,food_bakery,140,13,2,3,26,0,none,none,0,0.3585,0,53
2025-03-27,Milk Tea (Dudh Chiya),beverage_hot,40,138,3,3,27,0,none,none,0,0.3424,0,54
2025-03-27,Masala Chiya,beverage_hot,50,91,3,3,27,0,none,none,0,0.3424,0,54
2025-03-27,Black Tea (Kalo Chiya),beverage_hot,30,42,3,3,27,0,none,none,0,0.3424,0,54
2025-03-27,Americano,beverage_hot,150,35,3,3,27,0,none,none,0,0.3424,0,54
2025-03-27,Cappuccino,beverage_hot,190,57,3,3,27,0,none,none,0,0.3424,0,54
2025-03-27,Cafe Latte,beverage_hot,200,48,3,3,27,0,none,none,0,0.3424,0,54
2025-03-27,Hot Chocolate,beverage_hot,180,24,3,3,27,0,none,none,0,0.3424,0,54
2025-03-27,Cold Coffee,beverage_cold,220,47,3,3,27,0,none,none,0,0.3424,0,54
2025-03-27,Iced Americano,beverage_cold,180,41,3,3,27,0,none,none,0,0.3424,0,54
2025-03-27,Lassi,beverage_cold,120,24,3,3,27,0,none,none,0,0.3424,0,54
2025-03-27,Fresh Lime Soda,beverage_cold,100,43,3,3,27,0,none,none,0,0.3424,0,54
2025-03-27,Veg Momo,food_main,160,50,3,3,27,0,none,none,0,0.3424,0,54
2025-03-27,Buff Momo,food_main,180,67,3,3,27,0,none,none,0,0.3424,0,54
2025-03-27,Chicken Chowmein,food_main,190,49,3,3,27,0,none,none,0,0.3424,0,54
2025-03-27,Veg Thukpa,food_main,170,28,3,3,27,0,none,none,0,0.3424,0,54
2025-03-27,Club Sandwich,food_main,250,27,3,3,27,0,none,none,0,0.3424,0,54
2025-03-27,Chicken Burger,food_main,280,29,3,3,27,0,none,none,0,0.3424,0,54
2025-03-27,French Fries,food_snack,130,39,3,3,27,0,none,none,0,0.3424,0,54
2025-03-27,Samosa,food_snack,40,35,3,3,27,0,none,none,0,0.3424,0,54
2025-03-27,Chocolate Cake Slice,food_bakery,160,22,3,3,27,0,none,none,0,0.3424,0,54
2025-03-27,Croissant,food_bakery,140,24,3,3,27,0,none,none,0,0.3424,0,54
2025-03-28,Milk Tea (Dudh Chiya),beverage_hot,40,132,4,3,28,0,none,none,0,0.3261,0,55
2025-03-28,Masala Chiya,beverage_hot,50,92,4,3,28,0,none,none,0,0.3261,0,55
2025-03-28,Black Tea (Kalo Chiya),beverage_hot,30,36,4,3,28,0,none,none,0,0.3261,0,55
2025-03-28,Americano,beverage_hot,150,43,4,3,28,0,none,none,0,0.3261,0,55
2025-03-28,Cappuccino,beverage_hot,190,38,4,3,28,0,none,none,0,0.3261,0,55
2025-03-28,Cafe Latte,beverage_hot,200,35,4,3,28,0,none,none,0,0.3261,0,55
2025-03-28,Hot Chocolate,beverage_hot,180,34,4,3,28,0,none,none,0,0.3261,0,55
2025-03-28,Cold Coffee,beverage_cold,220,45,4,3,28,0,none,none,0,0.3261,0,55
2025-03-28,Iced Americano,beverage_cold,180,34,4,3,28,0,none,none,0,0.3261,0,55
2025-03-28,Lassi,beverage_cold,120,33,4,3,28,0,none,none,0,0.3261,0,55
2025-03-28,Fresh Lime Soda,beverage_cold,100,42,4,3,28,0,none,none,0,0.3261,0,55
2025-03-28,Veg Momo,food_main,160,70,4,3,28,0,none,none,0,0.3261,0,55
2025-03-28,Buff Momo,food_main,180,76,4,3,28,0,none,none,0,0.3261,0,55
2025-03-28,Chicken Chowmein,food_main,190,47,4,3,28,0,none,none,0,0.3261,0,55
2025-03-28,Veg Thukpa,food_main,170,32,4,3,28,0,none,none,0,0.3261,0,55
2025-03-28,Club Sandwich,food_main,250,27,4,3,28,0,none,none,0,0.3261,0,55
2025-03-28,Chicken Burger,food_main,280,24,4,3,28,0,none,none,0,0.3261,0,55
2025-03-28,French Fries,food_snack,130,46,4,3,28,0,none,none,0,0.3261,0,55
2025-03-28,Samosa,food_snack,40,32,4,3,28,0,none,none,0,0.3261,0,55
2025-03-28,Chocolate Cake Slice,food_bakery,160,18,4,3,28,0,none,none,0,0.3261,0,55
2025-03-28,Croissant,food_bakery,140,19,4,3,28,0,none,none,0,0.3261,0,55
2025-03-29,Milk Tea (Dudh Chiya),beverage_hot,40,202,5,3,29,1,none,none,0,0.3098,0,56
2025-03-29,Masala Chiya,beverage_hot,50,119,5,3,29,1,none,none,0,0.3098,0,56
2025-03-29,Black Tea (Kalo Chiya),beverage_hot,30,53,5,3,29,1,none,none,0,0.3098,0,56
2025-03-29,Americano,beverage_hot,150,44,5,3,29,1,none,none,0,0.3098,0,56
2025-03-29,Cappuccino,beverage_hot,190,76,5,3,29,1,none,none,0,0.3098,0,56
2025-03-29,Cafe Latte,beverage_hot,200,62,5,3,29,1,none,none,0,0.3098,0,56
2025-03-29,Hot Chocolate,beverage_hot,180,41,5,3,29,1,none,none,0,0.3098,0,56
2025-03-29,Cold Coffee,beverage_cold,220,65,5,3,29,1,none,none,0,0.3098,0,56
2025-03-29,Iced Americano,beverage_cold,180,59,5,3,29,1,none,none,0,0.3098,0,56
2025-03-29,Lassi,beverage_cold,120,49,5,3,29,1,none,none,0,0.3098,0,56
2025-03-29,Fresh Lime Soda,beverage_cold,100,46,5,3,29,1,none,none,0,0.3098,0,56
2025-03-29,Veg Momo,food_main,160,103,5,3,29,1,none,none,0,0.3098,0,56
2025-03-29,Buff Momo,food_main,180,108,5,3,29,1,none,none,0,0.3098,0,56
2025-03-29,Chicken Chowmein,food_main,190,66,5,3,29,1,none,none,0,0.3098,0,56
2025-03-29,Veg Thukpa,food_main,170,39,5,3,29,1,none,none,0,0.3098,0,56
2025-03-29,Club Sandwich,food_main,250,46,5,3,29,1,none,none,0,0.3098,0,56
2025-03-29,Chicken Burger,food_main,280,39,5,3,29,1,none,none,0,0.3098,0,56
2025-03-29,French Fries,food_snack,130,51,5,3,29,1,none,none,0,0.3098,0,56
2025-03-29,Samosa,food_snack,40,47,5,3,29,1,none,none,0,0.3098,0,56
2025-03-29,Chocolate Cake Slice,food_bakery,160,26,5,3,29,1,none,none,0,0.3098,0,56
2025-03-29,Croissant,food_bakery,140,15,5,3,29,1,none,none,0,0.3098,0,56
2025-03-30,Milk Tea (Dudh Chiya),beverage_hot,40,129,6,3,30,0,none,none,0,0.2934,0,57
2025-03-30,Masala Chiya,beverage_hot,50,53,6,3,30,0,none,none,0,0.2934,0,57
2025-03-30,Black Tea (Kalo Chiya),beverage_hot,30,41,6,3,30,0,none,none,0,0.2934,0,57
2025-03-30,Americano,beverage_hot,150,31,6,3,30,0,none,none,0,0.2934,0,57
2025-03-30,Cappuccino,beverage_hot,190,38,6,3,30,0,none,none,0,0.2934,0,57
2025-03-30,Cafe Latte,beverage_hot,200,49,6,3,30,0,none,none,0,0.2934,0,57
2025-03-30,Hot Chocolate,beverage_hot,180,24,6,3,30,0,none,none,0,0.2934,0,57
2025-03-30,Cold Coffee,beverage_cold,220,35,6,3,30,0,none,none,0,0.2934,0,57
2025-03-30,Iced Americano,beverage_cold,180,26,6,3,30,0,none,none,0,0.2934,0,57
2025-03-30,Lassi,beverage_cold,120,35,6,3,30,0,none,none,0,0.2934,0,57
2025-03-30,Fresh Lime Soda,beverage_cold,100,32,6,3,30,0,none,none,0,0.2934,0,57
2025-03-30,Veg Momo,food_main,160,52,6,3,30,0,none,none,0,0.2934,0,57
2025-03-30,Buff Momo,food_main,180,56,6,3,30,0,none,none,0,0.2934,0,57
2025-03-30,Chicken Chowmein,food_main,190,40,6,3,30,0,none,none,0,0.2934,0,57
2025-03-30,Veg Thukpa,food_main,170,16,6,3,30,0,none,none,0,0.2934,0,57
2025-03-30,Club Sandwich,food_main,250,20,6,3,30,0,none,none,0,0.2934,0,57
2025-03-30,Chicken Burger,food_main,280,21,6,3,30,0,none,none,0,0.2934,0,57
2025-03-30,French Fries,food_snack,130,37,6,3,30,0,none,none,0,0.2934,0,57
2025-03-30,Samosa,food_snack,40,25,6,3,30,0,none,none,0,0.2934,0,57
2025-03-30,Chocolate Cake Slice,food_bakery,160,24,6,3,30,0,none,none,0,0.2934,0,57
2025-03-30,Croissant,food_bakery,140,12,6,3,30,0,none,none,0,0.2934,0,57
2025-03-31,Milk Tea (Dudh Chiya),beverage_hot,40,119,0,3,31,0,none,none,0,0.2769,0,58
2025-03-31,Masala Chiya,beverage_hot,50,89,0,3,31,0,none,none,0,0.2769,0,58
2025-03-31,Black Tea (Kalo Chiya),beverage_hot,30,45,0,3,31,0,none,none,0,0.2769,0,58
2025-03-31,Americano,beverage_hot,150,37,0,3,31,0,none,none,0,0.2769,0,58
2025-03-31,Cappuccino,beverage_hot,190,32,0,3,31,0,none,none,0,0.2769,0,58
2025-03-31,Cafe Latte,beverage_hot,200,44,0,3,31,0,none,none,0,0.2769,0,58
2025-03-31,Hot Chocolate,beverage_hot,180,24,0,3,31,0,none,none,0,0.2769,0,58
2025-03-31,Cold Coffee,beverage_cold,220,35,0,3,31,0,none,none,0,0.2769,0,58
2025-03-31,Iced Americano,beverage_cold,180,20,0,3,31,0,none,none,0,0.2769,0,58
2025-03-31,Lassi,beverage_cold,120,26,0,3,31,0,none,none,0,0.2769,0,58
2025-03-31,Fresh Lime Soda,beverage_cold,100,32,0,3,31,0,none,none,0,0.2769,0,58
2025-03-31,Veg Momo,food_main,160,55,0,3,31,0,none,none,0,0.2769,0,58
2025-03-31,Buff Momo,food_main,180,53,0,3,31,0,none,none,0,0.2769,0,58
2025-03-31,Chicken Chowmein,food_main,190,46,0,3,31,0,none,none,0,0.2769,0,58
2025-03-31,Veg Thukpa,food_main,170,17,0,3,31,0,none,none,0,0.2769,0,58
2025-03-31,Club Sandwich,food_main,250,21,0,3,31,0,none,none,0,0.2769,0,58
2025-03-31,Chicken Burger,food_main,280,13,0,3,31,0,none,none,0,0.2769,0,58
2025-03-31,French Fries,food_snack,130,31,0,3,31,0,none,none,0,0.2769,0,58
2025-03-31,Samosa,food_snack,40,26,0,3,31,0,none,none,0,0.2769,0,58
2025-03-31,Chocolate Cake Slice,food_bakery,160,16,0,3,31,0,none,none,0,0.2769,0,58
2025-03-31,Croissant,food_bakery,140,6,0,3,31,0,none,none,0,0.2769,0,58
2025-04-01,Milk Tea (Dudh Chiya),beverage_hot,40,121,1,4,1,0,none,none,0,0.2604,0,59
2025-04-01,Masala Chiya,beverage_hot,50,84,1,4,1,0,none,none,0,0.2604,0,59
2025-04-01,Black Tea (Kalo Chiya),beverage_hot,30,37,1,4,1,0,none,none,0,0.2604,0,59
2025-04-01,Americano,beverage_hot,150,41,1,4,1,0,none,none,0,0.2604,0,59
2025-04-01,Cappuccino,beverage_hot,190,54,1,4,1,0,none,none,0,0.2604,0,59
2025-04-01,Cafe Latte,beverage_hot,200,46,1,4,1,0,none,none,0,0.2604,0,59
2025-04-01,Hot Chocolate,beverage_hot,180,25,1,4,1,0,none,none,0,0.2604,0,59
2025-04-01,Cold Coffee,beverage_cold,220,42,1,4,1,0,none,none,0,0.2604,0,59
2025-04-01,Iced Americano,beverage_cold,180,34,1,4,1,0,none,none,0,0.2604,0,59
2025-04-01,Lassi,beverage_cold,120,28,1,4,1,0,none,none,0,0.2604,0,59
2025-04-01,Fresh Lime Soda,beverage_cold,100,38,1,4,1,0,none,none,0,0.2604,0,59
2025-04-01,Veg Momo,food_main,160,56,1,4,1,0,none,none,0,0.2604,0,59
2025-04-01,Buff Momo,food_main,180,45,1,4,1,0,none,none,0,0.2604,0,59
2025-04-01,Chicken Chowmein,food_main,190,34,1,4,1,0,none,none,0,0.2604,0,59
2025-04-01,Veg Thukpa,food_main,170,21,1,4,1,0,none,none,0,0.2604,0,59
2025-04-01,Club Sandwich,food_main,250,34,1,4,1,0,none,none,0,0.2604,0,59
2025-04-01,Chicken Burger,food_main,280,16,1,4,1,0,none,none,0,0.2604,0,59
2025-04-01,French Fries,food_snack,130,31,1,4,1,0,none,none,0,0.2604,0,59
2025-04-01,Samosa,food_snack,40,31,1,4,1,0,none,none,0,0.2604,0,59
2025-04-01,Chocolate Cake Slice,food_bakery,160,10,1,4,1,0,none,none,0,0.2604,0,59
2025-04-01,Croissant,food_bakery,140,17,1,4,1,0,none,none,0,0.2604,0,59
2025-04-02,Milk Tea (Dudh Chiya),beverage_hot,40,112,2,4,2,0,none,none,0,0.2437,0,60
2025-04-02,Masala Chiya,beverage_hot,50,83,2,4,2,0,none,none,0,0.2437,0,60
2025-04-02,Black Tea (Kalo Chiya),beverage_hot,30,41,2,4,2,0,none,none,0,0.2437,0,60
2025-04-02,Americano,beverage_hot,150,40,2,4,2,0,none,none,0,0.2437,0,60
2025-04-02,Cappuccino,beverage_hot,190,38,2,4,2,0,none,none,0,0.2437,0,60
2025-04-02,Cafe Latte,beverage_hot,200,37,2,4,2,0,none,none,0,0.2437,0,60
2025-04-02,Hot Chocolate,beverage_hot,180,16,2,4,2,0,none,none,0,0.2437,0,60
2025-04-02,Cold Coffee,beverage_cold,220,40,2,4,2,0,none,none,0,0.2437,0,60
2025-04-02,Iced Americano,beverage_cold,180,21,2,4,2,0,none,none,0,0.2437,0,60
2025-04-02,Lassi,beverage_cold,120,33,2,4,2,0,none,none,0,0.2437,0,60
2025-04-02,Fresh Lime Soda,beverage_cold,100,33,2,4,2,0,none,none,0,0.2437,0,60
2025-04-02,Veg Momo,food_main,160,53,2,4,2,0,none,none,0,0.2437,0,60
2025-04-02,Buff Momo,food_main,180,49,2,4,2,0,none,none,0,0.2437,0,60
2025-04-02,Chicken Chowmein,food_main,190,41,2,4,2,0,none,none,0,0.2437,0,60
2025-04-02,Veg Thukpa,food_main,170,20,2,4,2,0,none,none,0,0.2437,0,60
2025-04-02,Club Sandwich,food_main,250,22,2,4,2,0,none,none,0,0.2437,0,60
2025-04-02,Chicken Burger,food_main,280,26,2,4,2,0,none,none,0,0.2437,0,60
2025-04-02,French Fries,food_snack,130,33,2,4,2,0,none,none,0,0.2437,0,60
2025-04-02,Samosa,food_snack,40,35,2,4,2,0,none,none,0,0.2437,0,60
2025-04-02,Chocolate Cake Slice,food_bakery,160,16,2,4,2,0,none,none,0,0.2437,0,60
2025-04-02,Croissant,food_bakery,140,12,2,4,2,0,none,none,0,0.2437,0,60
2025-04-03,Milk Tea (Dudh Chiya),beverage_hot,40,154,3,4,3,0,none,none,0,0.227,0,61
2025-04-03,Masala Chiya,beverage_hot,50,90,3,4,3,0,none,none,0,0.227,0,61
2025-04-03,Black Tea (Kalo Chiya),beverage_hot,30,42,3,4,3,0,none,none,0,0.227,0,61
2025-04-03,Americano,beverage_hot,150,33,3,4,3,0,none,none,0,0.227,0,61
2025-04-03,Cappuccino,beverage_hot,190,54,3,4,3,0,none,none,0,0.227,0,61
2025-04-03,Cafe Latte,beverage_hot,200,45,3,4,3,0,none,none,0,0.227,0,61
2025-04-03,Hot Chocolate,beverage_hot,180,26,3,4,3,0,none,none,0,0.227,0,61
2025-04-03,Cold Coffee,beverage_cold,220,59,3,4,3,0,none,none,0,0.227,0,61
2025-04-03,Iced Americano,beverage_cold,180,22,3,4,3,0,none,none,0,0.227,0,61
2025-04-03,Lassi,beverage_cold,120,39,3,4,3,0,none,none,0,0.227,0,61
2025-04-03,Fresh Lime Soda,beverage_cold,100,63,3,4,3,0,none,none,0,0.227,1,61
2025-04-03,Veg Momo,food_main,160,50,3,4,3,0,none,none,0,0.227,0,61
2025-04-03,Buff Momo,food_main,180,78,3,4,3,0,none,none,0,0.227,0,61
2025-04-03,Chicken Chowmein,food_main,190,62,3,4,3,0,none,none,0,0.227,1,61
2025-04-03,Veg Thukpa,food_main,170,24,3,4,3,0,none,none,0,0.227,0,61
2025-04-03,Club Sandwich,food_main,250,30,3,4,3,0,none,none,0,0.227,1,61
2025-04-03,Chicken Burger,food_main,280,26,3,4,3,0,none,none,0,0.227,0,61
2025-04-03,French Fries,food_snack,130,50,3,4,3,0,none,none,0,0.227,1,61
2025-04-03,Samosa,food_snack,40,26,3,4,3,0,none,none,0,0.227,0,61
2025-04-03,Chocolate Cake Slice,food_bakery,160,16,3,4,3,0,none,none,0,0.227,0,61
2025-04-03,Croissant,food_bakery,140,11,3,4,3,0,none,none,0,0.227,0,61
2025-04-04,Milk Tea (Dudh Chiya),beverage_hot,40,162,4,4,4,0,none,none,0,0.2102,0,62
2025-04-04,Masala Chiya,beverage_hot,50,102,4,4,4,0,none,none,0,0.2102,0,62
2025-04-04,Black Tea (Kalo Chiya),beverage_hot,30,47,4,4,4,0,none,none,0,0.2102,0,62
2025-04-04,Americano,beverage_hot,150,43,4,4,4,0,none,none,0,0.2102,0,62
2025-04-04,Cappuccino,beverage_hot,190,69,4,4,4,0,none,none,0,0.2102,0,62
2025-04-04,Cafe Latte,beverage_hot,200,51,4,4,4,0,none,none,0,0.2102,0,62
2025-04-04,Hot Chocolate,beverage_hot,180,20,4,4,4,0,none,none,0,0.2102,0,62
2025-04-04,Cold Coffee,beverage_cold,220,50,4,4,4,0,none,none,0,0.2102,0,62
2025-04-04,Iced Americano,beverage_cold,180,38,4,4,4,0,none,none,0,0.2102,0,62
2025-04-04,Lassi,beverage_cold,120,44,4,4,4,0,none,none,0,0.2102,0,62
2025-04-04,Fresh Lime Soda,beverage_cold,100,53,4,4,4,0,none,none,0,0.2102,1,62
2025-04-04,Veg Momo,food_main,160,72,4,4,4,0,none,none,0,0.2102,0,62
2025-04-04,Buff Momo,food_main,180,84,4,4,4,0,none,none,0,0.2102,0,62
2025-04-04,Chicken Chowmein,food_main,190,66,4,4,4,0,none,none,0,0.2102,1,62
2025-04-04,Veg Thukpa,food_main,170,37,4,4,4,0,none,none,0,0.2102,0,62
2025-04-04,Club Sandwich,food_main,250,31,4,4,4,0,none,none,0,0.2102,1,62
2025-04-04,Chicken Burger,food_main,280,26,4,4,4,0,none,none,0,0.2102,0,62
2025-04-04,French Fries,food_snack,130,68,4,4,4,0,none,none,0,0.2102,1,62
2025-04-04,Samosa,food_snack,40,27,4,4,4,0,none,none,0,0.2102,0,62
2025-04-04,Chocolate Cake Slice,food_bakery,160,18,4,4,4,0,none,none,0,0.2102,0,62
2025-04-04,Croissant,food_bakery,140,20,4,4,4,0,none,none,0,0.2102,0,62
2025-04-05,Milk Tea (Dudh Chiya),beverage_hot,40,206,5,4,5,1,none,none,0,0.1934,0,63
2025-04-05,Masala Chiya,beverage_hot,50,137,5,4,5,1,none,none,0,0.1934,0,63
2025-04-05,Black Tea (Kalo Chiya),beverage_hot,30,55,5,4,5,1,none,none,0,0.1934,0,63
2025-04-05,Americano,beverage_hot,150,57,5,4,5,1,none,none,0,0.1934,0,63
2025-04-05,Cappuccino,beverage_hot,190,59,5,4,5,1,none,none,0,0.1934,0,63
2025-04-05,Cafe Latte,beverage_hot,200,52,5,4,5,1,none,none,0,0.1934,0,63
2025-04-05,Hot Chocolate,beverage_hot,180,33,5,4,5,1,none,none,0,0.1934,0,63
2025-04-05,Cold Coffee,beverage_cold,220,63,5,4,5,1,none,none,0,0.1934,0,63
2025-04-05,Iced Americano,beverage_cold,180,47,5,4,5,1,none,none,0,0.1934,0,63
2025-04-05,Lassi,beverage_cold,120,34,5,4,5,1,none,none,0,0.1934,0,63
2025-04-05,Fresh Lime Soda,beverage_cold,100,68,5,4,5,1,none,none,0,0.1934,1,63
2025-04-05,Veg Momo,food_main,160,105,5,4,5,1,none,none,0,0.1934,0,63
2025-04-05,Buff Momo,food_main,180,94,5,4,5,1,none,none,0,0.1934,0,63
2025-04-05,Chicken Chowmein,food_main,190,81,5,4,5,1,none,none,0,0.1934,1,63
2025-04-05,Veg Thukpa,food_main,170,27,5,4,5,1,none,none,0,0.1934,0,63
2025-04-05,Club Sandwich,food_main,250,37,5,4,5,1,none,none,0,0.1934,1,63
2025-04-05,Chicken Burger,food_main,280,26,5,4,5,1,none,none,0,0.1934,0,63
2025-04-05,French Fries,food_snack,130,71,5,4,5,1,none,none,0,0.1934,1,63
2025-04-05,Samosa,food_snack,40,60,5,4,5,1,none,none,0,0.1934,0,63
2025-04-05,Chocolate Cake Slice,food_bakery,160,23,5,4,5,1,none,none,0,0.1934,0,63
2025-04-05,Croissant,food_bakery,140,11,5,4,5,1,none,none,0,0.1934,0,63
2025-04-06,Milk Tea (Dudh Chiya),beverage_hot,40,138,6,4,6,0,none,none,0,0.1765,0,64
2025-04-06,Masala Chiya,beverage_hot,50,87,6,4,6,0,none,none,0,0.1765,0,64
2025-04-06,Black Tea (Kalo Chiya),beverage_hot,30,37,6,4,6,0,none,none,0,0.1765,0,64
2025-04-06,Americano,beverage_hot,150,38,6,4,6,0,none,none,0,0.1765,0,64
2025-04-06,Cappuccino,beverage_hot,190,45,6,4,6,0,none,none,0,0.1765,0,64
2025-04-06,Cafe Latte,beverage_hot,200,45,6,4,6,0,none,none,0,0.1765,0,64
2025-04-06,Hot Chocolate,beverage_hot,180,20,6,4,6,0,none,none,0,0.1765,0,64
2025-04-06,Cold Coffee,beverage_cold,220,44,6,4,6,0,none,none,0,0.1765,0,64
2025-04-06,Iced Americano,beverage_cold,180,36,6,4,6,0,none,none,0,0.1765,0,64
2025-04-06,Lassi,beverage_cold,120,33,6,4,6,0,none,none,0,0.1765,0,64
2025-04-06,Fresh Lime Soda,beverage_cold,100,44,6,4,6,0,none,none,0,0.1765,1,64
2025-04-06,Veg Momo,food_main,160,67,6,4,6,0,none,none,0,0.1765,0,64
2025-04-06,Buff Momo,food_main,180,77,6,4,6,0,none,none,0,0.1765,0,64
2025-04-06,Chicken Chowmein,food_main,190,52,6,4,6,0,none,none,0,0.1765,1,64
2025-04-06,Veg Thukpa,food_main,170,26,6,4,6,0,none,none,0,0.1765,0,64
2025-04-06,Club Sandwich,food_main,250,37,6,4,6,0,none,none,0,0.1765,1,64
2025-04-06,Chicken Burger,food_main,280,17,6,4,6,0,none,none,0,0.1765,0,64
2025-04-06,French Fries,food_snack,130,51,6,4,6,0,none,none,0,0.1765,1,64
2025-04-06,Samosa,food_snack,40,35,6,4,6,0,none,none,0,0.1765,0,64
2025-04-06,Chocolate Cake Slice,food_bakery,160,10,6,4,6,0,none,none,0,0.1765,0,64
2025-04-06,Croissant,food_bakery,140,10,6,4,6,0,none,none,0,0.1765,0,64
2025-04-07,Milk Tea (Dudh Chiya),beverage_hot,40,123,0,4,7,0,none,none,0,0.1595,0,65
2025-04-07,Masala Chiya,beverage_hot,50,89,0,4,7,0,none,none,0,0.1595,0,65
2025-04-07,Black Tea (Kalo Chiya),beverage_hot,30,33,0,4,7,0,none,none,0,0.1595,0,65
2025-04-07,Americano,beverage_hot,150,36,0,4,7,0,none,none,0,0.1595,0,65
2025-04-07,Cappuccino,beverage_hot,190,43,0,4,7,0,none,none,0,0.1595,0,65
2025-04-07,Cafe Latte,beverage_hot,200,34,0,4,7,0,none,none,0,0.1595,0,65
2025-04-07,Hot Chocolate,beverage_hot,180,22,0,4,7,0,none,none,0,0.1595,0,65
2025-04-07,Cold Coffee,beverage_cold,220,46,0,4,7,0,none,none,0,0.1595,0,65
2025-04-07,Iced Americano,beverage_cold,180,41,0,4,7,0,none,none,0,0.1595,0,65
2025-04-07,Lassi,beverage_cold,120,34,0,4,7,0,none,none,0,0.1595,0,65
2025-04-07,Fresh Lime Soda,beverage_cold,100,47,0,4,7,0,none,none,0,0.1595,1,65
2025-04-07,Veg Momo,food_main,160,64,0,4,7,0,none,none,0,0.1595,0,65
2025-04-07,Buff Momo,food_main,180,68,0,4,7,0,none,none,0,0.1595,0,65
2025-04-07,Chicken Chowmein,food_main,190,53,0,4,7,0,none,none,0,0.1595,1,65
2025-04-07,Veg Thukpa,food_main,170,20,0,4,7,0,none,none,0,0.1595,0,65
2025-04-07,Club Sandwich,food_main,250,27,0,4,7,0,none,none,0,0.1595,1,65
2025-04-07,Chicken Burger,food_main,280,12,0,4,7,0,none,none,0,0.1595,0,65
2025-04-07,French Fries,food_snack,130,52,0,4,7,0,none,none,0,0.1595,1,65
2025-04-07,Samosa,food_snack,40,31,0,4,7,0,none,none,0,0.1595,0,65
2025-04-07,Chocolate Cake Slice,food_bakery,160,17,0,4,7,0,none,none,0,0.1595,0,65
2025-04-07,Croissant,food_bakery,140,10,0,4,7,0,none,none,0,0.1595,0,65
2025-04-08,Milk Tea (Dudh Chiya),beverage_hot,40,138,1,4,8,0,none,none,0,0.1425,0,66
2025-04-08,Masala Chiya,beverage_hot,50,90,1,4,8,0,none,none,0,0.1425,0,66
2025-04-08,Black Tea (Kalo Chiya),beverage_hot,30,38,1,4,8,0,none,none,0,0.1425,0,66
2025-04-08,Americano,beverage_hot,150,29,1,4,8,0,none,none,0,0.1425,0,66
2025-04-08,Cappuccino,beverage_hot,190,46,1,4,8,0,none,none,0,0.1425,0,66
2025-04-08,Cafe Latte,beverage_hot,200,40,1,4,8,0,none,none,0,0.1425,0,66
2025-04-08,Hot Chocolate,beverage_hot,180,19,1,4,8,0,none,none,0,0.1425,0,66
2025-04-08,Cold Coffee,beverage_cold,220,40,1,4,8,0,none,none,0,0.1425,0,66
2025-04-08,Iced Americano,beverage_cold,180,23,1,4,8,0,none,none,0,0.1425,0,66
2025-04-08,Lassi,beverage_cold,120,23,1,4,8,0,none,none,0,0.1425,0,66
2025-04-08,Fresh Lime Soda,beverage_cold,100,35,1,4,8,0,none,none,0,0.1425,1,66
2025-04-08,Veg Momo,food_main,160,50,1,4,8,0,none,none,0,0.1425,0,66
2025-04-08,Buff Momo,food_main,180,59,1,4,8,0,none,none,0,0.1425,0,66
2025-04-08,Chicken Chowmein,food_main,190,53,1,4,8,0,none,none,0,0.1425,1,66
2025-04-08,Veg Thukpa,food_main,170,22,1,4,8,0,none,none,0,0.1425,0,66
2025-04-08,Club Sandwich,food_main,250,30,1,4,8,0,none,none,0,0.1425,1,66
2025-04-08,Chicken Burger,food_main,280,21,1,4,8,0,none,none,0,0.1425,0,66
2025-04-08,French Fries,food_snack,130,48,1,4,8,0,none,none,0,0.1425,1,66
2025-04-08,Samosa,food_snack,40,45,1,4,8,0,none,none,0,0.1425,0,66
2025-04-08,Chocolate Cake Slice,food_bakery,160,15,1,4,8,0,none,none,0,0.1425,0,66
2025-04-08,Croissant,food_bakery,140,11,1,4,8,0,none,none,0,0.1425,0,66
2025-04-09,Milk Tea (Dudh Chiya),beverage_hot,40,134,2,4,9,0,none,none,0,0.1255,0,67
2025-04-09,Masala Chiya,beverage_hot,50,103,2,4,9,0,none,none,0,0.1255,0,67
2025-04-09,Black Tea (Kalo Chiya),beverage_hot,30,29,2,4,9,0,none,none,0,0.1255,0,67
2025-04-09,Americano,beverage_hot,150,44,2,4,9,0,none,none,0,0.1255,0,67
2025-04-09,Cappuccino,beverage_hot,190,46,2,4,9,0,none,none,0,0.1255,0,67
2025-04-09,Cafe Latte,beverage_hot,200,38,2,4,9,0,none,none,0,0.1255,0,67
2025-04-09,Hot Chocolate,beverage_hot,180,29,2,4,9,0,none,none,0,0.1255,0,67
2025-04-09,Cold Coffee,beverage_cold,220,50,2,4,9,0,none,none,0,0.1255,0,67
2025-04-09,Iced Americano,beverage_cold,180,34,2,4,9,0,none,none,0,0.1255,0,67
2025-04-09,Lassi,beverage_cold,120,31,2,4,9,0,none,none,0,0.1255,0,67
2025-04-09,Fresh Lime Soda,beverage_cold,100,48,2,4,9,0,none,none,0,0.1255,1,67
2025-04-09,Veg Momo,food_main,160,62,2,4,9,0,none,none,0,0.1255,0,67
2025-04-09,Buff Momo,food_main,180,57,2,4,9,0,none,none,0,0.1255,0,67
2025-04-09,Chicken Chowmein,food_main,190,49,2,4,9,0,none,none,0,0.1255,1,67
2025-04-09,Veg Thukpa,food_main,170,26,2,4,9,0,none,none,0,0.1255,0,67
2025-04-09,Club Sandwich,food_main,250,25,2,4,9,0,none,none,0,0.1255,1,67
2025-04-09,Chicken Burger,food_main,280,26,2,4,9,0,none,none,0,0.1255,0,67
2025-04-09,French Fries,food_snack,130,42,2,4,9,0,none,none,0,0.1255,1,67
2025-04-09,Samosa,food_snack,40,43,2,4,9,0,none,none,0,0.1255,0,67
2025-04-09,Chocolate Cake Slice,food_bakery,160,12,2,4,9,0,none,none,0,0.1255,0,67
2025-04-09,Croissant,food_bakery,140,8,2,4,9,0,none,none,0,0.1255,0,67
2025-04-10,Milk Tea (Dudh Chiya),beverage_hot,40,142,3,4,10,0,none,none,0,0.1084,0,68
2025-04-10,Masala Chiya,beverage_hot,50,93,3,4,10,0,none,none,0,0.1084,0,68
2025-04-10,Black Tea (Kalo Chiya),beverage_hot,30,53,3,4,10,0,none,none,0,0.1084,0,68
2025-04-10,Americano,beverage_hot,150,55,3,4,10,0,none,none,0,0.1084,0,68
2025-04-10,Cappuccino,beverage_hot,190,60,3,4,10,0,none,none,0,0.1084,0,68
2025-04-10,Cafe Latte,beverage_hot,200,61,3,4,10,0,none,none,0,0.1084,0,68
2025-04-10,Hot Chocolate,beverage_hot,180,20,3,4,10,0,none,none,0,0.1084,0,68
2025-04-10,Cold Coffee,beverage_cold,220,54,3,4,10,0,none,none,0,0.1084,0,68
2025-04-10,Iced Americano,beverage_cold,180,27,3,4,10,0,none,none,0,0.1084,0,68
2025-04-10,Lassi,beverage_cold,120,43,3,4,10,0,none,none,0,0.1084,0,68
2025-04-10,Fresh Lime Soda,beverage_cold,100,61,3,4,10,0,none,none,0,0.1084,1,68
2025-04-10,Veg Momo,food_main,160,58,3,4,10,0,none,none,0,0.1084,0,68
2025-04-10,Buff Momo,food_main,180,60,3,4,10,0,none,none,0,0.1084,0,68
2025-04-10,Chicken Chowmein,food_main,190,54,3,4,10,0,none,none,0,0.1084,1,68
2025-04-10,Veg Thukpa,food_main,170,19,3,4,10,0,none,none,0,0.1084,0,68
2025-04-10,Club Sandwich,food_main,250,35,3,4,10,0,none,none,0,0.1084,1,68
2025-04-10,Chicken Burger,food_main,280,36,3,4,10,0,none,none,0,0.1084,0,68
2025-04-10,French Fries,food_snack,130,59,3,4,10,0,none,none,0,0.1084,1,68
2025-04-10,Samosa,food_snack,40,46,3,4,10,0,none,none,0,0.1084,0,68
2025-04-10,Chocolate Cake Slice,food_bakery,160,11,3,4,10,0,none,none,0,0.1084,0,68
2025-04-10,Croissant,food_bakery,140,15,3,4,10,0,none,none,0,0.1084,0,68
2025-04-11,Milk Tea (Dudh Chiya),beverage_hot,40,172,4,4,11,0,none,none,0,0.0913,0,69
2025-04-11,Masala Chiya,beverage_hot,50,101,4,4,11,0,none,none,0,0.0913,0,69
2025-04-11,Black Tea (Kalo Chiya),beverage_hot,30,46,4,4,11,0,none,none,0,0.0913,0,69
2025-04-11,Americano,beverage_hot,150,54,4,4,11,0,none,none,0,0.0913,0,69
2025-04-11,Cappuccino,beverage_hot,190,60,4,4,11,0,none,none,0,0.0913,0,69
2025-04-11,Cafe Latte,beverage_hot,200,63,4,4,11,0,none,none,0,0.0913,0,69
2025-04-11,Hot Chocolate,beverage_hot,180,31,4,4,11,0,none,none,0,0.0913,0,69
2025-04-11,Cold Coffee,beverage_cold,220,60,4,4,11,0,none,none,0,0.0913,0,69
2025-04-11,Iced Americano,beverage_cold,180,41,4,4,11,0,none,none,0,0.0913,0,69
2025-04-11,Lassi,beverage_cold,120,39,4,4,11,0,none,none,0,0.0913,0,69
2025-04-11,Fresh Lime Soda,beverage_cold,100,59,4,4,11,0,none,none,0,0.0913,1,69
2025-04-11,Veg Momo,food_main,160,73,4,4,11,0,none,none,0,0.0913,0,69
2025-04-11,Buff Momo,food_main,180,85,4,4,11,0,none,none,0,0.0913,0,69
2025-04-11,Chicken Chowmein,food_main,190,57,4,4,11,0,none,none,0,0.0913,1,69
2025-04-11,Veg Thukpa,food_main,170,34,4,4,11,0,none,none,0,0.0913,0,69
2025-04-11,Club Sandwich,food_main,250,39,4,4,11,0,none,none,0,0.0913,1,69
2025-04-11,Chicken Burger,food_main,280,30,4,4,11,0,none,none,0,0.0913,0,69
2025-04-11,French Fries,food_snack,130,65,4,4,11,0,none,none,0,0.0913,1,69
2025-04-11,Samosa,food_snack,40,38,4,4,11,0,none,none,0,0.0913,0,69
2025-04-11,Chocolate Cake Slice,food_bakery,160,22,4,4,11,0,none,none,0,0.0913,0,69
2025-04-11,Croissant,food_bakery,140,18,4,4,11,0,none,none,0,0.0913,0,69
2025-04-12,Milk Tea (Dudh Chiya),beverage_hot,40,186,5,4,12,1,none,none,0,0.0741,0,70
2025-04-12,Masala Chiya,beverage_hot,50,114,5,4,12,1,none,none,0,0.0741,0,70
2025-04-12,Black Tea (Kalo Chiya),beverage_hot,30,70,5,4,12,1,none,none,0,0.0741,0,70
2025-04-12,Americano,beverage_hot,150,74,5,4,12,1,none,none,0,0.0741,0,70
2025-04-12,Cappuccino,beverage_hot,190,76,5,4,12,1,none,none,0,0.0741,0,70
2025-04-12,Cafe Latte,beverage_hot,200,49,5,4,12,1,none,none,0,0.0741,0,70
2025-04-12,Hot Chocolate,beverage_hot,180,33,5,4,12,1,none,none,0,0.0741,0,70
2025-04-12,Cold Coffee,beverage_cold,220,59,5,4,12,1,none,none,0,0.0741,0,70
2025-04-12,Iced Americano,beverage_cold,180,38,5,4,12,1,none,none,0,0.0741,0,70
2025-04-12,Lassi,beverage_cold,120,42,5,4,12,1,none,none,0,0.0741,0,70
2025-04-12,Fresh Lime Soda,beverage_cold,100,65,5,4,12,1,none,none,0,0.0741,1,70
2025-04-12,Veg Momo,food_main,160,78,5,4,12,1,none,none,0,0.0741,0,70
2025-04-12,Buff Momo,food_main,180,86,5,4,12,1,none,none,0,0.0741,0,70
2025-04-12,Chicken Chowmein,food_main,190,57,5,4,12,1,none,none,0,0.0741,1,70
2025-04-12,Veg Thukpa,food_main,170,25,5,4,12,1,none,none,0,0.0741,0,70
2025-04-12,Club Sandwich,food_main,250,40,5,4,12,1,none,none,0,0.0741,1,70
2025-04-12,Chicken Burger,food_main,280,35,5,4,12,1,none,none,0,0.0741,0,70
2025-04-12,French Fries,food_snack,130,62,5,4,12,1,none,none,0,0.0741,1,70
2025-04-12,Samosa,food_snack,40,40,5,4,12,1,none,none,0,0.0741,0,70
2025-04-12,Chocolate Cake Slice,food_bakery,160,24,5,4,12,1,none,none,0,0.0741,0,70
2025-04-12,Croissant,food_bakery,140,14,5,4,12,1,none,none,0,0.0741,0,70
2025-04-13,Milk Tea (Dudh Chiya),beverage_hot,40,113,6,4,13,0,none,none,0,0.057,0,71
2025-04-13,Masala Chiya,beverage_hot,50,79,6,4,13,0,none,none,0,0.057,0,71
2025-04-13,Black Tea (Kalo Chiya),beverage_hot,30,38,6,4,13,0,none,none,0,0.057,0,71
2025-04-13,Americano,beverage_hot,150,29,6,4,13,0,none,none,0,0.057,0,71
2025-04-13,Cappuccino,beverage_hot,190,35,6,4,13,0,none,none,0,0.057,0,71
2025-04-13,Cafe Latte,beverage_hot,200,29,6,4,13,0,none,none,0,0.057,0,71
2025-04-13,Hot Chocolate,beverage_hot,180,20,6,4,13,0,none,none,0,0.057,0,71
2025-04-13,Cold Coffee,beverage_cold,220,21,6,4,13,0,none,none,0,0.057,0,71
2025-04-13,Iced Americano,beverage_cold,180,21,6,4,13,0,none,none,0,0.057,0,71
2025-04-13,Lassi,beverage_cold,120,15,6,4,13,0,none,none,0,0.057,0,71
2025-04-13,Fresh Lime Soda,beverage_cold,100,30,6,4,13,0,none,none,0,0.057,1,71
2025-04-13,Veg Momo,food_main,160,50,6,4,13,0,none,none,0,0.057,0,71
2025-04-13,Buff Momo,food_main,180,49,6,4,13,0,none,none,0,0.057,0,71
2025-04-13,Chicken Chowmein,food_main,190,43,6,4,13,0,none,none,0,0.057,1,71
2025-04-13,Veg Thukpa,food_main,170,22,6,4,13,0,none,none,0,0.057,0,71
2025-04-13,Club Sandwich,food_main,250,23,6,4,13,0,none,none,0,0.057,1,71
2025-04-13,Chicken Burger,food_main,280,17,6,4,13,0,none,none,0,0.057,0,71
2025-04-13,French Fries,food_snack,130,30,6,4,13,0,none,none,0,0.057,1,71
2025-04-13,Samosa,food_snack,40,14,6,4,13,0,none,none,0,0.057,0,71
2025-04-13,Chocolate Cake Slice,food_bakery,160,13,6,4,13,0,none,none,0,0.057,0,71
2025-04-13,Croissant,food_bakery,140,7,6,4,13,0,none,none,0,0.057,0,71
2025-04-14,Milk Tea (Dudh Chiya),beverage_hot,40,181,0,4,14,0,Nepali New Year,spike,0,0.0398,0,72
2025-04-14,Masala Chiya,beverage_hot,50,113,0,4,14,0,Nepali New Year,spike,0,0.0398,0,72
2025-04-14,Black Tea (Kalo Chiya),beverage_hot,30,51,0,4,14,0,Nepali New Year,spike,0,0.0398,0,72
2025-04-14,Americano,beverage_hot,150,62,0,4,14,0,Nepali New Year,spike,0,0.0398,0,72
2025-04-14,Cappuccino,beverage_hot,190,76,0,4,14,0,Nepali New Year,spike,0,0.0398,0,72
2025-04-14,Cafe Latte,beverage_hot,200,57,0,4,14,0,Nepali New Year,spike,0,0.0398,0,72
2025-04-14,Hot Chocolate,beverage_hot,180,36,0,4,14,0,Nepali New Year,spike,0,0.0398,0,72
2025-04-14,Cold Coffee,beverage_cold,220,64,0,4,14,0,Nepali New Year,spike,0,0.0398,0,72
2025-04-14,Iced Americano,beverage_cold,180,41,0,4,14,0,Nepali New Year,spike,0,0.0398,0,72
2025-04-14,Lassi,beverage_cold,120,42,0,4,14,0,Nepali New Year,spike,0,0.0398,0,72
2025-04-14,Fresh Lime Soda,beverage_cold,100,56,0,4,14,0,Nepali New Year,spike,0,0.0398,1,72
2025-04-14,Veg Momo,food_main,160,78,0,4,14,0,Nepali New Year,spike,0,0.0398,0,72
2025-04-14,Buff Momo,food_main,180,80,0,4,14,0,Nepali New Year,spike,0,0.0398,0,72
2025-04-14,Chicken Chowmein,food_main,190,68,0,4,14,0,Nepali New Year,spike,0,0.0398,1,72
2025-04-14,Veg Thukpa,food_main,170,34,0,4,14,0,Nepali New Year,spike,0,0.0398,0,72
2025-04-14,Club Sandwich,food_main,250,41,0,4,14,0,Nepali New Year,spike,0,0.0398,1,72
2025-04-14,Chicken Burger,food_main,280,41,0,4,14,0,Nepali New Year,spike,0,0.0398,0,72
2025-04-14,French Fries,food_snack,130,69,0,4,14,0,Nepali New Year,spike,0,0.0398,1,72
2025-04-14,Samosa,food_snack,40,49,0,4,14,0,Nepali New Year,spike,0,0.0398,0,72
2025-04-14,Chocolate Cake Slice,food_bakery,160,23,0,4,14,0,Nepali New Year,spike,0,0.0398,0,72
2025-04-14,Croissant,food_bakery,140,18,0,4,14,0,Nepali New Year,spike,0,0.0398,0,72
2025-04-15,Milk Tea (Dudh Chiya),beverage_hot,40,155,1,4,15,0,none,none,0,0.0226,0,73
2025-04-15,Masala Chiya,beverage_hot,50,90,1,4,15,0,none,none,0,0.0226,0,73
2025-04-15,Black Tea (Kalo Chiya),beverage_hot,30,43,1,4,15,0,none,none,0,0.0226,0,73
2025-04-15,Americano,beverage_hot,150,39,1,4,15,0,none,none,0,0.0226,0,73
2025-04-15,Cappuccino,beverage_hot,190,49,1,4,15,0,none,none,0,0.0226,0,73
2025-04-15,Cafe Latte,beverage_hot,200,51,1,4,15,0,none,none,0,0.0226,0,73
2025-04-15,Hot Chocolate,beverage_hot,180,25,1,4,15,0,none,none,0,0.0226,0,73
2025-04-15,Cold Coffee,beverage_cold,220,41,1,4,15,0,none,none,0,0.0226,0,73
2025-04-15,Iced Americano,beverage_cold,180,38,1,4,15,0,none,none,0,0.0226,0,73
2025-04-15,Lassi,beverage_cold,120,30,1,4,15,0,none,none,0,0.0226,0,73
2025-04-15,Fresh Lime Soda,beverage_cold,100,48,1,4,15,0,none,none,0,0.0226,1,73
2025-04-15,Veg Momo,food_main,160,55,1,4,15,0,none,none,0,0.0226,0,73
2025-04-15,Buff Momo,food_main,180,76,1,4,15,0,none,none,0,0.0226,0,73
2025-04-15,Chicken Chowmein,food_main,190,55,1,4,15,0,none,none,0,0.0226,1,73
2025-04-15,Veg Thukpa,food_main,170,26,1,4,15,0,none,none,0,0.0226,0,73
2025-04-15,Club Sandwich,food_main,250,46,1,4,15,0,none,none,0,0.0226,1,73
2025-04-15,Chicken Burger,food_main,280,28,1,4,15,0,none,none,0,0.0226,0,73
2025-04-15,French Fries,food_snack,130,51,1,4,15,0,none,none,0,0.0226,1,73
2025-04-15,Samosa,food_snack,40,36,1,4,15,0,none,none,0,0.0226,0,73
2025-04-15,Chocolate Cake Slice,food_bakery,160,15,1,4,15,0,none,none,0,0.0226,0,73
2025-04-15,Croissant,food_bakery,140,13,1,4,15,0,none,none,0,0.0226,0,73
2025-04-16,Milk Tea (Dudh Chiya),beverage_hot,40,158,2,4,16,0,none,none,0,0.0054,0,74
2025-04-16,Masala Chiya,beverage_hot,50,99,2,4,16,0,none,none,0,0.0054,0,74
2025-04-16,Black Tea (Kalo Chiya),beverage_hot,30,49,2,4,16,0,none,none,0,0.0054,0,74
2025-04-16,Americano,beverage_hot,150,45,2,4,16,0,none,none,0,0.0054,0,74
2025-04-16,Cappuccino,beverage_hot,190,43,2,4,16,0,none,none,0,0.0054,0,74
2025-04-16,Cafe Latte,beverage_hot,200,45,2,4,16,0,none,none,0,0.0054,0,74
2025-04-16,Hot Chocolate,beverage_hot,180,30,2,4,16,0,none,none,0,0.0054,0,74
2025-04-16,Cold Coffee,beverage_cold,220,35,2,4,16,0,none,none,0,0.0054,0,74
2025-04-16,Iced Americano,beverage_cold,180,23,2,4,16,0,none,none,0,0.0054,0,74
2025-04-16,Lassi,beverage_cold,120,36,2,4,16,0,none,none,0,0.0054,0,74
2025-04-16,Fresh Lime Soda,beverage_cold,100,58,2,4,16,0,none,none,0,0.0054,1,74
2025-04-16,Veg Momo,food_main,160,55,2,4,16,0,none,none,0,0.0054,0,74
2025-04-16,Buff Momo,food_main,180,54,2,4,16,0,none,none,0,0.0054,0,74
2025-04-16,Chicken Chowmein,food_main,190,47,2,4,16,0,none,none,0,0.0054,1,74
2025-04-16,Veg Thukpa,food_main,170,24,2,4,16,0,none,none,0,0.0054,0,74
2025-04-16,Club Sandwich,food_main,250,30,2,4,16,0,none,none,0,0.0054,1,74
2025-04-16,Chicken Burger,food_main,280,20,2,4,16,0,none,none,0,0.0054,0,74
2025-04-16,French Fries,food_snack,130,58,2,4,16,0,none,none,0,0.0054,1,74
2025-04-16,Samosa,food_snack,40,31,2,4,16,0,none,none,0,0.0054,0,74
2025-04-16,Chocolate Cake Slice,food_bakery,160,17,2,4,16,0,none,none,0,0.0054,0,74
2025-04-16,Croissant,food_bakery,140,11,2,4,16,0,none,none,0,0.0054,0,74
2025-04-17,Milk Tea (Dudh Chiya),beverage_hot,40,168,3,4,17,0,none,none,0,-0.0118,0,75
2025-04-17,Masala Chiya,beverage_hot,50,98,3,4,17,0,none,none,0,-0.0118,0,75
2025-04-17,Black Tea (Kalo Chiya),beverage_hot,30,48,3,4,17,0,none,none,0,-0.0118,0,75
2025-04-17,Americano,beverage_hot,150,37,3,4,17,0,none,none,0,-0.0118,0,75
2025-04-17,Cappuccino,beverage_hot,190,59,3,4,17,0,none,none,0,-0.0118,0,75
2025-04-17,Cafe Latte,beverage_hot,200,45,3,4,17,0,none,none,0,-0.0118,0,75
2025-04-17,Hot Chocolate,beverage_hot,180,34,3,4,17,0,none,none,0,-0.0118,0,75
2025-04-17,Cold Coffee,beverage_cold,220,38,3,4,17,0,none,none,0,-0.0118,0,75
2025-04-17,Iced Americano,beverage_cold,180,31,3,4,17,0,none,none,0,-0.0118,0,75
2025-04-17,Lassi,beverage_cold,120,41,3,4,17,0,none,none,0,-0.0118,0,75
2025-04-17,Fresh Lime Soda,beverage_cold,100,60,3,4,17,0,none,none,0,-0.0118,1,75
2025-04-17,Veg Momo,food_main,160,68,3,4,17,0,none,none,0,-0.0118,0,75
2025-04-17,Buff Momo,food_main,180,75,3,4,17,0,none,none,0,-0.0118,0,75
2025-04-17,Chicken Chowmein,food_main,190,82,3,4,17,0,none,none,0,-0.0118,1,75
2025-04-17,Veg Thukpa,food_main,170,35,3,4,17,0,none,none,0,-0.0118,0,75
2025-04-17,Club Sandwich,food_main,250,44,3,4,17,0,none,none,0,-0.0118,1,75
2025-04-17,Chicken Burger,food_main,280,25,3,4,17,0,none,none,0,-0.0118,0,75
2025-04-17,French Fries,food_snack,130,57,3,4,17,0,none,none,0,-0.0118,1,75
2025-04-17,Samosa,food_snack,40,40,3,4,17,0,none,none,0,-0.0118,0,75
2025-04-17,Chocolate Cake Slice,food_bakery,160,17,3,4,17,0,none,none,0,-0.0118,0,75
2025-04-17,Croissant,food_bakery,140,21,3,4,17,0,none,none,0,-0.0118,0,75
2025-04-18,Milk Tea (Dudh Chiya),beverage_hot,40,152,4,4,18,0,none,none,0,-0.029,0,76
2025-04-18,Masala Chiya,beverage_hot,50,93,4,4,18,0,none,none,0,-0.029,0,76
2025-04-18,Black Tea (Kalo Chiya),beverage_hot,30,48,4,4,18,0,none,none,0,-0.029,0,76
2025-04-18,Americano,beverage_hot,150,49,4,4,18,0,none,none,0,-0.029,0,76
2025-04-18,Cappuccino,beverage_hot,190,63,4,4,18,0,none,none,0,-0.029,0,76
2025-04-18,Cafe Latte,beverage_hot,200,47,4,4,18,0,none,none,0,-0.029,0,76
2025-04-18,Hot Chocolate,beverage_hot,180,25,4,4,18,0,none,none,0,-0.029,0,76
2025-04-18,Cold Coffee,beverage_cold,220,43,4,4,18,0,none,none,0,-0.029,0,76
2025-04-18,Iced Americano,beverage_cold,180,41,4,4,18,0,none,none,0,-0.029,0,76
2025-04-18,Lassi,beverage_cold,120,31,4,4,18,0,none,none,0,-0.029,0,76
2025-04-18,Fresh Lime Soda,beverage_cold,100,56,4,4,18,0,none,none,0,-0.029,1,76
2025-04-18,Veg Momo,food_main,160,71,4,4,18,0,none,none,0,-0.029,0,76
2025-04-18,Buff Momo,food_main,180,72,4,4,18,0,none,none,0,-0.029,0,76
2025-04-18,Chicken Chowmein,food_main,190,58,4,4,18,0,none,none,0,-0.029,1,76
2025-04-18,Veg Thukpa,food_main,170,27,4,4,18,0,none,none,0,-0.029,0,76
2025-04-18,Club Sandwich,food_main,250,36,4,4,18,0,none,none,0,-0.029,1,76
2025-04-18,Chicken Burger,food_main,280,25,4,4,18,0,none,none,0,-0.029,0,76
2025-04-18,French Fries,food_snack,130,49,4,4,18,0,none,none,0,-0.029,1,76
2025-04-18,Samosa,food_snack,40,42,4,4,18,0,none,none,0,-0.029,0,76
2025-04-18,Chocolate Cake Slice,food_bakery,160,17,4,4,18,0,none,none,0,-0.029,0,76
2025-04-18,Croissant,food_bakery,140,17,4,4,18,0,none,none,0,-0.029,0,76
2025-04-19,Milk Tea (Dudh Chiya),beverage_hot,40,188,5,4,19,1,none,none,0,-0.0462,0,77
2025-04-19,Masala Chiya,beverage_hot,50,119,5,4,19,1,none,none,0,-0.0462,0,77
2025-04-19,Black Tea (Kalo Chiya),beverage_hot,30,44,5,4,19,1,none,none,0,-0.0462,0,77
2025-04-19,Americano,beverage_hot,150,57,5,4,19,1,none,none,0,-0.0462,0,77
2025-04-19,Cappuccino,beverage_hot,190,61,5,4,19,1,none,none,0,-0.0462,0,77
2025-04-19,Cafe Latte,beverage_hot,200,50,5,4,19,1,none,none,0,-0.0462,0,77
2025-04-19,Hot Chocolate,beverage_hot,180,42,5,4,19,1,none,none,0,-0.0462,0,77
2025-04-19,Cold Coffee,beverage_cold,220,53,5,4,19,1,none,none,0,-0.0462,0,77
2025-04-19,Iced Americano,beverage_cold,180,41,5,4,19,1,none,none,0,-0.0462,0,77
2025-04-19,Lassi,beverage_cold,120,53,5,4,19,1,none,none,0,-0.0462,0,77
2025-04-19,Fresh Lime Soda,beverage_cold,100,59,5,4,19,1,none,none,0,-0.0462,1,77
2025-04-19,Veg Momo,food_main,160,76,5,4,19,1,none,none,0,-0.0462,0,77
2025-04-19,Buff Momo,food_main,180,84,5,4,19,1,none,none,0,-0.0462,0,77
2025-04-19,Chicken Chowmein,food_main,190,65,5,4,19,1,none,none,0,-0.0462,1,77
2025-04-19,Veg Thukpa,food_main,170,24,5,4,19,1,none,none,0,-0.0462,0,77
2025-04-19,Club Sandwich,food_main,250,51,5,4,19,1,none,none,0,-0.0462,1,77
2025-04-19,Chicken Burger,food_main,280,26,5,4,19,1,none,none,0,-0.0462,0,77
2025-04-19,French Fries,food_snack,130,64,5,4,19,1,none,none,0,-0.0462,1,77
2025-04-19,Samosa,food_snack,40,43,5,4,19,1,none,none,0,-0.0462,0,77
2025-04-19,Chocolate Cake Slice,food_bakery,160,24,5,4,19,1,none,none,0,-0.0462,0,77
2025-04-19,Croissant,food_bakery,140,16,5,4,19,1,none,none,0,-0.0462,0,77
2025-04-20,Milk Tea (Dudh Chiya),beverage_hot,40,136,6,4,20,0,none,none,0,-0.0634,0,78
2025-04-20,Masala Chiya,beverage_hot,50,86,6,4,20,0,none,none,0,-0.0634,0,78
2025-04-20,Black Tea (Kalo Chiya),beverage_hot,30,36,6,4,20,0,none,none,0,-0.0634,0,78
2025-04-20,Americano,beverage_hot,150,47,6,4,20,0,none,none,0,-0.0634,0,78
2025-04-20,Cappuccino,beverage_hot,190,45,6,4,20,0,none,none,0,-0.0634,0,78
2025-04-20,Cafe Latte,beverage_hot,200,53,6,4,20,0,none,none,0,-0.0634,0,78
2025-04-20,Hot Chocolate,beverage_hot,180,26,6,4,20,0,none,none,0,-0.0634,0,78
2025-04-20,Cold Coffee,beverage_cold,220,52,6,4,20,0,none,none,0,-0.0634,0,78
2025-04-20,Iced Americano,beverage_cold,180,32,6,4,20,0,none,none,0,-0.0634,0,78
2025-04-20,Lassi,beverage_cold,120,44,6,4,20,0,none,none,0,-0.0634,0,78
2025-04-20,Fresh Lime Soda,beverage_cold,100,49,6,4,20,0,none,none,0,-0.0634,1,78
2025-04-20,Veg Momo,food_main,160,62,6,4,20,0,none,none,0,-0.0634,0,78
2025-04-20,Buff Momo,food_main,180,54,6,4,20,0,none,none,0,-0.0634,0,78
2025-04-20,Chicken Chowmein,food_main,190,49,6,4,20,0,none,none,0,-0.0634,1,78
2025-04-20,Veg Thukpa,food_main,170,34,6,4,20,0,none,none,0,-0.0634,0,78
2025-04-20,Club Sandwich,food_main,250,30,6,4,20,0,none,none,0,-0.0634,1,78
2025-04-20,Chicken Burger,food_main,280,28,6,4,20,0,none,none,0,-0.0634,0,78
2025-04-20,French Fries,food_snack,130,48,6,4,20,0,none,none,0,-0.0634,1,78
2025-04-20,Samosa,food_snack,40,30,6,4,20,0,none,none,0,-0.0634,0,78
2025-04-20,Chocolate Cake Slice,food_bakery,160,19,6,4,20,0,none,none,0,-0.0634,0,78
2025-04-20,Croissant,food_bakery,140,11,6,4,20,0,none,none,0,-0.0634,0,78
2025-04-21,Milk Tea (Dudh Chiya),beverage_hot,40,122,0,4,21,0,none,none,0,-0.0805,0,79
2025-04-21,Masala Chiya,beverage_hot,50,94,0,4,21,0,none,none,0,-0.0805,0,79
2025-04-21,Black Tea (Kalo Chiya),beverage_hot,30,34,0,4,21,0,none,none,0,-0.0805,0,79
2025-04-21,Americano,beverage_hot,150,41,0,4,21,0,none,none,0,-0.0805,0,79
2025-04-21,Cappuccino,beverage_hot,190,40,0,4,21,0,none,none,0,-0.0805,0,79
2025-04-21,Cafe Latte,beverage_hot,200,43,0,4,21,0,none,none,0,-0.0805,0,79
2025-04-21,Hot Chocolate,beverage_hot,180,19,0,4,21,0,none,none,0,-0.0805,0,79
2025-04-21,Cold Coffee,beverage_cold,220,43,0,4,21,0,none,none,0,-0.0805,0,79
2025-04-21,Iced Americano,beverage_cold,180,21,0,4,21,0,none,none,0,-0.0805,0,79
2025-04-21,Lassi,beverage_cold,120,38,0,4,21,0,none,none,0,-0.0805,0,79
2025-04-21,Fresh Lime Soda,beverage_cold,100,42,0,4,21,0,none,none,0,-0.0805,1,79
2025-04-21,Veg Momo,food_main,160,56,0,4,21,0,none,none,0,-0.0805,0,79
2025-04-21,Buff Momo,food_main,180,68,0,4,21,0,none,none,0,-0.0805,0,79
2025-04-21,Chicken Chowmein,food_main,190,51,0,4,21,0,none,none,0,-0.0805,1,79
2025-04-21,Veg Thukpa,food_main,170,26,0,4,21,0,none,none,0,-0.0805,0,79
2025-04-21,Club Sandwich,food_main,250,24,0,4,21,0,none,none,0,-0.0805,1,79
2025-04-21,Chicken Burger,food_main,280,23,0,4,21,0,none,none,0,-0.0805,0,79
2025-04-21,French Fries,food_snack,130,46,0,4,21,0,none,none,0,-0.0805,1,79
2025-04-21,Samosa,food_snack,40,21,0,4,21,0,none,none,0,-0.0805,0,79
2025-04-21,Chocolate Cake Slice,food_bakery,160,14,0,4,21,0,none,none,0,-0.0805,0,79
2025-04-21,Croissant,food_bakery,140,9,0,4,21,0,none,none,0,-0.0805,0,79
2025-04-22,Milk Tea (Dudh Chiya),beverage_hot,40,148,1,4,22,0,none,none,0,-0.0977,0,80
2025-04-22,Masala Chiya,beverage_hot,50,80,1,4,22,0,none,none,0,-0.0977,0,80
2025-04-22,Black Tea (Kalo Chiya),beverage_hot,30,33,1,4,22,0,none,none,0,-0.0977,0,80
2025-04-22,Americano,beverage_hot,150,36,1,4,22,0,none,none,0,-0.0977,0,80
2025-04-22,Cappuccino,beverage_hot,190,39,1,4,22,0,none,none,0,-0.0977,0,80
2025-04-22,Cafe Latte,beverage_hot,200,48,1,4,22,0,none,none,0,-0.0977,0,80
2025-04-22,Hot Chocolate,beverage_hot,180,18,1,4,22,0,none,none,0,-0.0977,0,80
2025-04-22,Cold Coffee,beverage_cold,220,36,1,4,22,0,none,none,0,-0.0977,0,80
2025-04-22,Iced Americano,beverage_cold,180,30,1,4,22,0,none,none,0,-0.0977,0,80
2025-04-22,Lassi,beverage_cold,120,27,1,4,22,0,none,none,0,-0.0977,0,80
2025-04-22,Fresh Lime Soda,beverage_cold,100,37,1,4,22,0,none,none,0,-0.0977,1,80
2025-04-22,Veg Momo,food_main,160,47,1,4,22,0,none,none,0,-0.0977,0,80
2025-04-22,Buff Momo,food_main,180,55,1,4,22,0,none,none,0,-0.0977,0,80
2025-04-22,Chicken Chowmein,food_main,190,34,1,4,22,0,none,none,0,-0.0977,1,80
2025-04-22,Veg Thukpa,food_main,170,17,1,4,22,0,none,none,0,-0.0977,0,80
2025-04-22,Club Sandwich,food_main,250,22,1,4,22,0,none,none,0,-0.0977,1,80
2025-04-22,Chicken Burger,food_main,280,14,1,4,22,0,none,none,0,-0.0977,0,80
2025-04-22,French Fries,food_snack,130,43,1,4,22,0,none,none,0,-0.0977,1,80
2025-04-22,Samosa,food_snack,40,34,1,4,22,0,none,none,0,-0.0977,0,80
2025-04-22,Chocolate Cake Slice,food_bakery,160,17,1,4,22,0,none,none,0,-0.0977,0,80
2025-04-22,Croissant,food_bakery,140,9,1,4,22,0,none,none,0,-0.0977,0,80
2025-04-23,Milk Tea (Dudh Chiya),beverage_hot,40,121,2,4,23,0,none,none,0,-0.1148,0,81
2025-04-23,Masala Chiya,beverage_hot,50,95,2,4,23,0,none,none,0,-0.1148,0,81
2025-04-23,Black Tea (Kalo Chiya),beverage_hot,30,41,2,4,23,0,none,none,0,-0.1148,0,81
2025-04-23,Americano,beverage_hot,150,32,2,4,23,0,none,none,0,-0.1148,0,81
2025-04-23,Cappuccino,beverage_hot,190,46,2,4,23,0,none,none,0,-0.1148,0,81
2025-04-23,Cafe Latte,beverage_hot,200,32,2,4,23,0,none,none,0,-0.1148,0,81
2025-04-23,Hot Chocolate,beverage_hot,180,24,2,4,23,0,none,none,0,-0.1148,0,81
2025-04-23,Cold Coffee,beverage_cold,220,45,2,4,23,0,none,none,0,-0.1148,0,81
2025-04-23,Iced Americano,beverage_cold,180,25,2,4,23,0,none,none,0,-0.1148,0,81
2025-04-23,Lassi,beverage_cold,120,28,2,4,23,0,none,none,0,-0.1148,0,81
2025-04-23,Fresh Lime Soda,beverage_cold,100,37,2,4,23,0,none,none,0,-0.1148,0,81
2025-04-23,Veg Momo,food_main,160,60,2,4,23,0,none,none,0,-0.1148,0,81
2025-04-23,Buff Momo,food_main,180,60,2,4,23,0,none,none,0,-0.1148,0,81
2025-04-23,Chicken Chowmein,food_main,190,41,2,4,23,0,none,none,0,-0.1148,0,81
2025-04-23,Veg Thukpa,food_main,170,27,2,4,23,0,none,none,0,-0.1148,0,81
2025-04-23,Club Sandwich,food_main,250,25,2,4,23,0,none,none,0,-0.1148,0,81
2025-04-23,Chicken Burger,food_main,280,23,2,4,23,0,none,none,0,-0.1148,0,81
2025-04-23,French Fries,food_snack,130,42,2,4,23,0,none,none,0,-0.1148,0,81
2025-04-23,Samosa,food_snack,40,30,2,4,23,0,none,none,0,-0.1148,0,81
2025-04-23,Chocolate Cake Slice,food_bakery,160,12,2,4,23,0,none,none,0,-0.1148,0,81
2025-04-23,Croissant,food_bakery,140,7,2,4,23,0,none,none,0,-0.1148,0,81
2025-04-24,Milk Tea (Dudh Chiya),beverage_hot,40,132,3,4,24,0,none,none,0,-0.1319,0,82
2025-04-24,Masala Chiya,beverage_hot,50,89,3,4,24,0,none,none,0,-0.1319,0,82
2025-04-24,Black Tea (Kalo Chiya),beverage_hot,30,44,3,4,24,0,none,none,0,-0.1319,0,82
2025-04-24,Americano,beverage_hot,150,46,3,4,24,0,none,none,0,-0.1319,0,82
2025-04-24,Cappuccino,beverage_hot,190,60,3,4,24,0,none,none,0,-0.1319,0,82
2025-04-24,Cafe Latte,beverage_hot,200,51,3,4,24,0,none,none,0,-0.1319,0,82
2025-04-24,Hot Chocolate,beverage_hot,180,16,3,4,24,0,none,none,0,-0.1319,0,82
2025-04-24,Cold Coffee,beverage_cold,220,53,3,4,24,0,none,none,0,-0.1319,0,82
2025-04-24,Iced Americano,beverage_cold,180,23,3,4,24,0,none,none,0,-0.1319,0,82
2025-04-24,Lassi,beverage_cold,120,45,3,4,24,0,none,none,0,-0.1319,0,82
2025-04-24,Fresh Lime Soda,beverage_cold,100,50,3,4,24,0,none,none,0,-0.1319,0,82
2025-04-24,Veg Momo,food_main,160,56,3,4,24,0,none,none,0,-0.1319,0,82
2025-04-24,Buff Momo,food_main,180,71,3,4,24,0,none,none,0,-0.1319,0,82
2025-04-24,Chicken Chowmein,food_main,190,56,3,4,24,0,none,none,0,-0.1319,0,82
2025-04-24,Veg Thukpa,food_main,170,21,3,4,24,0,none,none,0,-0.1319,0,82
2025-04-24,Club Sandwich,food_main,250,24,3,4,24,0,none,none,0,-0.1319,0,82
2025-04-24,Chicken Burger,food_main,280,25,3,4,24,0,none,none,0,-0.1319,0,82
2025-04-24,French Fries,food_snack,130,42,3,4,24,0,none,none,0,-0.1319,0,82
2025-04-24,Samosa,food_snack,40,30,3,4,24,0,none,none,0,-0.1319,0,82
2025-04-24,Chocolate Cake Slice,food_bakery,160,22,3,4,24,0,none,none,0,-0.1319,0,82
2025-04-24,Croissant,food_bakery,140,14,3,4,24,0,none,none,0,-0.1319,0,82
2025-04-25,Milk Tea (Dudh Chiya),beverage_hot,40,127,4,4,25,0,none,none,0,-0.1489,0,83
2025-04-25,Masala Chiya,beverage_hot,50,89,4,4,25,0,none,none,0,-0.1489,0,83
2025-04-25,Black Tea (Kalo Chiya),beverage_hot,30,42,4,4,25,0,none,none,0,-0.1489,0,83
2025-04-25,Americano,beverage_hot,150,44,4,4,25,0,none,none,0,-0.1489,0,83
2025-04-25,Cappuccino,beverage_hot,190,53,4,4,25,0,none,none,0,-0.1489,0,83
2025-04-25,Cafe Latte,beverage_hot,200,42,4,4,25,0,none,none,0,-0.1489,0,83
2025-04-25,Hot Chocolate,beverage_hot,180,28,4,4,25,0,none,none,0,-0.1489,0,83
2025-04-25,Cold Coffee,beverage_cold,220,51,4,4,25,0,none,none,0,-0.1489,0,83
2025-04-25,Iced Americano,beverage_cold,180,33,4,4,25,0,none,none,0,-0.1489,0,83
2025-04-25,Lassi,beverage_cold,120,34,4,4,25,0,none,none,0,-0.1489,0,83
2025-04-25,Fresh Lime Soda,beverage_cold,100,50,4,4,25,0,none,none,0,-0.1489,0,83
2025-04-25,Veg Momo,food_main,160,70,4,4,25,0,none,none,0,-0.1489,0,83
2025-04-25,Buff Momo,food_main,180,66,4,4,25,0,none,none,0,-0.1489,0,83
2025-04-25,Chicken Chowmein,food_main,190,37,4,4,25,0,none,none,0,-0.1489,0,83
2025-04-25,Veg Thukpa,food_main,170,25,4,4,25,0,none,none,0,-0.1489,0,83
2025-04-25,Club Sandwich,food_main,250,19,4,4,25,0,none,none,0,-0.1489,0,83
2025-04-25,Chicken Burger,food_main,280,24,4,4,25,0,none,none,0,-0.1489,0,83
2025-04-25,French Fries,food_snack,130,35,4,4,25,0,none,none,0,-0.1489,0,83
2025-04-25,Samosa,food_snack,40,44,4,4,25,0,none,none,0,-0.1489,0,83
2025-04-25,Chocolate Cake Slice,food_bakery,160,15,4,4,25,0,none,none,0,-0.1489,0,83
2025-04-25,Croissant,food_bakery,140,7,4,4,25,0,none,none,0,-0.1489,0,83
2025-04-26,Milk Tea (Dudh Chiya),beverage_hot,40,163,5,4,26,1,none,none,0,-0.1659,0,84
2025-04-26,Masala Chiya,beverage_hot,50,112,5,4,26,1,none,none,0,-0.1659,0,84
2025-04-26,Black Tea (Kalo Chiya),beverage_hot,30,41,5,4,26,1,none,none,0,-0.1659,0,84
2025-04-26,Americano,beverage_hot,150,61,5,4,26,1,none,none,0,-0.1659,0,84
2025-04-26,Cappuccino,beverage_hot,190,66,5,4,26,1,none,none,0,-0.1659,0,84
2025-04-26,Cafe Latte,beverage_hot,200,48,5,4,26,1,none,none,0,-0.1659,0,84
2025-04-26,Hot Chocolate,beverage_hot,180,24,5,4,26,1,none,none,0,-0.1659,0,84
2025-04-26,Cold Coffee,beverage_cold,220,48,5,4,26,1,none,none,0,-0.1659,0,84
2025-04-26,Iced Americano,beverage_cold,180,26,5,4,26,1,none,none,0,-0.1659,0,84
2025-04-26,Lassi,beverage_cold,120,31,5,4,26,1,none,none,0,-0.1659,0,84
2025-04-26,Fresh Lime Soda,beverage_cold,100,42,5,4,26,1,none,none,0,-0.1659,0,84
2025-04-26,Veg Momo,food_main,160,65,5,4,26,1,none,none,0,-0.1659,0,84
2025-04-26,Buff Momo,food_main,180,68,5,4,26,1,none,none,0,-0.1659,0,84
2025-04-26,Chicken Chowmein,food_main,190,42,5,4,26,1,none,none,0,-0.1659,0,84
2025-04-26,Veg Thukpa,food_main,170,31,5,4,26,1,none,none,0,-0.1659,0,84
2025-04-26,Club Sandwich,food_main,250,34,5,4,26,1,none,none,0,-0.1659,0,84
2025-04-26,Chicken Burger,food_main,280,20,5,4,26,1,none,none,0,-0.1659,0,84
2025-04-26,French Fries,food_snack,130,42,5,4,26,1,none,none,0,-0.1659,0,84
2025-04-26,Samosa,food_snack,40,33,5,4,26,1,none,none,0,-0.1659,0,84
2025-04-26,Chocolate Cake Slice,food_bakery,160,11,5,4,26,1,none,none,0,-0.1659,0,84
2025-04-26,Croissant,food_bakery,140,9,5,4,26,1,none,none,0,-0.1659,0,84
2025-04-27,Milk Tea (Dudh Chiya),beverage_hot,40,145,6,4,27,0,none,none,0,-0.1828,0,85
2025-04-27,Masala Chiya,beverage_hot,50,86,6,4,27,0,none,none,0,-0.1828,0,85
2025-04-27,Black Tea (Kalo Chiya),beverage_hot,30,40,6,4,27,0,none,none,0,-0.1828,0,85
2025-04-27,Americano,beverage_hot,150,51,6,4,27,0,none,none,0,-0.1828,0,85
2025-04-27,Cappuccino,beverage_hot,190,50,6,4,27,0,none,none,0,-0.1828,0,85
2025-04-27,Cafe Latte,beverage_hot,200,38,6,4,27,0,none,none,0,-0.1828,0,85
2025-04-27,Hot Chocolate,beverage_hot,180,41,6,4,27,0,none,none,0,-0.1828,0,85
2025-04-27,Cold Coffee,beverage_cold,220,56,6,4,27,0,none,none,0,-0.1828,0,85
2025-04-27,Iced Americano,beverage_cold,180,19,6,4,27,0,none,none,0,-0.1828,0,85
2025-04-27,Lassi,beverage_cold,120,38,6,4,27,0,none,none,0,-0.1828,0,85
2025-04-27,Fresh Lime Soda,beverage_cold,100,43,6,4,27,0,none,none,0,-0.1828,0,85
2025-04-27,Veg Momo,food_main,160,55,6,4,27,0,none,none,0,-0.1828,0,85
2025-04-27,Buff Momo,food_main,180,74,6,4,27,0,none,none,0,-0.1828,0,85
2025-04-27,Chicken Chowmein,food_main,190,44,6,4,27,0,none,none,0,-0.1828,0,85
2025-04-27,Veg Thukpa,food_main,170,25,6,4,27,0,none,none,0,-0.1828,0,85
2025-04-27,Club Sandwich,food_main,250,21,6,4,27,0,none,none,0,-0.1828,0,85
2025-04-27,Chicken Burger,food_main,280,24,6,4,27,0,none,none,0,-0.1828,0,85
2025-04-27,French Fries,food_snack,130,40,6,4,27,0,none,none,0,-0.1828,0,85
2025-04-27,Samosa,food_snack,40,20,6,4,27,0,none,none,0,-0.1828,0,85
2025-04-27,Chocolate Cake Slice,food_bakery,160,14,6,4,27,0,none,none,0,-0.1828,0,85
2025-04-27,Croissant,food_bakery,140,12,6,4,27,0,none,none,0,-0.1828,0,85
2025-04-28,Milk Tea (Dudh Chiya),beverage_hot,40,124,0,4,28,0,none,none,0,-0.1997,0,86
2025-04-28,Masala Chiya,beverage_hot,50,69,0,4,28,0,none,none,0,-0.1997,0,86
2025-04-28,Black Tea (Kalo Chiya),beverage_hot,30,28,0,4,28,0,none,none,0,-0.1997,0,86
2025-04-28,Americano,beverage_hot,150,44,0,4,28,0,none,none,0,-0.1997,0,86
2025-04-28,Cappuccino,beverage_hot,190,47,0,4,28,0,none,none,0,-0.1997,0,86
2025-04-28,Cafe Latte,beverage_hot,200,36,0,4,28,0,none,none,0,-0.1997,0,86
2025-04-28,Hot Chocolate,beverage_hot,180,24,0,4,28,0,none,none,0,-0.1997,0,86
2025-04-28,Cold Coffee,beverage_cold,220,46,0,4,28,0,none,none,0,-0.1997,0,86
2025-04-28,Iced Americano,beverage_cold,180,30,0,4,28,0,none,none,0,-0.1997,0,86
2025-04-28,Lassi,beverage_cold,120,32,0,4,28,0,none,none,0,-0.1997,0,86
2025-04-28,Fresh Lime Soda,beverage_cold,100,32,0,4,28,0,none,none,0,-0.1997,0,86
2025-04-28,Veg Momo,food_main,160,56,0,4,28,0,none,none,0,-0.1997,0,86
2025-04-28,Buff Momo,food_main,180,56,0,4,28,0,none,none,0,-0.1997,0,86
2025-04-28,Chicken Chowmein,food_main,190,37,0,4,28,0,none,none,0,-0.1997,0,86
2025-04-28,Veg Thukpa,food_main,170,19,0,4,28,0,none,none,0,-0.1997,0,86
2025-04-28,Club Sandwich,food_main,250,12,0,4,28,0,none,none,0,-0.1997,0,86
2025-04-28,Chicken Burger,food_main,280,21,0,4,28,0,none,none,0,-0.1997,0,86
2025-04-28,French Fries,food_snack,130,39,0,4,28,0,none,none,0,-0.1997,0,86
2025-04-28,Samosa,food_snack,40,23,0,4,28,0,none,none,0,-0.1997,0,86
2025-04-28,Chocolate Cake Slice,food_bakery,160,14,0,4,28,0,none,none,0,-0.1997,0,86
2025-04-28,Croissant,food_bakery,140,12,0,4,28,0,none,none,0,-0.1997,0,86
2025-04-29,Milk Tea (Dudh Chiya),beverage_hot,40,153,1,4,29,0,none,none,0,-0.2165,0,87
2025-04-29,Masala Chiya,beverage_hot,50,79,1,4,29,0,none,none,0,-0.2165,0,87
2025-04-29,Black Tea (Kalo Chiya),beverage_hot,30,39,1,4,29,0,none,none,0,-0.2165,0,87
2025-04-29,Americano,beverage_hot,150,43,1,4,29,0,none,none,0,-0.2165,0,87
2025-04-29,Cappuccino,beverage_hot,190,56,1,4,29,0,none,none,0,-0.2165,0,87
2025-04-29,Cafe Latte,beverage_hot,200,46,1,4,29,0,none,none,0,-0.2165,0,87
2025-04-29,Hot Chocolate,beverage_hot,180,30,1,4,29,0,none,none,0,-0.2165,0,87
2025-04-29,Cold Coffee,beverage_cold,220,54,1,4,29,0,none,none,0,-0.2165,0,87
2025-04-29,Iced Americano,beverage_cold,180,28,1,4,29,0,none,none,0,-0.2165,0,87
2025-04-29,Lassi,beverage_cold,120,43,1,4,29,0,none,none,0,-0.2165,0,87
2025-04-29,Fresh Lime Soda,beverage_cold,100,48,1,4,29,0,none,none,0,-0.2165,0,87
2025-04-29,Veg Momo,food_main,160,64,1,4,29,0,none,none,0,-0.2165,0,87
2025-04-29,Buff Momo,food_main,180,70,1,4,29,0,none,none,0,-0.2165,0,87
2025-04-29,Chicken Chowmein,food_main,190,50,1,4,29,0,none,none,0,-0.2165,0,87
2025-04-29,Veg Thukpa,food_main,170,22,1,4,29,0,none,none,0,-0.2165,0,87
2025-04-29,Club Sandwich,food_main,250,37,1,4,29,0,none,none,0,-0.2165,0,87
2025-04-29,Chicken Burger,food_main,280,27,1,4,29,0,none,none,0,-0.2165,0,87
2025-04-29,French Fries,food_snack,130,38,1,4,29,0,none,none,0,-0.2165,0,87
2025-04-29,Samosa,food_snack,40,37,1,4,29,0,none,none,0,-0.2165,0,87
2025-04-29,Chocolate Cake Slice,food_bakery,160,22,1,4,29,0,none,none,0,-0.2165,0,87
2025-04-29,Croissant,food_bakery,140,13,1,4,29,0,none,none,0,-0.2165,0,87
2025-04-30,Milk Tea (Dudh Chiya),beverage_hot,40,156,2,4,30,0,none,none,0,-0.2333,0,88
2025-04-30,Masala Chiya,beverage_hot,50,110,2,4,30,0,none,none,0,-0.2333,0,88
2025-04-30,Black Tea (Kalo Chiya),beverage_hot,30,37,2,4,30,0,none,none,0,-0.2333,0,88
2025-04-30,Americano,beverage_hot,150,46,2,4,30,0,none,none,0,-0.2333,0,88
2025-04-30,Cappuccino,beverage_hot,190,69,2,4,30,0,none,none,0,-0.2333,0,88
2025-04-30,Cafe Latte,beverage_hot,200,56,2,4,30,0,none,none,0,-0.2333,0,88
2025-04-30,Hot Chocolate,beverage_hot,180,39,2,4,30,0,none,none,0,-0.2333,0,88
2025-04-30,Cold Coffee,beverage_cold,220,48,2,4,30,0,none,none,0,-0.2333,0,88
2025-04-30,Iced Americano,beverage_cold,180,33,2,4,30,0,none,none,0,-0.2333,0,88
2025-04-30,Lassi,beverage_cold,120,34,2,4,30,0,none,none,0,-0.2333,0,88
2025-04-30,Fresh Lime Soda,beverage_cold,100,58,2,4,30,0,none,none,0,-0.2333,0,88
2025-04-30,Veg Momo,food_main,160,75,2,4,30,0,none,none,0,-0.2333,0,88
2025-04-30,Buff Momo,food_main,180,84,2,4,30,0,none,none,0,-0.2333,0,88
2025-04-30,Chicken Chowmein,food_main,190,45,2,4,30,0,none,none,0,-0.2333,0,88
2025-04-30,Veg Thukpa,food_main,170,29,2,4,30,0,none,none,0,-0.2333,0,88
2025-04-30,Club Sandwich,food_main,250,28,2,4,30,0,none,none,0,-0.2333,0,88
2025-04-30,Chicken Burger,food_main,280,23,2,4,30,0,none,none,0,-0.2333,0,88
2025-04-30,French Fries,food_snack,130,27,2,4,30,0,none,none,0,-0.2333,0,88
2025-04-30,Samosa,food_snack,40,32,2,4,30,0,none,none,0,-0.2333,0,88
2025-04-30,Chocolate Cake Slice,food_bakery,160,19,2,4,30,0,none,none,0,-0.2333,0,88
2025-04-30,Croissant,food_bakery,140,16,2,4,30,0,none,none,0,-0.2333,0,88
2025-05-01,Milk Tea (Dudh Chiya),beverage_hot,40,131,3,5,1,0,none,none,0,-0.25,0,89
2025-05-01,Masala Chiya,beverage_hot,50,80,3,5,1,0,none,none,0,-0.25,0,89
2025-05-01,Black Tea (Kalo Chiya),beverage_hot,30,36,3,5,1,0,none,none,0,-0.25,0,89
2025-05-01,Americano,beverage_hot,150,45,3,5,1,0,none,none,0,-0.25,0,89
2025-05-01,Cappuccino,beverage_hot,190,37,3,5,1,0,none,none,0,-0.25,0,89
2025-05-01,Cafe Latte,beverage_hot,200,28,3,5,1,0,none,none,0,-0.25,0,89
2025-05-01,Hot Chocolate,beverage_hot,180,26,3,5,1,0,none,none,0,-0.25,0,89
2025-05-01,Cold Coffee,beverage_cold,220,36,3,5,1,0,none,none,0,-0.25,0,89
2025-05-01,Iced Americano,beverage_cold,180,30,3,5,1,0,none,none,0,-0.25,0,89
2025-05-01,Lassi,beverage_cold,120,36,3,5,1,0,none,none,0,-0.25,0,89
2025-05-01,Fresh Lime Soda,beverage_cold,100,40,3,5,1,0,none,none,0,-0.25,0,89
2025-05-01,Veg Momo,food_main,160,66,3,5,1,0,none,none,0,-0.25,0,89
2025-05-01,Buff Momo,food_main,180,78,3,5,1,0,none,none,0,-0.25,0,89
2025-05-01,Chicken Chowmein,food_main,190,50,3,5,1,0,none,none,0,-0.25,0,89
2025-05-01,Veg Thukpa,food_main,170,16,3,5,1,0,none,none,0,-0.25,0,89
2025-05-01,Club Sandwich,food_main,250,27,3,5,1,0,none,none,0,-0.25,0,89
2025-05-01,Chicken Burger,food_main,280,23,3,5,1,0,none,none,0,-0.25,0,89
2025-05-01,French Fries,food_snack,130,52,3,5,1,0,none,none,0,-0.25,0,89
2025-05-01,Samosa,food_snack,40,29,3,5,1,0,none,none,0,-0.25,0,89
2025-05-01,Chocolate Cake Slice,food_bakery,160,12,3,5,1,0,none,none,0,-0.25,0,89
2025-05-01,Croissant,food_bakery,140,19,3,5,1,0,none,none,0,-0.25,0,89
2025-05-02,Milk Tea (Dudh Chiya),beverage_hot,40,162,4,5,2,0,none,none,0,-0.2666,0,90
2025-05-02,Masala Chiya,beverage_hot,50,117,4,5,2,0,none,none,0,-0.2666,0,90
2025-05-02,Black Tea (Kalo Chiya),beverage_hot,30,55,4,5,2,0,none,none,0,-0.2666,0,90
2025-05-02,Americano,beverage_hot,150,41,4,5,2,0,none,none,0,-0.2666,0,90
2025-05-02,Cappuccino,beverage_hot,190,61,4,5,2,0,none,none,0,-0.2666,0,90
2025-05-02,Cafe Latte,beverage_hot,200,42,4,5,2,0,none,none,0,-0.2666,0,90
2025-05-02,Hot Chocolate,beverage_hot,180,26,4,5,2,0,none,none,0,-0.2666,0,90
2025-05-02,Cold Coffee,beverage_cold,220,38,4,5,2,0,none,none,0,-0.2666,0,90
2025-05-02,Iced Americano,beverage_cold,180,41,4,5,2,0,none,none,0,-0.2666,0,90
2025-05-02,Lassi,beverage_cold,120,38,4,5,2,0,none,none,0,-0.2666,0,90
2025-05-02,Fresh Lime Soda,beverage_cold,100,57,4,5,2,0,none,none,0,-0.2666,0,90
2025-05-02,Veg Momo,food_main,160,56,4,5,2,0,none,none,0,-0.2666,0,90
2025-05-02,Buff Momo,food_main,180,65,4,5,2,0,none,none,0,-0.2666,0,90
2025-05-02,Chicken Chowmein,food_main,190,46,4,5,2,0,none,none,0,-0.2666,0,90
2025-05-02,Veg Thukpa,food_main,170,26,4,5,2,0,none,none,0,-0.2666,0,90
2025-05-02,Club Sandwich,food_main,250,34,4,5,2,0,none,none,0,-0.2666,0,90
2025-05-02,Chicken Burger,food_main,280,23,4,5,2,0,none,none,0,-0.2666,0,90
2025-05-02,French Fries,food_snack,130,42,4,5,2,0,none,none,0,-0.2666,0,90
2025-05-02,Samosa,food_snack,40,35,4,5,2,0,none,none,0,-0.2666,0,90
2025-05-02,Chocolate Cake Slice,food_bakery,160,27,4,5,2,0,none,none,0,-0.2666,0,90
2025-05-02,Croissant,food_bakery,140,12,4,5,2,0,none,none,0,-0.2666,0,90
2025-05-03,Milk Tea (Dudh Chiya),beverage_hot,40,257,5,5,3,1,none,none,0,-0.2831,0,91
2025-05-03,Masala Chiya,beverage_hot,50,160,5,5,3,1,none,none,0,-0.2831,0,91
2025-05-03,Black Tea (Kalo Chiya),beverage_hot,30,85,5,5,3,1,none,none,0,-0.2831,0,91
2025-05-03,Americano,beverage_hot,150,75,5,5,3,1,none,none,0,-0.2831,0,91
2025-05-03,Cappuccino,beverage_hot,190,80,5,5,3,1,none,none,0,-0.2831,0,91
2025-05-03,Cafe Latte,beverage_hot,200,78,5,5,3,1,none,none,0,-0.2831,0,91
2025-05-03,Hot Chocolate,beverage_hot,180,48,5,5,3,1,none,none,0,-0.2831,0,91
2025-05-03,Cold Coffee,beverage_cold,220,62,5,5,3,1,none,none,0,-0.2831,0,91
2025-05-03,Iced Americano,beverage_cold,180,66,5,5,3,1,none,none,0,-0.2831,0,91
2025-05-03,Lassi,beverage_cold,120,50,5,5,3,1,none,none,0,-0.2831,0,91
2025-05-03,Fresh Lime Soda,beverage_cold,100,74,5,5,3,1,none,none,0,-0.2831,0,91
2025-05-03,Veg Momo,food_main,160,81,5,5,3,1,none,none,0,-0.2831,0,91
2025-05-03,Buff Momo,food_main,180,104,5,5,3,1,none,none,0,-0.2831,0,91
2025-05-03,Chicken Chowmein,food_main,190,81,5,5,3,1,none,none,0,-0.2831,0,91
2025-05-03,Veg Thukpa,food_main,170,41,5,5,3,1,none,none,0,-0.2831,0,91
2025-05-03,Club Sandwich,food_main,250,39,5,5,3,1,none,none,0,-0.2831,0,91
2025-05-03,Chicken Burger,food_main,280,48,5,5,3,1,none,none,0,-0.2831,0,91
2025-05-03,French Fries,food_snack,130,65,5,5,3,1,none,none,0,-0.2831,0,91
2025-05-03,Samosa,food_snack,40,60,5,5,3,1,none,none,0,-0.2831,0,91
2025-05-03,Chocolate Cake Slice,food_bakery,160,25,5,5,3,1,none,none,0,-0.2831,0,91
2025-05-03,Croissant,food_bakery,140,17,5,5,3,1,none,none,0,-0.2831,0,91
2025-05-04,Milk Tea (Dudh Chiya),beverage_hot,40,129,6,5,4,0,none,none,0,-0.2996,0,92
2025-05-04,Masala Chiya,beverage_hot,50,97,6,5,4,0,none,none,0,-0.2996,0,92
2025-05-04,Black Tea (Kalo Chiya),beverage_hot,30,46,6,5,4,0,none,none,0,-0.2996,0,92
2025-05-04,Americano,beverage_hot,150,43,6,5,4,0,none,none,0,-0.2996,0,92
2025-05-04,Cappuccino,beverage_hot,190,50,6,5,4,0,none,none,0,-0.2996,0,92
2025-05-04,Cafe Latte,beverage_hot,200,43,6,5,4,0,none,none,0,-0.2996,0,92
2025-05-04,Hot Chocolate,beverage_hot,180,26,6,5,4,0,none,none,0,-0.2996,0,92
2025-05-04,Cold Coffee,beverage_cold,220,37,6,5,4,0,none,none,0,-0.2996,0,92
2025-05-04,Iced Americano,beverage_cold,180,26,6,5,4,0,none,none,0,-0.2996,0,92
2025-05-04,Lassi,beverage_cold,120,29,6,5,4,0,none,none,0,-0.2996,0,92
2025-05-04,Fresh Lime Soda,beverage_cold,100,36,6,5,4,0,none,none,0,-0.2996,0,92
2025-05-04,Veg Momo,food_main,160,44,6,5,4,0,none,none,0,-0.2996,0,92
2025-05-04,Buff Momo,food_main,180,53,6,5,4,0,none,none,0,-0.2996,0,92
2025-05-04,Chicken Chowmein,food_main,190,32,6,5,4,0,none,none,0,-0.2996,0,92
2025-05-04,Veg Thukpa,food_main,170,20,6,5,4,0,none,none,0,-0.2996,0,92
2025-05-04,Club Sandwich,food_main,250,22,6,5,4,0,none,none,0,-0.2996,0,92
2025-05-04,Chicken Burger,food_main,280,22,6,5,4,0,none,none,0,-0.2996,0,92
2025-05-04,French Fries,food_snack,130,53,6,5,4,0,none,none,0,-0.2996,0,92
2025-05-04,Samosa,food_snack,40,35,6,5,4,0,none,none,0,-0.2996,0,92
2025-05-04,Chocolate Cake Slice,food_bakery,160,21,6,5,4,0,none,none,0,-0.2996,0,92
2025-05-04,Croissant,food_bakery,140,8,6,5,4,0,none,none,0,-0.2996,0,92
2025-05-05,Milk Tea (Dudh Chiya),beverage_hot,40,118,0,5,5,0,none,none,0,-0.316,0,93
2025-05-05,Masala Chiya,beverage_hot,50,74,0,5,5,0,none,none,0,-0.316,0,93
2025-05-05,Black Tea (Kalo Chiya),beverage_hot,30,37,0,5,5,0,none,none,0,-0.316,0,93
2025-05-05,Americano,beverage_hot,150,36,0,5,5,0,none,none,0,-0.316,0,93
2025-05-05,Cappuccino,beverage_hot,190,48,0,5,5,0,none,none,0,-0.316,0,93
2025-05-05,Cafe Latte,beverage_hot,200,42,0,5,5,0,none,none,0,-0.316,0,93
2025-05-05,Hot Chocolate,beverage_hot,180,19,0,5,5,0,none,none,0,-0.316,0,93
2025-05-05,Cold Coffee,beverage_cold,220,40,0,5,5,0,none,none,0,-0.316,0,93
2025-05-05,Iced Americano,beverage_cold,180,29,0,5,5,0,none,none,0,-0.316,0,93
2025-05-05,Lassi,beverage_cold,120,33,0,5,5,0,none,none,0,-0.316,0,93
2025-05-05,Fresh Lime Soda,beverage_cold,100,42,0,5,5,0,none,none,0,-0.316,0,93
2025-05-05,Veg Momo,food_main,160,60,0,5,5,0,none,none,0,-0.316,0,93
2025-05-05,Buff Momo,food_main,180,66,0,5,5,0,none,none,0,-0.316,0,93
2025-05-05,Chicken Chowmein,food_main,190,40,0,5,5,0,none,none,0,-0.316,0,93
2025-05-05,Veg Thukpa,food_main,170,31,0,5,5,0,none,none,0,-0.316,0,93
2025-05-05,Club Sandwich,food_main,250,20,0,5,5,0,none,none,0,-0.316,0,93
2025-05-05,Chicken Burger,food_main,280,13,0,5,5,0,none,none,0,-0.316,0,93
2025-05-05,French Fries,food_snack,130,36,0,5,5,0,none,none,0,-0.316,0,93
2025-05-05,Samosa,food_snack,40,22,0,5,5,0,none,none,0,-0.316,0,93
2025-05-05,Chocolate Cake Slice,food_bakery,160,15,0,5,5,0,none,none,0,-0.316,0,93
2025-05-05,Croissant,food_bakery,140,9,0,5,5,0,none,none,0,-0.316,0,93
2025-05-06,Milk Tea (Dudh Chiya),beverage_hot,40,161,1,5,6,0,none,none,0,-0.3322,0,94
2025-05-06,Masala Chiya,beverage_hot,50,111,1,5,6,0,none,none,0,-0.3322,0,94
2025-05-06,Black Tea (Kalo Chiya),beverage_hot,30,43,1,5,6,0,none,none,0,-0.3322,0,94
2025-05-06,Americano,beverage_hot,150,63,1,5,6,0,none,none,0,-0.3322,0,94
2025-05-06,Cappuccino,beverage_hot,190,48,1,5,6,0,none,none,0,-0.3322,0,94
2025-05-06,Cafe Latte,beverage_hot,200,50,1,5,6,0,none,none,0,-0.3322,0,94
2025-05-06,Hot Chocolate,beverage_hot,180,23,1,5,6,0,none,none,0,-0.3322,0,94
2025-05-06,Cold Coffee,beverage_cold,220,60,1,5,6,0,none,none,0,-0.3322,0,94
2025-05-06,Iced Americano,beverage_cold,180,31,1,5,6,0,none,none,0,-0.3322,0,94
2025-05-06,Lassi,beverage_cold,120,52,1,5,6,0,none,none,0,-0.3322,0,94
2025-05-06,Fresh Lime Soda,beverage_cold,100,49,1,5,6,0,none,none,0,-0.3322,0,94
2025-05-06,Veg Momo,food_main,160,73,1,5,6,0,none,none,0,-0.3322,0,94
2025-05-06,Buff Momo,food_main,180,81,1,5,6,0,none,none,0,-0.3322,0,94
2025-05-06,Chicken Chowmein,food_main,190,48,1,5,6,0,none,none,0,-0.3322,0,94
2025-05-06,Veg Thukpa,food_main,170,23,1,5,6,0,none,none,0,-0.3322,0,94
2025-05-06,Club Sandwich,food_main,250,29,1,5,6,0,none,none,0,-0.3322,0,94
2025-05-06,Chicken Burger,food_main,280,31,1,5,6,0,none,none,0,-0.3322,0,94
2025-05-06,French Fries,food_snack,130,48,1,5,6,0,none,none,0,-0.3322,0,94
2025-05-06,Samosa,food_snack,40,41,1,5,6,0,none,none,0,-0.3322,0,94
2025-05-06,Chocolate Cake Slice,food_bakery,160,17,1,5,6,0,none,none,0,-0.3322,0,94
2025-05-06,Croissant,food_bakery,140,11,1,5,6,0,none,none,0,-0.3322,0,94
2025-05-07,Milk Tea (Dudh Chiya),beverage_hot,40,118,2,5,7,0,none,none,0,-0.3484,0,95
2025-05-07,Masala Chiya,beverage_hot,50,75,2,5,7,0,none,none,0,-0.3484,0,95
2025-05-07,Black Tea (Kalo Chiya),beverage_hot,30,37,2,5,7,0,none,none,0,-0.3484,0,95
2025-05-07,Americano,beverage_hot,150,30,2,5,7,0,none,none,0,-0.3484,0,95
2025-05-07,Cappuccino,beverage_hot,190,53,2,5,7,0,none,none,0,-0.3484,0,95
2025-05-07,Cafe Latte,beverage_hot,200,34,2,5,7,0,none,none,0,-0.3484,0,95
2025-05-07,Hot Chocolate,beverage_hot,180,32,2,5,7,0,none,none,0,-0.3484,0,95
2025-05-07,Cold Coffee,beverage_cold,220,45,2,5,7,0,none,none,0,-0.3484,0,95
2025-05-07,Iced Americano,beverage_cold,180,29,2,5,7,0,none,none,0,-0.3484,0,95
2025-05-07,Lassi,beverage_cold,120,37,2,5,7,0,none,none,0,-0.3484,0,95
2025-05-07,Fresh Lime Soda,beverage_cold,100,25,2,5,7,0,none,none,0,-0.3484,0,95
2025-05-07,Veg Momo,food_main,160,65,2,5,7,0,none,none,0,-0.3484,0,95
2025-05-07,Buff Momo,food_main,180,87,2,5,7,0,none,none,0,-0.3484,0,95
2025-05-07,Chicken Chowmein,food_main,190,38,2,5,7,0,none,none,0,-0.3484,0,95
2025-05-07,Veg Thukpa,food_main,170,21,2,5,7,0,none,none,0,-0.3484,0,95
2025-05-07,Club Sandwich,food_main,250,23,2,5,7,0,none,none,0,-0.3484,0,95
2025-05-07,Chicken Burger,food_main,280,15,2,5,7,0,none,none,0,-0.3484,0,95
2025-05-07,French Fries,food_snack,130,43,2,5,7,0,none,none,0,-0.3484,0,95
2025-05-07,Samosa,food_snack,40,29,2,5,7,0,none,none,0,-0.3484,0,95
2025-05-07,Chocolate Cake Slice,food_bakery,160,18,2,5,7,0,none,none,0,-0.3484,0,95
2025-05-07,Croissant,food_bakery,140,15,2,5,7,0,none,none,0,-0.3484,0,95
2025-05-08,Milk Tea (Dudh Chiya),beverage_hot,40,155,3,5,8,0,none,none,0,-0.3645,0,96
2025-05-08,Masala Chiya,beverage_hot,50,96,3,5,8,0,none,none,0,-0.3645,0,96
2025-05-08,Black Tea (Kalo Chiya),beverage_hot,30,46,3,5,8,0,none,none,0,-0.3645,0,96
2025-05-08,Americano,beverage_hot,150,48,3,5,8,0,none,none,0,-0.3645,0,96
2025-05-08,Cappuccino,beverage_hot,190,61,3,5,8,0,none,none,0,-0.3645,0,96
2025-05-08,Cafe Latte,beverage_hot,200,50,3,5,8,0,none,none,0,-0.3645,0,96
2025-05-08,Hot Chocolate,beverage_hot,180,22,3,5,8,0,none,none,0,-0.3645,0,96
2025-05-08,Cold Coffee,beverage_cold,220,36,3,5,8,0,none,none,0,-0.3645,0,96
2025-05-08,Iced Americano,beverage_cold,180,28,3,5,8,0,none,none,0,-0.3645,0,96
2025-05-08,Lassi,beverage_cold,120,41,3,5,8,0,none,none,0,-0.3645,0,96
2025-05-08,Fresh Lime Soda,beverage_cold,100,44,3,5,8,0,none,none,0,-0.3645,0,96
2025-05-08,Veg Momo,food_main,160,63,3,5,8,0,none,none,0,-0.3645,0,96
2025-05-08,Buff Momo,food_main,180,81,3,5,8,0,none,none,0,-0.3645,0,96
2025-05-08,Chicken Chowmein,food_main,190,58,3,5,8,0,none,none,0,-0.3645,0,96
2025-05-08,Veg Thukpa,food_main,170,25,3,5,8,0,none,none,0,-0.3645,0,96
2025-05-08,Club Sandwich,food_main,250,33,3,5,8,0,none,none,0,-0.3645,0,96
2025-05-08,Chicken Burger,food_main,280,31,3,5,8,0,none,none,0,-0.3645,0,96
2025-05-08,French Fries,food_snack,130,46,3,5,8,0,none,none,0,-0.3645,0,96
2025-05-08,Samosa,food_snack,40,28,3,5,8,0,none,none,0,-0.3645,0,96
2025-05-08,Chocolate Cake Slice,food_bakery,160,14,3,5,8,0,none,none,0,-0.3645,0,96
2025-05-08,Croissant,food_bakery,140,15,3,5,8,0,none,none,0,-0.3645,0,96
2025-05-09,Milk Tea (Dudh Chiya),beverage_hot,40,198,4,5,9,0,none,none,0,-0.3804,0,97
2025-05-09,Masala Chiya,beverage_hot,50,119,4,5,9,0,none,none,0,-0.3804,0,97
2025-05-09,Black Tea (Kalo Chiya),beverage_hot,30,58,4,5,9,0,none,none,0,-0.3804,0,97
2025-05-09,Americano,beverage_hot,150,48,4,5,9,0,none,none,0,-0.3804,0,97
2025-05-09,Cappuccino,beverage_hot,190,80,4,5,9,0,none,none,0,-0.3804,0,97
2025-05-09,Cafe Latte,beverage_hot,200,67,4,5,9,0,none,none,0,-0.3804,0,97
2025-05-09,Hot Chocolate,beverage_hot,180,41,4,5,9,0,none,none,0,-0.3804,0,97
2025-05-09,Cold Coffee,beverage_cold,220,57,4,5,9,0,none,none,0,-0.3804,0,97
2025-05-09,Iced Americano,beverage_cold,180,37,4,5,9,0,none,none,0,-0.3804,0,97
2025-05-09,Lassi,beverage_cold,120,36,4,5,9,0,none,none,0,-0.3804,0,97
2025-05-09,Fresh Lime Soda,beverage_cold,100,54,4,5,9,0,none,none,0,-0.3804,0,97
2025-05-09,Veg Momo,food_main,160,86,4,5,9,0,none,none,0,-0.3804,0,97
2025-05-09,Buff Momo,food_main,180,100,4,5,9,0,none,none,0,-0.3804,0,97
2025-05-09,Chicken Chowmein,food_main,190,61,4,5,9,0,none,none,0,-0.3804,0,97
2025-05-09,Veg Thukpa,food_main,170,32,4,5,9,0,none,none,0,-0.3804,0,97
2025-05-09,Club Sandwich,food_main,250,34,4,5,9,0,none,none,0,-0.3804,0,97
2025-05-09,Chicken Burger,food_main,280,37,4,5,9,0,none,none,0,-0.3804,0,97
2025-05-09,French Fries,food_snack,130,55,4,5,9,0,none,none,0,-0.3804,0,97
2025-05-09,Samosa,food_snack,40,43,4,5,9,0,none,none,0,-0.3804,0,97
2025-05-09,Chocolate Cake Slice,food_bakery,160,18,4,5,9,0,none,none,0,-0.3804,0,97
2025-05-09,Croissant,food_bakery,140,19,4,5,9,0,none,none,0,-0.3804,0,97
2025-05-10,Milk Tea (Dudh Chiya),beverage_hot,40,182,5,5,10,1,none,none,0,-0.3963,0,98
2025-05-10,Masala Chiya,beverage_hot,50,127,5,5,10,1,none,none,0,-0.3963,0,98
2025-05-10,Black Tea (Kalo Chiya),beverage_hot,30,54,5,5,10,1,none,none,0,-0.3963,0,98
2025-05-10,Americano,beverage_hot,150,61,5,5,10,1,none,none,0,-0.3963,0,98
2025-05-10,Cappuccino,beverage_hot,190,71,5,5,10,1,none,none,0,-0.3963,0,98
2025-05-10,Cafe Latte,beverage_hot,200,64,5,5,10,1,none,none,0,-0.3963,0,98
2025-05-10,Hot Chocolate,beverage_hot,180,35,5,5,10,1,none,none,0,-0.3963,0,98
2025-05-10,Cold Coffee,beverage_cold,220,73,5,5,10,1,none,none,0,-0.3963,0,98
2025-05-10,Iced Americano,beverage_cold,180,42,5,5,10,1,none,none,0,-0.3963,0,98
2025-05-10,Lassi,beverage_cold,120,44,5,5,10,1,none,none,0,-0.3963,0,98
2025-05-10,Fresh Lime Soda,beverage_cold,100,59,5,5,10,1,none,none,0,-0.3963,0,98
2025-05-10,Veg Momo,food_main,160,81,5,5,10,1,none,none,0,-0.3963,0,98
2025-05-10,Buff Momo,food_main,180,90,5,5,10,1,none,none,0,-0.3963,0,98
2025-05-10,Chicken Chowmein,food_main,190,56,5,5,10,1,none,none,0,-0.3963,0,98
2025-05-10,Veg Thukpa,food_main,170,35,5,5,10,1,none,none,0,-0.3963,0,98
2025-05-10,Club Sandwich,food_main,250,37,5,5,10,1,none,none,0,-0.3963,0,98
2025-05-10,Chicken Burger,food_main,280,23,5,5,10,1,none,none,0,-0.3963,0,98
2025-05-10,French Fries,food_snack,130,55,5,5,10,1,none,none,0,-0.3963,0,98
2025-05-10,Samosa,food_snack,40,32,5,5,10,1,none,none,0,-0.3963,0,98
2025-05-10,Chocolate Cake Slice,food_bakery,160,32,5,5,10,1,none,none,0,-0.3963,0,98
2025-05-10,Croissant,food_bakery,140,14,5,5,10,1,none,none,0,-0.3963,0,98
2025-05-11,Milk Tea (Dudh Chiya),beverage_hot,40,133,6,5,11,0,none,none,0,-0.412,0,99
2025-05-11,Masala Chiya,beverage_hot,50,104,6,5,11,0,none,none,0,-0.412,0,99
2025-05-11,Black Tea (Kalo Chiya),beverage_hot,30,47,6,5,11,0,none,none,0,-0.412,0,99
2025-05-11,Americano,beverage_hot,150,41,6,5,11,0,none,none,0,-0.412,0,99
2025-05-11,Cappuccino,beverage_hot,190,54,6,5,11,0,none,none,0,-0.412,0,99
2025-05-11,Cafe Latte,beverage_hot,200,47,6,5,11,0,none,none,0,-0.412,0,99
2025-05-11,Hot Chocolate,beverage_hot,180,18,6,5,11,0,none,none,0,-0.412,0,99
2025-05-11,Cold Coffee,beverage_cold,220,31,6,5,11,0,none,none,0,-0.412,0,99
2025-05-11,Iced Americano,beverage_cold,180,33,6,5,11,0,none,none,0,-0.412,0,99
2025-05-11,Lassi,beverage_cold,120,33,6,5,11,0,none,none,0,-0.412,0,99
2025-05-11,Fresh Lime Soda,beverage_cold,100,41,6,5,11,0,none,none,0,-0.412,0,99
2025-05-11,Veg Momo,food_main,160,56,6,5,11,0,none,none,0,-0.412,0,99
2025-05-11,Buff Momo,food_main,180,72,6,5,11,0,none,none,0,-0.412,0,99
2025-05-11,Chicken Chowmein,food_main,190,44,6,5,11,0,none,none,0,-0.412,0,99
2025-05-11,Veg Thukpa,food_main,170,23,6,5,11,0,none,none,0,-0.412,0,99
2025-05-11,Club Sandwich,food_main,250,28,6,5,11,0,none,none,0,-0.412,0,99
2025-05-11,Chicken Burger,food_main,280,18,6,5,11,0,none,none,0,-0.412,0,99
2025-05-11,French Fries,food_snack,130,47,6,5,11,0,none,none,0,-0.412,0,99
2025-05-11,Samosa,food_snack,40,37,6,5,11,0,none,none,0,-0.412,0,99
2025-05-11,Chocolate Cake Slice,food_bakery,160,14,6,5,11,0,none,none,0,-0.412,0,99
2025-05-11,Croissant,food_bakery,140,13,6,5,11,0,none,none,0,-0.412,0,99
2025-05-12,Milk Tea (Dudh Chiya),beverage_hot,40,163,0,5,12,0,Buddha Jayanti,holiday,0,-0.4276,0,100
2025-05-12,Masala Chiya,beverage_hot,50,111,0,5,12,0,Buddha Jayanti,holiday,0,-0.4276,0,100
2025-05-12,Black Tea (Kalo Chiya),beverage_hot,30,49,0,5,12,0,Buddha Jayanti,holiday,0,-0.4276,0,100
2025-05-12,Americano,beverage_hot,150,56,0,5,12,0,Buddha Jayanti,holiday,0,-0.4276,0,100
2025-05-12,Cappuccino,beverage_hot,190,60,0,5,12,0,Buddha Jayanti,holiday,0,-0.4276,0,100
2025-05-12,Cafe Latte,beverage_hot,200,47,0,5,12,0,Buddha Jayanti,holiday,0,-0.4276,0,100
2025-05-12,Hot Chocolate,beverage_hot,180,41,0,5,12,0,Buddha Jayanti,holiday,0,-0.4276,0,100
2025-05-12,Cold Coffee,beverage_cold,220,59,0,5,12,0,Buddha Jayanti,holiday,0,-0.4276,0,100
2025-05-12,Iced Americano,beverage_cold,180,42,0,5,12,0,Buddha Jayanti,holiday,0,-0.4276,0,100
2025-05-12,Lassi,beverage_cold,120,44,0,5,12,0,Buddha Jayanti,holiday,0,-0.4276,0,100
2025-05-12,Fresh Lime Soda,beverage_cold,100,47,0,5,12,0,Buddha Jayanti,holiday,0,-0.4276,0,100
2025-05-12,Veg Momo,food_main,160,82,0,5,12,0,Buddha Jayanti,holiday,0,-0.4276,0,100
2025-05-12,Buff Momo,food_main,180,89,0,5,12,0,Buddha Jayanti,holiday,0,-0.4276,0,100
2025-05-12,Chicken Chowmein,food_main,190,59,0,5,12,0,Buddha Jayanti,holiday,0,-0.4276,0,100
2025-05-12,Veg Thukpa,food_main,170,33,0,5,12,0,Buddha Jayanti,holiday,0,-0.4276,0,100
2025-05-12,Club Sandwich,food_main,250,36,0,5,12,0,Buddha Jayanti,holiday,0,-0.4276,0,100
2025-05-12,Chicken Burger,food_main,280,31,0,5,12,0,Buddha Jayanti,holiday,0,-0.4276,0,100
2025-05-12,French Fries,food_snack,130,54,0,5,12,0,Buddha Jayanti,holiday,0,-0.4276,0,100
2025-05-12,Samosa,food_snack,40,49,0,5,12,0,Buddha Jayanti,holiday,0,-0.4276,0,100
2025-05-12,Chocolate Cake Slice,food_bakery,160,14,0,5,12,0,Buddha Jayanti,holiday,0,-0.4276,0,100
2025-05-12,Croissant,food_bakery,140,14,0,5,12,0,Buddha Jayanti,holiday,0,-0.4276,0,100
2025-05-13,Milk Tea (Dudh Chiya),beverage_hot,40,134,1,5,13,0,none,none,0,-0.4431,0,101
2025-05-13,Masala Chiya,beverage_hot,50,96,1,5,13,0,none,none,0,-0.4431,0,101
2025-05-13,Black Tea (Kalo Chiya),beverage_hot,30,49,1,5,13,0,none,none,0,-0.4431,0,101
2025-05-13,Americano,beverage_hot,150,47,1,5,13,0,none,none,0,-0.4431,0,101
2025-05-13,Cappuccino,beverage_hot,190,53,1,5,13,0,none,none,0,-0.4431,0,101
2025-05-13,Cafe Latte,beverage_hot,200,49,1,5,13,0,none,none,0,-0.4431,0,101
2025-05-13,Hot Chocolate,beverage_hot,180,22,1,5,13,0,none,none,0,-0.4431,0,101
2025-05-13,Cold Coffee,beverage_cold,220,53,1,5,13,0,none,none,0,-0.4431,0,101
2025-05-13,Iced Americano,beverage_cold,180,34,1,5,13,0,none,none,0,-0.4431,0,101
2025-05-13,Lassi,beverage_cold,120,40,1,5,13,0,none,none,0,-0.4431,0,101
2025-05-13,Fresh Lime Soda,beverage_cold,100,53,1,5,13,0,none,none,0,-0.4431,0,101
2025-05-13,Veg Momo,food_main,160,60,1,5,13,0,none,none,0,-0.4431,0,101
2025-05-13,Buff Momo,food_main,180,66,1,5,13,0,none,none,0,-0.4431,0,101
2025-05-13,Chicken Chowmein,food_main,190,83,1,5,13,0,none,none,0,-0.4431,0,101
2025-05-13,Veg Thukpa,food_main,170,32,1,5,13,0,none,none,0,-0.4431,0,101
2025-05-13,Club Sandwich,food_main,250,30,1,5,13,0,none,none,0,-0.4431,0,101
2025-05-13,Chicken Burger,food_main,280,32,1,5,13,0,none,none,0,-0.4431,0,101
2025-05-13,French Fries,food_snack,130,52,1,5,13,0,none,none,0,-0.4431,0,101
2025-05-13,Samosa,food_snack,40,39,1,5,13,0,none,none,0,-0.4431,0,101
2025-05-13,Chocolate Cake Slice,food_bakery,160,23,1,5,13,0,none,none,0,-0.4431,0,101
2025-05-13,Croissant,food_bakery,140,12,1,5,13,0,none,none,0,-0.4431,0,101
2025-05-14,Milk Tea (Dudh Chiya),beverage_hot,40,147,2,5,14,0,none,none,0,-0.4585,0,102
2025-05-14,Masala Chiya,beverage_hot,50,104,2,5,14,0,none,none,0,-0.4585,0,102
2025-05-14,Black Tea (Kalo Chiya),beverage_hot,30,47,2,5,14,0,none,none,0,-0.4585,0,102
2025-05-14,Americano,beverage_hot,150,45,2,5,14,0,none,none,0,-0.4585,0,102
2025-05-14,Cappuccino,beverage_hot,190,66,2,5,14,0,none,none,0,-0.4585,0,102
2025-05-14,Cafe Latte,beverage_hot,200,41,2,5,14,0,none,none,0,-0.4585,0,102
2025-05-14,Hot Chocolate,beverage_hot,180,33,2,5,14,0,none,none,0,-0.4585,0,102
2025-05-14,Cold Coffee,beverage_cold,220,40,2,5,14,0,none,none,0,-0.4585,0,102
2025-05-14,Iced Americano,beverage_cold,180,31,2,5,14,0,none,none,0,-0.4585,0,102
2025-05-14,Lassi,beverage_cold,120,35,2,5,14,0,none,none,0,-0.4585,0,102
2025-05-14,Fresh Lime Soda,beverage_cold,100,54,2,5,14,0,none,none,0,-0.4585,0,102
2025-05-14,Veg Momo,food_main,160,80,2,5,14,0,none,none,0,-0.4585,0,102
2025-05-14,Buff Momo,food_main,180,57,2,5,14,0,none,none,0,-0.4585,0,102
2025-05-14,Chicken Chowmein,food_main,190,53,2,5,14,0,none,none,0,-0.4585,0,102
2025-05-14,Veg Thukpa,food_main,170,37,2,5,14,0,none,none,0,-0.4585,0,102
2025-05-14,Club Sandwich,food_main,250,29,2,5,14,0,none,none,0,-0.4585,0,102
2025-05-14,Chicken Burger,food_main,280,16,2,5,14,0,none,none,0,-0.4585,0,102
2025-05-14,French Fries,food_snack,130,45,2,5,14,0,none,none,0,-0.4585,0,102
2025-05-14,Samosa,food_snack,40,32,2,5,14,0,none,none,0,-0.4585,0,102
2025-05-14,Chocolate Cake Slice,food_bakery,160,20,2,5,14,0,none,none,0,-0.4585,0,102
2025-05-14,Croissant,food_bakery,140,15,2,5,14,0,none,none,0,-0.4585,0,102
2025-05-15,Milk Tea (Dudh Chiya),beverage_hot,40,143,3,5,15,0,none,none,0,-0.4737,0,103
2025-05-15,Masala Chiya,beverage_hot,50,82,3,5,15,0,none,none,0,-0.4737,0,103
2025-05-15,Black Tea (Kalo Chiya),beverage_hot,30,34,3,5,15,0,none,none,0,-0.4737,0,103
2025-05-15,Americano,beverage_hot,150,37,3,5,15,0,none,none,0,-0.4737,0,103
2025-05-15,Cappuccino,beverage_hot,190,39,3,5,15,0,none,none,0,-0.4737,0,103
2025-05-15,Cafe Latte,beverage_hot,200,50,3,5,15,0,none,none,0,-0.4737,0,103
2025-05-15,Hot Chocolate,beverage_hot,180,20,3,5,15,0,none,none,0,-0.4737,0,103
2025-05-15,Cold Coffee,beverage_cold,220,53,3,5,15,0,none,none,0,-0.4737,0,103
2025-05-15,Iced Americano,beverage_cold,180,23,3,5,15,0,none,none,0,-0.4737,0,103
2025-05-15,Lassi,beverage_cold,120,36,3,5,15,0,none,none,0,-0.4737,0,103
2025-05-15,Fresh Lime Soda,beverage_cold,100,34,3,5,15,0,none,none,0,-0.4737,0,103
2025-05-15,Veg Momo,food_main,160,56,3,5,15,0,none,none,0,-0.4737,0,103
2025-05-15,Buff Momo,food_main,180,71,3,5,15,0,none,none,0,-0.4737,0,103
2025-05-15,Chicken Chowmein,food_main,190,48,3,5,15,0,none,none,0,-0.4737,0,103
2025-05-15,Veg Thukpa,food_main,170,31,3,5,15,0,none,none,0,-0.4737,0,103
2025-05-15,Club Sandwich,food_main,250,20,3,5,15,0,none,none,0,-0.4737,0,103
2025-05-15,Chicken Burger,food_main,280,19,3,5,15,0,none,none,0,-0.4737,0,103
2025-05-15,French Fries,food_snack,130,29,3,5,15,0,none,none,0,-0.4737,0,103
2025-05-15,Samosa,food_snack,40,40,3,5,15,0,none,none,0,-0.4737,0,103
2025-05-15,Chocolate Cake Slice,food_bakery,160,16,3,5,15,0,none,none,0,-0.4737,0,103
2025-05-15,Croissant,food_bakery,140,12,3,5,15,0,none,none,0,-0.4737,0,103
2025-05-16,Milk Tea (Dudh Chiya),beverage_hot,40,184,4,5,16,0,none,none,0,-0.4888,0,104
2025-05-16,Masala Chiya,beverage_hot,50,106,4,5,16,0,none,none,0,-0.4888,0,104
2025-05-16,Black Tea (Kalo Chiya),beverage_hot,30,72,4,5,16,0,none,none,0,-0.4888,0,104
2025-05-16,Americano,beverage_hot,150,49,4,5,16,0,none,none,0,-0.4888,0,104
2025-05-16,Cappuccino,beverage_hot,190,71,4,5,16,0,none,none,0,-0.4888,0,104
2025-05-16,Cafe Latte,beverage_hot,200,51,4,5,16,0,none,none,0,-0.4888,0,104
2025-05-16,Hot Chocolate,beverage_hot,180,30,4,5,16,0,none,none,0,-0.4888,0,104
2025-05-16,Cold Coffee,beverage_cold,220,54,4,5,16,0,none,none,0,-0.4888,0,104
2025-05-16,Iced Americano,beverage_cold,180,50,4,5,16,0,none,none,0,-0.4888,0,104
2025-05-16,Lassi,beverage_cold,120,51,4,5,16,0,none,none,0,-0.4888,0,104
2025-05-16,Fresh Lime Soda,beverage_cold,100,46,4,5,16,0,none,none,0,-0.4888,0,104
2025-05-16,Veg Momo,food_main,160,71,4,5,16,0,none,none,0,-0.4888,0,104
2025-05-16,Buff Momo,food_main,180,80,4,5,16,0,none,none,0,-0.4888,0,104
2025-05-16,Chicken Chowmein,food_main,190,74,4,5,16,0,none,none,0,-0.4888,0,104
2025-05-16,Veg Thukpa,food_main,170,29,4,5,16,0,none,none,0,-0.4888,0,104
2025-05-16,Club Sandwich,food_main,250,32,4,5,16,0,none,none,0,-0.4888,0,104
2025-05-16,Chicken Burger,food_main,280,31,4,5,16,0,none,none,0,-0.4888,0,104
2025-05-16,French Fries,food_snack,130,34,4,5,16,0,none,none,0,-0.4888,0,104
2025-05-16,Samosa,food_snack,40,53,4,5,16,0,none,none,0,-0.4888,0,104
2025-05-16,Chocolate Cake Slice,food_bakery,160,19,4,5,16,0,none,none,0,-0.4888,0,104
2025-05-16,Croissant,food_bakery,140,25,4,5,16,0,none,none,0,-0.4888,0,104
2025-05-17,Milk Tea (Dudh Chiya),beverage_hot,40,180,5,5,17,1,none,none,0,-0.5037,0,105
2025-05-17,Masala Chiya,beverage_hot,50,113,5,5,17,1,none,none,0,-0.5037,0,105
2025-05-17,Black Tea (Kalo Chiya),beverage_hot,30,57,5,5,17,1,none,none,0,-0.5037,0,105
2025-05-17,Americano,beverage_hot,150,54,5,5,17,1,none,none,0,-0.5037,0,105
2025-05-17,Cappuccino,beverage_hot,190,67,5,5,17,1,none,none,0,-0.5037,0,105
2025-05-17,Cafe Latte,beverage_hot,200,56,5,5,17,1,none,none,0,-0.5037,0,105
2025-05-17,Hot Chocolate,beverage_hot,180,40,5,5,17,1,none,none,0,-0.5037,0,105
2025-05-17,Cold Coffee,beverage_cold,220,47,5,5,17,1,none,none,0,-0.5037,0,105
2025-05-17,Iced Americano,beverage_cold,180,43,5,5,17,1,none,none,0,-0.5037,0,105
2025-05-17,Lassi,beverage_cold,120,31,5,5,17,1,none,none,0,-0.5037,0,105
2025-05-17,Fresh Lime Soda,beverage_cold,100,51,5,5,17,1,none,none,0,-0.5037,0,105
2025-05-17,Veg Momo,food_main,160,80,5,5,17,1,none,none,0,-0.5037,0,105
2025-05-17,Buff Momo,food_main,180,63,5,5,17,1,none,none,0,-0.5037,0,105
2025-05-17,Chicken Chowmein,food_main,190,64,5,5,17,1,none,none,0,-0.5037,0,105
2025-05-17,Veg Thukpa,food_main,170,23,5,5,17,1,none,none,0,-0.5037,0,105
2025-05-17,Club Sandwich,food_main,250,27,5,5,17,1,none,none,0,-0.5037,0,105
2025-05-17,Chicken Burger,food_main,280,35,5,5,17,1,none,none,0,-0.5037,0,105
2025-05-17,French Fries,food_snack,130,56,5,5,17,1,none,none,0,-0.5037,0,105
2025-05-17,Samosa,food_snack,40,43,5,5,17,1,none,none,0,-0.5037,0,105
2025-05-17,Chocolate Cake Slice,food_bakery,160,17,5,5,17,1,none,none,0,-0.5037,0,105
2025-05-17,Croissant,food_bakery,140,25,5,5,17,1,none,none,0,-0.5037,0,105
2025-05-18,Milk Tea (Dudh Chiya),beverage_hot,40,133,6,5,18,0,none,none,0,-0.5185,0,106
2025-05-18,Masala Chiya,beverage_hot,50,76,6,5,18,0,none,none,0,-0.5185,0,106
2025-05-18,Black Tea (Kalo Chiya),beverage_hot,30,40,6,5,18,0,none,none,0,-0.5185,0,106
2025-05-18,Americano,beverage_hot,150,34,6,5,18,0,none,none,0,-0.5185,0,106
2025-05-18,Cappuccino,beverage_hot,190,38,6,5,18,0,none,none,0,-0.5185,0,106
2025-05-18,Cafe Latte,beverage_hot,200,46,6,5,18,0,none,none,0,-0.5185,0,106
2025-05-18,Hot Chocolate,beverage_hot,180,31,6,5,18,0,none,none,0,-0.5185,0,106
2025-05-18,Cold Coffee,beverage_cold,220,41,6,5,18,0,none,none,0,-0.5185,0,106
2025-05-18,Iced Americano,beverage_cold,180,17,6,5,18,0,none,none,0,-0.5185,0,106
2025-05-18,Lassi,beverage_cold,120,26,6,5,18,0,none,none,0,-0.5185,0,106
2025-05-18,Fresh Lime Soda,beverage_cold,100,25,6,5,18,0,none,none,0,-0.5185,0,106
2025-05-18,Veg Momo,food_main,160,59,6,5,18,0,none,none,0,-0.5185,0,106
2025-05-18,Buff Momo,food_main,180,59,6,5,18,0,none,none,0,-0.5185,0,106
2025-05-18,Chicken Chowmein,food_main,190,31,6,5,18,0,none,none,0,-0.5185,0,106
2025-05-18,Veg Thukpa,food_main,170,26,6,5,18,0,none,none,0,-0.5185,0,106
2025-05-18,Club Sandwich,food_main,250,21,6,5,18,0,none,none,0,-0.5185,0,106
2025-05-18,Chicken Burger,food_main,280,16,6,5,18,0,none,none,0,-0.5185,0,106
2025-05-18,French Fries,food_snack,130,32,6,5,18,0,none,none,0,-0.5185,0,106
2025-05-18,Samosa,food_snack,40,32,6,5,18,0,none,none,0,-0.5185,0,106
2025-05-18,Chocolate Cake Slice,food_bakery,160,15,6,5,18,0,none,none,0,-0.5185,0,106
2025-05-18,Croissant,food_bakery,140,18,6,5,18,0,none,none,0,-0.5185,0,106
2025-05-19,Milk Tea (Dudh Chiya),beverage_hot,40,143,0,5,19,0,none,none,0,-0.5331,0,107
2025-05-19,Masala Chiya,beverage_hot,50,85,0,5,19,0,none,none,0,-0.5331,0,107
2025-05-19,Black Tea (Kalo Chiya),beverage_hot,30,42,0,5,19,0,none,none,0,-0.5331,0,107
2025-05-19,Americano,beverage_hot,150,57,0,5,19,0,none,none,0,-0.5331,0,107
2025-05-19,Cappuccino,beverage_hot,190,42,0,5,19,0,none,none,0,-0.5331,0,107
2025-05-19,Cafe Latte,beverage_hot,200,44,0,5,19,0,none,none,0,-0.5331,0,107
2025-05-19,Hot Chocolate,beverage_hot,180,24,0,5,19,0,none,none,0,-0.5331,0,107
2025-05-19,Cold Coffee,beverage_cold,220,46,0,5,19,0,none,none,0,-0.5331,0,107
2025-05-19,Iced Americano,beverage_cold,180,42,0,5,19,0,none,none,0,-0.5331,0,107
2025-05-19,Lassi,beverage_cold,120,39,0,5,19,0,none,none,0,-0.5331,0,107
2025-05-19,Fresh Lime Soda,beverage_cold,100,37,0,5,19,0,none,none,0,-0.5331,0,107
2025-05-19,Veg Momo,food_main,160,59,0,5,19,0,none,none,0,-0.5331,0,107
2025-05-19,Buff Momo,food_main,180,66,0,5,19,0,none,none,0,-0.5331,0,107
2025-05-19,Chicken Chowmein,food_main,190,51,0,5,19,0,none,none,0,-0.5331,0,107
2025-05-19,Veg Thukpa,food_main,170,22,0,5,19,0,none,none,0,-0.5331,0,107
2025-05-19,Club Sandwich,food_main,250,32,0,5,19,0,none,none,0,-0.5331,0,107
2025-05-19,Chicken Burger,food_main,280,38,0,5,19,0,none,none,0,-0.5331,0,107
2025-05-19,French Fries,food_snack,130,36,0,5,19,0,none,none,0,-0.5331,0,107
2025-05-19,Samosa,food_snack,40,30,0,5,19,0,none,none,0,-0.5331,0,107
2025-05-19,Chocolate Cake Slice,food_bakery,160,18,0,5,19,0,none,none,0,-0.5331,0,107
2025-05-19,Croissant,food_bakery,140,16,0,5,19,0,none,none,0,-0.5331,0,107
2025-05-20,Milk Tea (Dudh Chiya),beverage_hot,40,167,1,5,20,0,none,none,0,-0.5476,0,108
2025-05-20,Masala Chiya,beverage_hot,50,90,1,5,20,0,none,none,0,-0.5476,0,108
2025-05-20,Black Tea (Kalo Chiya),beverage_hot,30,36,1,5,20,0,none,none,0,-0.5476,0,108
2025-05-20,Americano,beverage_hot,150,48,1,5,20,0,none,none,0,-0.5476,0,108
2025-05-20,Cappuccino,beverage_hot,190,57,1,5,20,0,none,none,0,-0.5476,0,108
2025-05-20,Cafe Latte,beverage_hot,200,57,1,5,20,0,none,none,0,-0.5476,0,108
2025-05-20,Hot Chocolate,beverage_hot,180,10,1,5,20,0,none,none,0,-0.5476,0,108
2025-05-20,Cold Coffee,beverage_cold,220,40,1,5,20,0,none,none,0,-0.5476,0,108
2025-05-20,Iced Americano,beverage_cold,180,41,1,5,20,0,none,none,0,-0.5476,0,108
2025-05-20,Lassi,beverage_cold,120,41,1,5,20,0,none,none,0,-0.5476,0,108
2025-05-20,Fresh Lime Soda,beverage_cold,100,37,1,5,20,0,none,none,0,-0.5476,0,108
2025-05-20,Veg Momo,food_main,160,74,1,5,20,0,none,none,0,-0.5476,0,108
2025-05-20,Buff Momo,food_main,180,72,1,5,20,0,none,none,0,-0.5476,0,108
2025-05-20,Chicken Chowmein,food_main,190,53,1,5,20,0,none,none,0,-0.5476,0,108
2025-05-20,Veg Thukpa,food_main,170,26,1,5,20,0,none,none,0,-0.5476,0,108
2025-05-20,Club Sandwich,food_main,250,33,1,5,20,0,none,none,0,-0.5476,0,108
2025-05-20,Chicken Burger,food_main,280,32,1,5,20,0,none,none,0,-0.5476,0,108
2025-05-20,French Fries,food_snack,130,48,1,5,20,0,none,none,0,-0.5476,0,108
2025-05-20,Samosa,food_snack,40,30,1,5,20,0,none,none,0,-0.5476,0,108
2025-05-20,Chocolate Cake Slice,food_bakery,160,18,1,5,20,0,none,none,0,-0.5476,0,108
2025-05-20,Croissant,food_bakery,140,5,1,5,20,0,none,none,0,-0.5476,0,108
2025-05-21,Milk Tea (Dudh Chiya),beverage_hot,40,137,2,5,21,0,none,none,0,-0.5619,0,109
2025-05-21,Masala Chiya,beverage_hot,50,85,2,5,21,0,none,none,0,-0.5619,0,109
2025-05-21,Black Tea (Kalo Chiya),beverage_hot,30,35,2,5,21,0,none,none,0,-0.5619,0,109
2025-05-21,Americano,beverage_hot,150,54,2,5,21,0,none,none,0,-0.5619,0,109
2025-05-21,Cappuccino,beverage_hot,190,42,2,5,21,0,none,none,0,-0.5619,0,109
2025-05-21,Cafe Latte,beverage_hot,200,34,2,5,21,0,none,none,0,-0.5619,0,109
2025-05-21,Hot Chocolate,beverage_hot,180,27,2,5,21,0,none,none,0,-0.5619,0,109
2025-05-21,Cold Coffee,beverage_cold,220,40,2,5,21,0,none,none,0,-0.5619,0,109
2025-05-21,Iced Americano,beverage_cold,180,29,2,5,21,0,none,none,0,-0.5619,0,109
2025-05-21,Lassi,beverage_cold,120,35,2,5,21,0,none,none,0,-0.5619,0,109
2025-05-21,Fresh Lime Soda,beverage_cold,100,45,2,5,21,0,none,none,0,-0.5619,0,109
2025-05-21,Veg Momo,food_main,160,62,2,5,21,0,none,none,0,-0.5619,0,109
2025-05-21,Buff Momo,food_main,180,67,2,5,21,0,none,none,0,-0.5619,0,109
2025-05-21,Chicken Chowmein,food_main,190,43,2,5,21,0,none,none,0,-0.5619,0,109
2025-05-21,Veg Thukpa,food_main,170,19,2,5,21,0,none,none,0,-0.5619,0,109
2025-05-21,Club Sandwich,food_main,250,18,2,5,21,0,none,none,0,-0.5619,0,109
2025-05-21,Chicken Burger,food_main,280,22,2,5,21,0,none,none,0,-0.5619,0,109
2025-05-21,French Fries,food_snack,130,33,2,5,21,0,none,none,0,-0.5619,0,109
2025-05-21,Samosa,food_snack,40,27,2,5,21,0,none,none,0,-0.5619,0,109
2025-05-21,Chocolate Cake Slice,food_bakery,160,16,2,5,21,0,none,none,0,-0.5619,0,109
2025-05-21,Croissant,food_bakery,140,15,2,5,21,0,none,none,0,-0.5619,0,109
2025-05-22,Milk Tea (Dudh Chiya),beverage_hot,40,156,3,5,22,0,none,none,0,-0.5761,0,110
2025-05-22,Masala Chiya,beverage_hot,50,92,3,5,22,0,none,none,0,-0.5761,0,110
2025-05-22,Black Tea (Kalo Chiya),beverage_hot,30,50,3,5,22,0,none,none,0,-0.5761,0,110
2025-05-22,Americano,beverage_hot,150,57,3,5,22,0,none,none,0,-0.5761,0,110
2025-05-22,Cappuccino,beverage_hot,190,56,3,5,22,0,none,none,0,-0.5761,0,110
2025-05-22,Cafe Latte,beverage_hot,200,46,3,5,22,0,none,none,0,-0.5761,0,110
2025-05-22,Hot Chocolate,beverage_hot,180,26,3,5,22,0,none,none,0,-0.5761,0,110
2025-05-22,Cold Coffee,beverage_cold,220,52,3,5,22,0,none,none,0,-0.5761,0,110
2025-05-22,Iced Americano,beverage_cold,180,31,3,5,22,0,none,none,0,-0.5761,0,110
2025-05-22,Lassi,beverage_cold,120,37,3,5,22,0,none,none,0,-0.5761,0,110
2025-05-22,Fresh Lime Soda,beverage_cold,100,35,3,5,22,0,none,none,0,-0.5761,0,110
2025-05-22,Veg Momo,food_main,160,67,3,5,22,0,none,none,0,-0.5761,0,110
2025-05-22,Buff Momo,food_main,180,84,3,5,22,0,none,none,0,-0.5761,0,110
2025-05-22,Chicken Chowmein,food_main,190,58,3,5,22,0,none,none,0,-0.5761,0,110
2025-05-22,Veg Thukpa,food_main,170,30,3,5,22,0,none,none,0,-0.5761,0,110
2025-05-22,Club Sandwich,food_main,250,42,3,5,22,0,none,none,0,-0.5761,0,110
2025-05-22,Chicken Burger,food_main,280,21,3,5,22,0,none,none,0,-0.5761,0,110
2025-05-22,French Fries,food_snack,130,61,3,5,22,0,none,none,0,-0.5761,0,110
2025-05-22,Samosa,food_snack,40,27,3,5,22,0,none,none,0,-0.5761,0,110
2025-05-22,Chocolate Cake Slice,food_bakery,160,22,3,5,22,0,none,none,0,-0.5761,0,110
2025-05-22,Croissant,food_bakery,140,15,3,5,22,0,none,none,0,-0.5761,0,110
2025-05-23,Milk Tea (Dudh Chiya),beverage_hot,40,194,4,5,23,0,none,none,0,-0.59,0,111
2025-05-23,Masala Chiya,beverage_hot,50,146,4,5,23,0,none,none,0,-0.59,0,111
2025-05-23,Black Tea (Kalo Chiya),beverage_hot,30,63,4,5,23,0,none,none,0,-0.59,0,111
2025-05-23,Americano,beverage_hot,150,40,4,5,23,0,none,none,0,-0.59,0,111
2025-05-23,Cappuccino,beverage_hot,190,72,4,5,23,0,none,none,0,-0.59,0,111
2025-05-23,Cafe Latte,beverage_hot,200,70,4,5,23,0,none,none,0,-0.59,0,111
2025-05-23,Hot Chocolate,beverage_hot,180,47,4,5,23,0,none,none,0,-0.59,0,111
2025-05-23,Cold Coffee,beverage_cold,220,66,4,5,23,0,none,none,0,-0.59,0,111
2025-05-23,Iced Americano,beverage_cold,180,44,4,5,23,0,none,none,0,-0.59,0,111
2025-05-23,Lassi,beverage_cold,120,41,4,5,23,0,none,none,0,-0.59,0,111
2025-05-23,Fresh Lime Soda,beverage_cold,100,70,4,5,23,0,none,none,0,-0.59,0,111
2025-05-23,Veg Momo,food_main,160,84,4,5,23,0,none,none,0,-0.59,0,111
2025-05-23,Buff Momo,food_main,180,82,4,5,23,0,none,none,0,-0.59,0,111
2025-05-23,Chicken Chowmein,food_main,190,57,4,5,23,0,none,none,0,-0.59,0,111
2025-05-23,Veg Thukpa,food_main,170,41,4,5,23,0,none,none,0,-0.59,0,111
2025-05-23,Club Sandwich,food_main,250,34,4,5,23,0,none,none,0,-0.59,0,111
2025-05-23,Chicken Burger,food_main,280,29,4,5,23,0,none,none,0,-0.59,0,111
2025-05-23,French Fries,food_snack,130,59,4,5,23,0,none,none,0,-0.59,0,111
2025-05-23,Samosa,food_snack,40,59,4,5,23,0,none,none,0,-0.59,0,111
2025-05-23,Chocolate Cake Slice,food_bakery,160,22,4,5,23,0,none,none,0,-0.59,0,111
2025-05-23,Croissant,food_bakery,140,15,4,5,23,0,none,none,0,-0.59,0,111
2025-05-24,Milk Tea (Dudh Chiya),beverage_hot,40,193,5,5,24,1,none,none,0,-0.6038,0,112
2025-05-24,Masala Chiya,beverage_hot,50,124,5,5,24,1,none,none,0,-0.6038,0,112
2025-05-24,Black Tea (Kalo Chiya),beverage_hot,30,53,5,5,24,1,none,none,0,-0.6038,0,112
2025-05-24,Americano,beverage_hot,150,65,5,5,24,1,none,none,0,-0.6038,0,112
2025-05-24,Cappuccino,beverage_hot,190,62,5,5,24,1,none,none,0,-0.6038,0,112
2025-05-24,Cafe Latte,beverage_hot,200,61,5,5,24,1,none,none,0,-0.6038,0,112
2025-05-24,Hot Chocolate,beverage_hot,180,43,5,5,24,1,none,none,0,-0.6038,0,112
2025-05-24,Cold Coffee,beverage_cold,220,46,5,5,24,1,none,none,0,-0.6038,0,112
2025-05-24,Iced Americano,beverage_cold,180,50,5,5,24,1,none,none,0,-0.6038,0,112
2025-05-24,Lassi,beverage_cold,120,47,5,5,24,1,none,none,0,-0.6038,0,112
2025-05-24,Fresh Lime Soda,beverage_cold,100,49,5,5,24,1,none,none,0,-0.6038,0,112
2025-05-24,Veg Momo,food_main,160,87,5,5,24,1,none,none,0,-0.6038,0,112
2025-05-24,Buff Momo,food_main,180,101,5,5,24,1,none,none,0,-0.6038,0,112
2025-05-24,Chicken Chowmein,food_main,190,66,5,5,24,1,none,none,0,-0.6038,0,112
2025-05-24,Veg Thukpa,food_main,170,33,5,5,24,1,none,none,0,-0.6038,0,112
2025-05-24,Club Sandwich,food_main,250,37,5,5,24,1,none,none,0,-0.6038,0,112
2025-05-24,Chicken Burger,food_main,280,32,5,5,24,1,none,none,0,-0.6038,0,112
2025-05-24,French Fries,food_snack,130,57,5,5,24,1,none,none,0,-0.6038,0,112
2025-05-24,Samosa,food_snack,40,63,5,5,24,1,none,none,0,-0.6038,0,112
2025-05-24,Chocolate Cake Slice,food_bakery,160,22,5,5,24,1,none,none,0,-0.6038,0,112
2025-05-24,Croissant,food_bakery,140,20,5,5,24,1,none,none,0,-0.6038,0,112
2025-05-25,Milk Tea (Dudh Chiya),beverage_hot,40,123,6,5,25,0,none,none,0,-0.6175,0,113
2025-05-25,Masala Chiya,beverage_hot,50,73,6,5,25,0,none,none,0,-0.6175,0,113
2025-05-25,Black Tea (Kalo Chiya),beverage_hot,30,34,6,5,25,0,none,none,0,-0.6175,0,113
2025-05-25,Americano,beverage_hot,150,41,6,5,25,0,none,none,0,-0.6175,0,113
2025-05-25,Cappuccino,beverage_hot,190,48,6,5,25,0,none,none,0,-0.6175,0,113
2025-05-25,Cafe Latte,beverage_hot,200,43,6,5,25,0,none,none,0,-0.6175,0,113
2025-05-25,Hot Chocolate,beverage_hot,180,38,6,5,25,0,none,none,0,-0.6175,0,113
2025-05-25,Cold Coffee,beverage_cold,220,36,6,5,25,0,none,none,0,-0.6175,0,113
2025-05-25,Iced Americano,beverage_cold,180,26,6,5,25,0,none,none,0,-0.6175,0,113
2025-05-25,Lassi,beverage_cold,120,27,6,5,25,0,none,none,0,-0.6175,0,113
2025-05-25,Fresh Lime Soda,beverage_cold,100,47,6,5,25,0,none,none,0,-0.6175,0,113
2025-05-25,Veg Momo,food_main,160,60,6,5,25,0,none,none,0,-0.6175,0,113
2025-05-25,Buff Momo,food_main,180,57,6,5,25,0,none,none,0,-0.6175,0,113
2025-05-25,Chicken Chowmein,food_main,190,44,6,5,25,0,none,none,0,-0.6175,0,113
2025-05-25,Veg Thukpa,food_main,170,23,6,5,25,0,none,none,0,-0.6175,0,113
2025-05-25,Club Sandwich,food_main,250,22,6,5,25,0,none,none,0,-0.6175,0,113
2025-05-25,Chicken Burger,food_main,280,22,6,5,25,0,none,none,0,-0.6175,0,113
2025-05-25,French Fries,food_snack,130,33,6,5,25,0,none,none,0,-0.6175,0,113
2025-05-25,Samosa,food_snack,40,30,6,5,25,0,none,none,0,-0.6175,0,113
2025-05-25,Chocolate Cake Slice,food_bakery,160,10,6,5,25,0,none,none,0,-0.6175,0,113
2025-05-25,Croissant,food_bakery,140,10,6,5,25,0,none,none,0,-0.6175,0,113
2025-05-26,Milk Tea (Dudh Chiya),beverage_hot,40,143,0,5,26,0,none,none,0,-0.6309,0,114
2025-05-26,Masala Chiya,beverage_hot,50,102,0,5,26,0,none,none,0,-0.6309,0,114
2025-05-26,Black Tea (Kalo Chiya),beverage_hot,30,43,0,5,26,0,none,none,0,-0.6309,0,114
2025-05-26,Americano,beverage_hot,150,41,0,5,26,0,none,none,0,-0.6309,0,114
2025-05-26,Cappuccino,beverage_hot,190,49,0,5,26,0,none,none,0,-0.6309,0,114
2025-05-26,Cafe Latte,beverage_hot,200,56,0,5,26,0,none,none,0,-0.6309,0,114
2025-05-26,Hot Chocolate,beverage_hot,180,21,0,5,26,0,none,none,0,-0.6309,0,114
2025-05-26,Cold Coffee,beverage_cold,220,39,0,5,26,0,none,none,0,-0.6309,0,114
2025-05-26,Iced Americano,beverage_cold,180,28,0,5,26,0,none,none,0,-0.6309,0,114
2025-05-26,Lassi,beverage_cold,120,37,0,5,26,0,none,none,0,-0.6309,0,114
2025-05-26,Fresh Lime Soda,beverage_cold,100,37,0,5,26,0,none,none,0,-0.6309,0,114
2025-05-26,Veg Momo,food_main,160,52,0,5,26,0,none,none,0,-0.6309,0,114
2025-05-26,Buff Momo,food_main,180,58,0,5,26,0,none,none,0,-0.6309,0,114
2025-05-26,Chicken Chowmein,food_main,190,50,0,5,26,0,none,none,0,-0.6309,0,114
2025-05-26,Veg Thukpa,food_main,170,25,0,5,26,0,none,none,0,-0.6309,0,114
2025-05-26,Club Sandwich,food_main,250,23,0,5,26,0,none,none,0,-0.6309,0,114
2025-05-26,Chicken Burger,food_main,280,30,0,5,26,0,none,none,0,-0.6309,0,114
2025-05-26,French Fries,food_snack,130,41,0,5,26,0,none,none,0,-0.6309,0,114
2025-05-26,Samosa,food_snack,40,39,0,5,26,0,none,none,0,-0.6309,0,114
2025-05-26,Chocolate Cake Slice,food_bakery,160,16,0,5,26,0,none,none,0,-0.6309,0,114
2025-05-26,Croissant,food_bakery,140,10,0,5,26,0,none,none,0,-0.6309,0,114
2025-05-27,Milk Tea (Dudh Chiya),beverage_hot,40,128,1,5,27,0,none,none,0,-0.6442,0,115
2025-05-27,Masala Chiya,beverage_hot,50,97,1,5,27,0,none,none,0,-0.6442,0,115
2025-05-27,Black Tea (Kalo Chiya),beverage_hot,30,37,1,5,27,0,none,none,0,-0.6442,0,115
2025-05-27,Americano,beverage_hot,150,50,1,5,27,0,none,none,0,-0.6442,0,115
2025-05-27,Cappuccino,beverage_hot,190,49,1,5,27,0,none,none,0,-0.6442,0,115
2025-05-27,Cafe Latte,beverage_hot,200,36,1,5,27,0,none,none,0,-0.6442,0,115
2025-05-27,Hot Chocolate,beverage_hot,180,21,1,5,27,0,none,none,0,-0.6442,0,115
2025-05-27,Cold Coffee,beverage_cold,220,41,1,5,27,0,none,none,0,-0.6442,0,115
2025-05-27,Iced Americano,beverage_cold,180,26,1,5,27,0,none,none,0,-0.6442,0,115
2025-05-27,Lassi,beverage_cold,120,28,1,5,27,0,none,none,0,-0.6442,0,115
2025-05-27,Fresh Lime Soda,beverage_cold,100,40,1,5,27,0,none,none,0,-0.6442,0,115
2025-05-27,Veg Momo,food_main,160,60,1,5,27,0,none,none,0,-0.6442,0,115
2025-05-27,Buff Momo,food_main,180,53,1,5,27,0,none,none,0,-0.6442,0,115
2025-05-27,Chicken Chowmein,food_main,190,42,1,5,27,0,none,none,0,-0.6442,0,115
2025-05-27,Veg Thukpa,food_main,170,22,1,5,27,0,none,none,0,-0.6442,0,115
2025-05-27,Club Sandwich,food_main,250,21,1,5,27,0,none,none,0,-0.6442,0,115
2025-05-27,Chicken Burger,food_main,280,17,1,5,27,0,none,none,0,-0.6442,0,115
2025-05-27,French Fries,food_snack,130,39,1,5,27,0,none,none,0,-0.6442,0,115
2025-05-27,Samosa,food_snack,40,24,1,5,27,0,none,none,0,-0.6442,0,115
2025-05-27,Chocolate Cake Slice,food_bakery,160,14,1,5,27,0,none,none,0,-0.6442,0,115
2025-05-27,Croissant,food_bakery,140,9,1,5,27,0,none,none,0,-0.6442,0,115
2025-05-28,Milk Tea (Dudh Chiya),beverage_hot,40,119,2,5,28,0,none,none,0,-0.6572,0,116
2025-05-28,Masala Chiya,beverage_hot,50,97,2,5,28,0,none,none,0,-0.6572,0,116
2025-05-28,Black Tea (Kalo Chiya),beverage_hot,30,40,2,5,28,0,none,none,0,-0.6572,0,116
2025-05-28,Americano,beverage_hot,150,44,2,5,28,0,none,none,0,-0.6572,0,116
2025-05-28,Cappuccino,beverage_hot,190,50,2,5,28,0,none,none,0,-0.6572,0,116
2025-05-28,Cafe Latte,beverage_hot,200,51,2,5,28,0,none,none,0,-0.6572,0,116
2025-05-28,Hot Chocolate,beverage_hot,180,26,2,5,28,0,none,none,0,-0.6572,0,116
2025-05-28,Cold Coffee,beverage_cold,220,47,2,5,28,0,none,none,0,-0.6572,0,116
2025-05-28,Iced Americano,beverage_cold,180,38,2,5,28,0,none,none,0,-0.6572,0,116
2025-05-28,Lassi,beverage_cold,120,40,2,5,28,0,none,none,0,-0.6572,0,116
2025-05-28,Fresh Lime Soda,beverage_cold,100,43,2,5,28,0,none,none,0,-0.6572,0,116
2025-05-28,Veg Momo,food_main,160,66,2,5,28,0,none,none,0,-0.6572,0,116
2025-05-28,Buff Momo,food_main,180,63,2,5,28,0,none,none,0,-0.6572,0,116
2025-05-28,Chicken Chowmein,food_main,190,51,2,5,28,0,none,none,0,-0.6572,0,116
2025-05-28,Veg Thukpa,food_main,170,30,2,5,28,0,none,none,0,-0.6572,0,116
2025-05-28,Club Sandwich,food_main,250,20,2,5,28,0,none,none,0,-0.6572,0,116
2025-05-28,Chicken Burger,food_main,280,26,2,5,28,0,none,none,0,-0.6572,0,116
2025-05-28,French Fries,food_snack,130,32,2,5,28,0,none,none,0,-0.6572,0,116
2025-05-28,Samosa,food_snack,40,42,2,5,28,0,none,none,0,-0.6572,0,116
2025-05-28,Chocolate Cake Slice,food_bakery,160,19,2,5,28,0,none,none,0,-0.6572,0,116
2025-05-28,Croissant,food_bakery,140,22,2,5,28,0,none,none,0,-0.6572,0,116
2025-05-29,Milk Tea (Dudh Chiya),beverage_hot,40,143,3,5,29,0,none,none,0,-0.6701,0,117
2025-05-29,Masala Chiya,beverage_hot,50,105,3,5,29,0,none,none,0,-0.6701,0,117
2025-05-29,Black Tea (Kalo Chiya),beverage_hot,30,57,3,5,29,0,none,none,0,-0.6701,0,117
2025-05-29,Americano,beverage_hot,150,63,3,5,29,0,none,none,0,-0.6701,0,117
2025-05-29,Cappuccino,beverage_hot,190,70,3,5,29,0,none,none,0,-0.6701,0,117
2025-05-29,Cafe Latte,beverage_hot,200,58,3,5,29,0,none,none,0,-0.6701,0,117
2025-05-29,Hot Chocolate,beverage_hot,180,30,3,5,29,0,none,none,0,-0.6701,0,117
2025-05-29,Cold Coffee,beverage_cold,220,49,3,5,29,0,none,none,0,-0.6701,0,117
2025-05-29,Iced Americano,beverage_cold,180,34,3,5,29,0,none,none,0,-0.6701,0,117
2025-05-29,Lassi,beverage_cold,120,47,3,5,29,0,none,none,0,-0.6701,0,117
2025-05-29,Fresh Lime Soda,beverage_cold,100,54,3,5,29,0,none,none,0,-0.6701,0,117
2025-05-29,Veg Momo,food_main,160,64,3,5,29,0,none,none,0,-0.6701,0,117
2025-05-29,Buff Momo,food_main,180,61,3,5,29,0,none,none,0,-0.6701,0,117
2025-05-29,Chicken Chowmein,food_main,190,37,3,5,29,0,none,none,0,-0.6701,0,117
2025-05-29,Veg Thukpa,food_main,170,32,3,5,29,0,none,none,0,-0.6701,0,117
2025-05-29,Club Sandwich,food_main,250,27,3,5,29,0,none,none,0,-0.6701,0,117
2025-05-29,Chicken Burger,food_main,280,28,3,5,29,0,none,none,0,-0.6701,0,117
2025-05-29,French Fries,food_snack,130,39,3,5,29,0,none,none,0,-0.6701,0,117
2025-05-29,Samosa,food_snack,40,42,3,5,29,0,none,none,0,-0.6701,0,117
2025-05-29,Chocolate Cake Slice,food_bakery,160,17,3,5,29,0,none,none,0,-0.6701,0,117
2025-05-29,Croissant,food_bakery,140,18,3,5,29,0,none,none,0,-0.6701,0,117
2025-05-30,Milk Tea (Dudh Chiya),beverage_hot,40,182,4,5,30,0,none,none,0,-0.6828,0,118
2025-05-30,Masala Chiya,beverage_hot,50,124,4,5,30,0,none,none,0,-0.6828,0,118
2025-05-30,Black Tea (Kalo Chiya),beverage_hot,30,42,4,5,30,0,none,none,0,-0.6828,0,118
2025-05-30,Americano,beverage_hot,150,48,4,5,30,0,none,none,0,-0.6828,0,118
2025-05-30,Cappuccino,beverage_hot,190,77,4,5,30,0,none,none,0,-0.6828,0,118
2025-05-30,Cafe Latte,beverage_hot,200,52,4,5,30,0,none,none,0,-0.6828,0,118
2025-05-30,Hot Chocolate,beverage_hot,180,41,4,5,30,0,none,none,0,-0.6828,0,118
2025-05-30,Cold Coffee,beverage_cold,220,43,4,5,30,0,none,none,0,-0.6828,0,118
2025-05-30,Iced Americano,beverage_cold,180,41,4,5,30,0,none,none,0,-0.6828,0,118
2025-05-30,Lassi,beverage_cold,120,43,4,5,30,0,none,none,0,-0.6828,0,118
2025-05-30,Fresh Lime Soda,beverage_cold,100,43,4,5,30,0,none,none,0,-0.6828,0,118
2025-05-30,Veg Momo,food_main,160,70,4,5,30,0,none,none,0,-0.6828,0,118
2025-05-30,Buff Momo,food_main,180,74,4,5,30,0,none,none,0,-0.6828,0,118
2025-05-30,Chicken Chowmein,food_main,190,48,4,5,30,0,none,none,0,-0.6828,0,118
2025-05-30,Veg Thukpa,food_main,170,27,4,5,30,0,none,none,0,-0.6828,0,118
2025-05-30,Club Sandwich,food_main,250,36,4,5,30,0,none,none,0,-0.6828,0,118
2025-05-30,Chicken Burger,food_main,280,26,4,5,30,0,none,none,0,-0.6828,0,118
2025-05-30,French Fries,food_snack,130,41,4,5,30,0,none,none,0,-0.6828,0,118
2025-05-30,Samosa,food_snack,40,36,4,5,30,0,none,none,0,-0.6828,0,118
2025-05-30,Chocolate Cake Slice,food_bakery,160,22,4,5,30,0,none,none,0,-0.6828,0,118
2025-05-30,Croissant,food_bakery,140,12,4,5,30,0,none,none,0,-0.6828,0,118
2025-05-31,Milk Tea (Dudh Chiya),beverage_hot,40,192,5,5,31,1,none,none,0,-0.6952,0,119
2025-05-31,Masala Chiya,beverage_hot,50,124,5,5,31,1,none,none,0,-0.6952,0,119
2025-05-31,Black Tea (Kalo Chiya),beverage_hot,30,55,5,5,31,1,none,none,0,-0.6952,0,119
2025-05-31,Americano,beverage_hot,150,72,5,5,31,1,none,none,0,-0.6952,0,119
2025-05-31,Cappuccino,beverage_hot,190,78,5,5,31,1,none,none,0,-0.6952,0,119
2025-05-31,Cafe Latte,beverage_hot,200,64,5,5,31,1,none,none,0,-0.6952,0,119
2025-05-31,Hot Chocolate,beverage_hot,180,40,5,5,31,1,none,none,0,-0.6952,0,119
2025-05-31,Cold Coffee,beverage_cold,220,56,5,5,31,1,none,none,0,-0.6952,0,119
2025-05-31,Iced Americano,beverage_cold,180,45,5,5,31,1,none,none,0,-0.6952,0,119
2025-05-31,Lassi,beverage_cold,120,57,5,5,31,1,none,none,0,-0.6952,0,119
2025-05-31,Fresh Lime Soda,beverage_cold,100,54,5,5,31,1,none,none,0,-0.6952,0,119
2025-05-31,Veg Momo,food_main,160,89,5,5,31,1,none,none,0,-0.6952,0,119
2025-05-31,Buff Momo,food_main,180,106,5,5,31,1,none,none,0,-0.6952,0,119
2025-05-31,Chicken Chowmein,food_main,190,64,5,5,31,1,none,none,0,-0.6952,0,119
2025-05-31,Veg Thukpa,food_main,170,41,5,5,31,1,none,none,0,-0.6952,0,119
2025-05-31,Club Sandwich,food_main,250,29,5,5,31,1,none,none,0,-0.6952,0,119
2025-05-31,Chicken Burger,food_main,280,46,5,5,31,1,none,none,0,-0.6952,0,119
2025-05-31,French Fries,food_snack,130,58,5,5,31,1,none,none,0,-0.6952,0,119
2025-05-31,Samosa,food_snack,40,61,5,5,31,1,none,none,0,-0.6952,0,119
2025-05-31,Chocolate Cake Slice,food_bakery,160,27,5,5,31,1,none,none,0,-0.6952,0,119
2025-05-31,Croissant,food_bakery,140,22,5,5,31,1,none,none,0,-0.6952,0,119
2025-06-01,Milk Tea (Dudh Chiya),beverage_hot,40,106,6,6,1,0,none,none,1,-0.7075,0,120
2025-06-01,Masala Chiya,beverage_hot,50,91,6,6,1,0,none,none,1,-0.7075,0,120
2025-06-01,Black Tea (Kalo Chiya),beverage_hot,30,34,6,6,1,0,none,none,1,-0.7075,0,120
2025-06-01,Americano,beverage_hot,150,27,6,6,1,0,none,none,1,-0.7075,0,120
2025-06-01,Cappuccino,beverage_hot,190,43,6,6,1,0,none,none,1,-0.7075,0,120
2025-06-01,Cafe Latte,beverage_hot,200,37,6,6,1,0,none,none,1,-0.7075,0,120
2025-06-01,Hot Chocolate,beverage_hot,180,20,6,6,1,0,none,none,1,-0.7075,0,120
2025-06-01,Cold Coffee,beverage_cold,220,32,6,6,1,0,none,none,1,-0.7075,0,120
2025-06-01,Iced Americano,beverage_cold,180,31,6,6,1,0,none,none,1,-0.7075,0,120
2025-06-01,Lassi,beverage_cold,120,36,6,6,1,0,none,none,1,-0.7075,0,120
2025-06-01,Fresh Lime Soda,beverage_cold,100,32,6,6,1,0,none,none,1,-0.7075,0,120
2025-06-01,Veg Momo,food_main,160,52,6,6,1,0,none,none,1,-0.7075,0,120
2025-06-01,Buff Momo,food_main,180,48,6,6,1,0,none,none,1,-0.7075,0,120
2025-06-01,Chicken Chowmein,food_main,190,42,6,6,1,0,none,none,1,-0.7075,0,120
2025-06-01,Veg Thukpa,food_main,170,24,6,6,1,0,none,none,1,-0.7075,0,120
2025-06-01,Club Sandwich,food_main,250,38,6,6,1,0,none,none,1,-0.7075,0,120
2025-06-01,Chicken Burger,food_main,280,14,6,6,1,0,none,none,1,-0.7075,0,120
2025-06-01,French Fries,food_snack,130,27,6,6,1,0,none,none,1,-0.7075,0,120
2025-06-01,Samosa,food_snack,40,20,6,6,1,0,none,none,1,-0.7075,0,120
2025-06-01,Chocolate Cake Slice,food_bakery,160,14,6,6,1,0,none,none,1,-0.7075,0,120
2025-06-01,Croissant,food_bakery,140,13,6,6,1,0,none,none,1,-0.7075,0,120
2025-06-02,Milk Tea (Dudh Chiya),beverage_hot,40,122,0,6,2,0,none,none,1,-0.7195,0,121
2025-06-02,Masala Chiya,beverage_hot,50,71,0,6,2,0,none,none,1,-0.7195,0,121
2025-06-02,Black Tea (Kalo Chiya),beverage_hot,30,44,0,6,2,0,none,none,1,-0.7195,0,121
2025-06-02,Americano,beverage_hot,150,31,0,6,2,0,none,none,1,-0.7195,0,121
2025-06-02,Cappuccino,beverage_hot,190,39,0,6,2,0,none,none,1,-0.7195,0,121
2025-06-02,Cafe Latte,beverage_hot,200,39,0,6,2,0,none,none,1,-0.7195,0,121
2025-06-02,Hot Chocolate,beverage_hot,180,18,0,6,2,0,none,none,1,-0.7195,0,121
2025-06-02,Cold Coffee,beverage_cold,220,41,0,6,2,0,none,none,1,-0.7195,0,121
2025-06-02,Iced Americano,beverage_cold,180,26,0,6,2,0,none,none,1,-0.7195,0,121
2025-06-02,Lassi,beverage_cold,120,35,0,6,2,0,none,none,1,-0.7195,0,121
2025-06-02,Fresh Lime Soda,beverage_cold,100,30,0,6,2,0,none,none,1,-0.7195,0,121
2025-06-02,Veg Momo,food_main,160,43,0,6,2,0,none,none,1,-0.7195,0,121
2025-06-02,Buff Momo,food_main,180,58,0,6,2,0,none,none,1,-0.7195,0,121
2025-06-02,Chicken Chowmein,food_main,190,35,0,6,2,0,none,none,1,-0.7195,0,121
2025-06-02,Veg Thukpa,food_main,170,24,0,6,2,0,none,none,1,-0.7195,0,121
2025-06-02,Club Sandwich,food_main,250,18,0,6,2,0,none,none,1,-0.7195,0,121
2025-06-02,Chicken Burger,food_main,280,23,0,6,2,0,none,none,1,-0.7195,0,121
2025-06-02,French Fries,food_snack,130,41,0,6,2,0,none,none,1,-0.7195,0,121
2025-06-02,Samosa,food_snack,40,35,0,6,2,0,none,none,1,-0.7195,0,121
2025-06-02,Chocolate Cake Slice,food_bakery,160,15,0,6,2,0,none,none,1,-0.7195,0,121
2025-06-02,Croissant,food_bakery,140,16,0,6,2,0,none,none,1,-0.7195,0,121
2025-06-03,Milk Tea (Dudh Chiya),beverage_hot,40,114,1,6,3,0,none,none,1,-0.7314,0,122
2025-06-03,Masala Chiya,beverage_hot,50,84,1,6,3,0,none,none,1,-0.7314,0,122
2025-06-03,Black Tea (Kalo Chiya),beverage_hot,30,34,1,6,3,0,none,none,1,-0.7314,0,122
2025-06-03,Americano,beverage_hot,150,33,1,6,3,0,none,none,1,-0.7314,0,122
2025-06-03,Cappuccino,beverage_hot,190,53,1,6,3,0,none,none,1,-0.7314,0,122
2025-06-03,Cafe Latte,beverage_hot,200,38,1,6,3,0,none,none,1,-0.7314,0,122
2025-06-03,Hot Chocolate,beverage_hot,180,23,1,6,3,0,none,none,1,-0.7314,0,122
2025-06-03,Cold Coffee,beverage_cold,220,37,1,6,3,0,none,none,1,-0.7314,0,122
2025-06-03,Iced Americano,beverage_cold,180,25,1,6,3,0,none,none,1,-0.7314,0,122
2025-06-03,Lassi,beverage_cold,120,18,1,6,3,0,none,none,1,-0.7314,0,122
2025-06-03,Fresh Lime Soda,beverage_cold,100,28,1,6,3,0,none,none,1,-0.7314,0,122
2025-06-03,Veg Momo,food_main,160,58,1,6,3,0,none,none,1,-0.7314,0,122
2025-06-03,Buff Momo,food_main,180,61,1,6,3,0,none,none,1,-0.7314,0,122
2025-06-03,Chicken Chowmein,food_main,190,32,1,6,3,0,none,none,1,-0.7314,0,122
2025-06-03,Veg Thukpa,food_main,170,22,1,6,3,0,none,none,1,-0.7314,0,122
2025-06-03,Club Sandwich,food_main,250,19,1,6,3,0,none,none,1,-0.7314,0,122
2025-06-03,Chicken Burger,food_main,280,17,1,6,3,0,none,none,1,-0.7314,0,122
2025-06-03,French Fries,food_snack,130,37,1,6,3,0,none,none,1,-0.7314,0,122
2025-06-03,Samosa,food_snack,40,26,1,6,3,0,none,none,1,-0.7314,0,122
2025-06-03,Chocolate Cake Slice,food_bakery,160,16,1,6,3,0,none,none,1,-0.7314,0,122
2025-06-03,Croissant,food_bakery,140,10,1,6,3,0,none,none,1,-0.7314,0,122
2025-06-04,Milk Tea (Dudh Chiya),beverage_hot,40,137,2,6,4,0,none,none,1,-0.743,0,123
2025-06-04,Masala Chiya,beverage_hot,50,102,2,6,4,0,none,none,1,-0.743,0,123
2025-06-04,Black Tea (Kalo Chiya),beverage_hot,30,41,2,6,4,0,none,none,1,-0.743,0,123
2025-06-04,Americano,beverage_hot,150,59,2,6,4,0,none,none,1,-0.743,0,123
2025-06-04,Cappuccino,beverage_hot,190,52,2,6,4,0,none,none,1,-0.743,0,123
2025-06-04,Cafe Latte,beverage_hot,200,54,2,6,4,0,none,none,1,-0.743,0,123
2025-06-04,Hot Chocolate,beverage_hot,180,34,2,6,4,0,none,none,1,-0.743,0,123
2025-06-04,Cold Coffee,beverage_cold,220,47,2,6,4,0,none,none,1,-0.743,0,123
2025-06-04,Iced Americano,beverage_cold,180,30,2,6,4,0,none,none,1,-0.743,0,123
2025-06-04,Lassi,beverage_cold,120,46,2,6,4,0,none,none,1,-0.743,0,123
2025-06-04,Fresh Lime Soda,beverage_cold,100,38,2,6,4,0,none,none,1,-0.743,0,123
2025-06-04,Veg Momo,food_main,160,71,2,6,4,0,none,none,1,-0.743,0,123
2025-06-04,Buff Momo,food_main,180,75,2,6,4,0,none,none,1,-0.743,0,123
2025-06-04,Chicken Chowmein,food_main,190,54,2,6,4,0,none,none,1,-0.743,0,123
2025-06-04,Veg Thukpa,food_main,170,26,2,6,4,0,none,none,1,-0.743,0,123
2025-06-04,Club Sandwich,food_main,250,36,2,6,4,0,none,none,1,-0.743,0,123
2025-06-04,Chicken Burger,food_main,280,21,2,6,4,0,none,none,1,-0.743,0,123
2025-06-04,French Fries,food_snack,130,40,2,6,4,0,none,none,1,-0.743,0,123
2025-06-04,Samosa,food_snack,40,44,2,6,4,0,none,none,1,-0.743,0,123
2025-06-04,Chocolate Cake Slice,food_bakery,160,17,2,6,4,0,none,none,1,-0.743,0,123
2025-06-04,Croissant,food_bakery,140,17,2,6,4,0,none,none,1,-0.743,0,123
2025-06-05,Milk Tea (Dudh Chiya),beverage_hot,40,150,3,6,5,0,none,none,1,-0.7544,0,124
2025-06-05,Masala Chiya,beverage_hot,50,83,3,6,5,0,none,none,1,-0.7544,0,124
2025-06-05,Black Tea (Kalo Chiya),beverage_hot,30,38,3,6,5,0,none,none,1,-0.7544,0,124
2025-06-05,Americano,beverage_hot,150,45,3,6,5,0,none,none,1,-0.7544,0,124
2025-06-05,Cappuccino,beverage_hot,190,54,3,6,5,0,none,none,1,-0.7544,0,124
2025-06-05,Cafe Latte,beverage_hot,200,33,3,6,5,0,none,none,1,-0.7544,0,124
2025-06-05,Hot Chocolate,beverage_hot,180,25,3,6,5,0,none,none,1,-0.7544,0,124
2025-06-05,Cold Coffee,beverage_cold,220,47,3,6,5,0,none,none,1,-0.7544,0,124
2025-06-05,Iced Americano,beverage_cold,180,44,3,6,5,0,none,none,1,-0.7544,0,124
2025-06-05,Lassi,beverage_cold,120,32,3,6,5,0,none,none,1,-0.7544,0,124
2025-06-05,Fresh Lime Soda,beverage_cold,100,40,3,6,5,0,none,none,1,-0.7544,0,124
2025-06-05,Veg Momo,food_main,160,73,3,6,5,0,none,none,1,-0.7544,0,124
2025-06-05,Buff Momo,food_main,180,58,3,6,5,0,none,none,1,-0.7544,0,124
2025-06-05,Chicken Chowmein,food_main,190,36,3,6,5,0,none,none,1,-0.7544,0,124
2025-06-05,Veg Thukpa,food_main,170,21,3,6,5,0,none,none,1,-0.7544,0,124
2025-06-05,Club Sandwich,food_main,250,18,3,6,5,0,none,none,1,-0.7544,0,124
2025-06-05,Chicken Burger,food_main,280,17,3,6,5,0,none,none,1,-0.7544,0,124
2025-06-05,French Fries,food_snack,130,41,3,6,5,0,none,none,1,-0.7544,0,124
2025-06-05,Samosa,food_snack,40,27,3,6,5,0,none,none,1,-0.7544,0,124
2025-06-05,Chocolate Cake Slice,food_bakery,160,19,3,6,5,0,none,none,1,-0.7544,0,124
2025-06-05,Croissant,food_bakery,140,7,3,6,5,0,none,none,1,-0.7544,0,124
2025-06-06,Milk Tea (Dudh Chiya),beverage_hot,40,132,4,6,6,0,none,none,1,-0.7656,0,125
2025-06-06,Masala Chiya,beverage_hot,50,88,4,6,6,0,none,none,1,-0.7656,0,125
2025-06-06,Black Tea (Kalo Chiya),beverage_hot,30,44,4,6,6,0,none,none,1,-0.7656,0,125
2025-06-06,Americano,beverage_hot,150,51,4,6,6,0,none,none,1,-0.7656,0,125
2025-06-06,Cappuccino,beverage_hot,190,63,4,6,6,0,none,none,1,-0.7656,0,125
2025-06-06,Cafe Latte,beverage_hot,200,41,4,6,6,0,none,none,1,-0.7656,0,125
2025-06-06,Hot Chocolate,beverage_hot,180,27,4,6,6,0,none,none,1,-0.7656,0,125
2025-06-06,Cold Coffee,beverage_cold,220,40,4,6,6,0,none,none,1,-0.7656,0,125
2025-06-06,Iced Americano,beverage_cold,180,33,4,6,6,0,none,none,1,-0.7656,0,125
2025-06-06,Lassi,beverage_cold,120,36,4,6,6,0,none,none,1,-0.7656,0,125
2025-06-06,Fresh Lime Soda,beverage_cold,100,34,4,6,6,0,none,none,1,-0.7656,0,125
2025-06-06,Veg Momo,food_main,160,62,4,6,6,0,none,none,1,-0.7656,0,125
2025-06-06,Buff Momo,food_main,180,77,4,6,6,0,none,none,1,-0.7656,0,125
2025-06-06,Chicken Chowmein,food_main,190,42,4,6,6,0,none,none,1,-0.7656,0,125
2025-06-06,Veg Thukpa,food_main,170,20,4,6,6,0,none,none,1,-0.7656,0,125
2025-06-06,Club Sandwich,food_main,250,26,4,6,6,0,none,none,1,-0.7656,0,125
2025-06-06,Chicken Burger,food_main,280,25,4,6,6,0,none,none,1,-0.7656,0,125
2025-06-06,French Fries,food_snack,130,36,4,6,6,0,none,none,1,-0.7656,0,125
2025-06-06,Samosa,food_snack,40,47,4,6,6,0,none,none,1,-0.7656,0,125
2025-06-06,Chocolate Cake Slice,food_bakery,160,16,4,6,6,0,none,none,1,-0.7656,0,125
2025-06-06,Croissant,food_bakery,140,11,4,6,6,0,none,none,1,-0.7656,0,125
2025-06-07,Milk Tea (Dudh Chiya),beverage_hot,40,166,5,6,7,1,none,none,1,-0.7765,0,126
2025-06-07,Masala Chiya,beverage_hot,50,101,5,6,7,1,none,none,1,-0.7765,0,126
2025-06-07,Black Tea (Kalo Chiya),beverage_hot,30,52,5,6,7,1,none,none,1,-0.7765,0,126
2025-06-07,Americano,beverage_hot,150,56,5,6,7,1,none,none,1,-0.7765,0,126
2025-06-07,Cappuccino,beverage_hot,190,65,5,6,7,1,none,none,1,-0.7765,0,126
2025-06-07,Cafe Latte,beverage_hot,200,45,5,6,7,1,none,none,1,-0.7765,0,126
2025-06-07,Hot Chocolate,beverage_hot,180,31,5,6,7,1,none,none,1,-0.7765,0,126
2025-06-07,Cold Coffee,beverage_cold,220,50,5,6,7,1,none,none,1,-0.7765,0,126
2025-06-07,Iced Americano,beverage_cold,180,52,5,6,7,1,none,none,1,-0.7765,0,126
2025-06-07,Lassi,beverage_cold,120,40,5,6,7,1,none,none,1,-0.7765,0,126
2025-06-07,Fresh Lime Soda,beverage_cold,100,47,5,6,7,1,none,none,1,-0.7765,0,126
2025-06-07,Veg Momo,food_main,160,67,5,6,7,1,none,none,1,-0.7765,0,126
2025-06-07,Buff Momo,food_main,180,85,5,6,7,1,none,none,1,-0.7765,0,126
2025-06-07,Chicken Chowmein,food_main,190,66,5,6,7,1,none,none,1,-0.7765,0,126
2025-06-07,Veg Thukpa,food_main,170,32,5,6,7,1,none,none,1,-0.7765,0,126
2025-06-07,Club Sandwich,food_main,250,29,5,6,7,1,none,none,1,-0.7765,0,126
2025-06-07,Chicken Burger,food_main,280,31,5,6,7,1,none,none,1,-0.7765,0,126
2025-06-07,French Fries,food_snack,130,49,5,6,7,1,none,none,1,-0.7765,0,126
2025-06-07,Samosa,food_snack,40,36,5,6,7,1,none,none,1,-0.7765,0,126
2025-06-07,Chocolate Cake Slice,food_bakery,160,20,5,6,7,1,none,none,1,-0.7765,0,126
2025-06-07,Croissant,food_bakery,140,10,5,6,7,1,none,none,1,-0.7765,0,126
2025-06-08,Milk Tea (Dudh Chiya),beverage_hot,40,89,6,6,8,0,none,none,1,-0.7873,0,127
2025-06-08,Masala Chiya,beverage_hot,50,68,6,6,8,0,none,none,1,-0.7873,0,127
2025-06-08,Black Tea (Kalo Chiya),beverage_hot,30,26,6,6,8,0,none,none,1,-0.7873,0,127
2025-06-08,Americano,beverage_hot,150,31,6,6,8,0,none,none,1,-0.7873,0,127
2025-06-08,Cappuccino,beverage_hot,190,32,6,6,8,0,none,none,1,-0.7873,0,127
2025-06-08,Cafe Latte,beverage_hot,200,46,6,6,8,0,none,none,1,-0.7873,0,127
2025-06-08,Hot Chocolate,beverage_hot,180,13,6,6,8,0,none,none,1,-0.7873,0,127
2025-06-08,Cold Coffee,beverage_cold,220,37,6,6,8,0,none,none,1,-0.7873,0,127
2025-06-08,Iced Americano,beverage_cold,180,30,6,6,8,0,none,none,1,-0.7873,0,127
2025-06-08,Lassi,beverage_cold,120,33,6,6,8,0,none,none,1,-0.7873,0,127
2025-06-08,Fresh Lime Soda,beverage_cold,100,40,6,6,8,0,none,none,1,-0.7873,0,127
2025-06-08,Veg Momo,food_main,160,42,6,6,8,0,none,none,1,-0.7873,0,127
2025-06-08,Buff Momo,food_main,180,53,6,6,8,0,none,none,1,-0.7873,0,127
2025-06-08,Chicken Chowmein,food_main,190,36,6,6,8,0,none,none,1,-0.7873,0,127
2025-06-08,Veg Thukpa,food_main,170,15,6,6,8,0,none,none,1,-0.7873,0,127
2025-06-08,Club Sandwich,food_main,250,19,6,6,8,0,none,none,1,-0.7873,0,127
2025-06-08,Chicken Burger,food_main,280,25,6,6,8,0,none,none,1,-0.7873,0,127
2025-06-08,French Fries,food_snack,130,26,6,6,8,0,none,none,1,-0.7873,0,127
2025-06-08,Samosa,food_snack,40,19,6,6,8,0,none,none,1,-0.7873,0,127
2025-06-08,Chocolate Cake Slice,food_bakery,160,10,6,6,8,0,none,none,1,-0.7873,0,127
2025-06-08,Croissant,food_bakery,140,5,6,6,8,0,none,none,1,-0.7873,0,127
2025-06-09,Milk Tea (Dudh Chiya),beverage_hot,40,116,0,6,9,0,none,none,1,-0.7978,0,128
2025-06-09,Masala Chiya,beverage_hot,50,82,0,6,9,0,none,none,1,-0.7978,0,128
2025-06-09,Black Tea (Kalo Chiya),beverage_hot,30,36,0,6,9,0,none,none,1,-0.7978,0,128
2025-06-09,Americano,beverage_hot,150,32,0,6,9,0,none,none,1,-0.7978,0,128
2025-06-09,Cappuccino,beverage_hot,190,35,0,6,9,0,none,none,1,-0.7978,0,128
2025-06-09,Cafe Latte,beverage_hot,200,33,0,6,9,0,none,none,1,-0.7978,0,128
2025-06-09,Hot Chocolate,beverage_hot,180,16,0,6,9,0,none,none,1,-0.7978,0,128
2025-06-09,Cold Coffee,beverage_cold,220,46,0,6,9,0,none,none,1,-0.7978,0,128
2025-06-09,Iced Americano,beverage_cold,180,19,0,6,9,0,none,none,1,-0.7978,0,128
2025-06-09,Lassi,beverage_cold,120,30,0,6,9,0,none,none,1,-0.7978,0,128
2025-06-09,Fresh Lime Soda,beverage_cold,100,33,0,6,9,0,none,none,1,-0.7978,0,128
2025-06-09,Veg Momo,food_main,160,48,0,6,9,0,none,none,1,-0.7978,0,128
2025-06-09,Buff Momo,food_main,180,65,0,6,9,0,none,none,1,-0.7978,1,128
2025-06-09,Chicken Chowmein,food_main,190,36,0,6,9,0,none,none,1,-0.7978,0,128
2025-06-09,Veg Thukpa,food_main,170,22,0,6,9,0,none,none,1,-0.7978,0,128
2025-06-09,Club Sandwich,food_main,250,28,0,6,9,0,none,none,1,-0.7978,0,128
2025-06-09,Chicken Burger,food_main,280,23,0,6,9,0,none,none,1,-0.7978,1,128
2025-06-09,French Fries,food_snack,130,27,0,6,9,0,none,none,1,-0.7978,0,128
2025-06-09,Samosa,food_snack,40,21,0,6,9,0,none,none,1,-0.7978,0,128
2025-06-09,Chocolate Cake Slice,food_bakery,160,14,0,6,9,0,none,none,1,-0.7978,0,128
2025-06-09,Croissant,food_bakery,140,8,0,6,9,0,none,none,1,-0.7978,1,128
2025-06-10,Milk Tea (Dudh Chiya),beverage_hot,40,118,1,6,10,0,none,none,1,-0.808,0,129
2025-06-10,Masala Chiya,beverage_hot,50,85,1,6,10,0,none,none,1,-0.808,0,129
2025-06-10,Black Tea (Kalo Chiya),beverage_hot,30,36,1,6,10,0,none,none,1,-0.808,0,129
2025-06-10,Americano,beverage_hot,150,40,1,6,10,0,none,none,1,-0.808,0,129
2025-06-10,Cappuccino,beverage_hot,190,36,1,6,10,0,none,none,1,-0.808,0,129
2025-06-10,Cafe Latte,beverage_hot,200,34,1,6,10,0,none,none,1,-0.808,0,129
2025-06-10,Hot Chocolate,beverage_hot,180,19,1,6,10,0,none,none,1,-0.808,0,129
2025-06-10,Cold Coffee,beverage_cold,220,34,1,6,10,0,none,none,1,-0.808,0,129
2025-06-10,Iced Americano,beverage_cold,180,32,1,6,10,0,none,none,1,-0.808,0,129
2025-06-10,Lassi,beverage_cold,120,31,1,6,10,0,none,none,1,-0.808,0,129
2025-06-10,Fresh Lime Soda,beverage_cold,100,33,1,6,10,0,none,none,1,-0.808,0,129
2025-06-10,Veg Momo,food_main,160,58,1,6,10,0,none,none,1,-0.808,0,129
2025-06-10,Buff Momo,food_main,180,84,1,6,10,0,none,none,1,-0.808,1,129
2025-06-10,Chicken Chowmein,food_main,190,38,1,6,10,0,none,none,1,-0.808,0,129
2025-06-10,Veg Thukpa,food_main,170,33,1,6,10,0,none,none,1,-0.808,0,129
2025-06-10,Club Sandwich,food_main,250,26,1,6,10,0,none,none,1,-0.808,0,129
2025-06-10,Chicken Burger,food_main,280,18,1,6,10,0,none,none,1,-0.808,1,129
2025-06-10,French Fries,food_snack,130,41,1,6,10,0,none,none,1,-0.808,0,129
2025-06-10,Samosa,food_snack,40,29,1,6,10,0,none,none,1,-0.808,0,129
2025-06-10,Chocolate Cake Slice,food_bakery,160,15,1,6,10,0,none,none,1,-0.808,0,129
2025-06-10,Croissant,food_bakery,140,6,1,6,10,0,none,none,1,-0.808,1,129
2025-06-11,Milk Tea (Dudh Chiya),beverage_hot,40,154,2,6,11,0,none,none,1,-0.818,0,130
2025-06-11,Masala Chiya,beverage_hot,50,83,2,6,11,0,none,none,1,-0.818,0,130
2025-06-11,Black Tea (Kalo Chiya),beverage_hot,30,56,2,6,11,0,none,none,1,-0.818,0,130
2025-06-11,Americano,beverage_hot,150,58,2,6,11,0,none,none,1,-0.818,0,130
2025-06-11,Cappuccino,beverage_hot,190,46,2,6,11,0,none,none,1,-0.818,0,130
2025-06-11,Cafe Latte,beverage_hot,200,43,2,6,11,0,none,none,1,-0.818,0,130
2025-06-11,Hot Chocolate,beverage_hot,180,32,2,6,11,0,none,none,1,-0.818,0,130
2025-06-11,Cold Coffee,beverage_cold,220,49,2,6,11,0,none,none,1,-0.818,0,130
2025-06-11,Iced Americano,beverage_cold,180,33,2,6,11,0,none,none,1,-0.818,0,130
2025-06-11,Lassi,beverage_cold,120,21,2,6,11,0,none,none,1,-0.818,0,130
2025-06-11,Fresh Lime Soda,beverage_cold,100,43,2,6,11,0,none,none,1,-0.818,0,130
2025-06-11,Veg Momo,food_main,160,73,2,6,11,0,none,none,1,-0.818,0,130
2025-06-11,Buff Momo,food_main,180,83,2,6,11,0,none,none,1,-0.818,1,130
2025-06-11,Chicken Chowmein,food_main,190,38,2,6,11,0,none,none,1,-0.818,0,130
2025-06-11,Veg Thukpa,food_main,170,27,2,6,11,0,none,none,1,-0.818,0,130
2025-06-11,Club Sandwich,food_main,250,21,2,6,11,0,none,none,1,-0.818,0,130
2025-06-11,Chicken Burger,food_main,280,32,2,6,11,0,none,none,1,-0.818,1,130
2025-06-11,French Fries,food_snack,130,32,2,6,11,0,none,none,1,-0.818,0,130
2025-06-11,Samosa,food_snack,40,28,2,6,11,0,none,none,1,-0.818,0,130
2025-06-11,Chocolate Cake Slice,food_bakery,160,18,2,6,11,0,none,none,1,-0.818,0,130
2025-06-11,Croissant,food_bakery,140,18,2,6,11,0,none,none,1,-0.818,1,130
2025-06-12,Milk Tea (Dudh Chiya),beverage_hot,40,117,3,6,12,0,none,none,1,-0.8278,0,131
2025-06-12,Masala Chiya,beverage_hot,50,96,3,6,12,0,none,none,1,-0.8278,0,131
2025-06-12,Black Tea (Kalo Chiya),beverage_hot,30,54,3,6,12,0,none,none,1,-0.8278,0,131
2025-06-12,Americano,beverage_hot,150,38,3,6,12,0,none,none,1,-0.8278,0,131
2025-06-12,Cappuccino,beverage_hot,190,40,3,6,12,0,none,none,1,-0.8278,0,131
2025-06-12,Cafe Latte,beverage_hot,200,54,3,6,12,0,none,none,1,-0.8278,0,131
2025-06-12,Hot Chocolate,beverage_hot,180,39,3,6,12,0,none,none,1,-0.8278,0,131
2025-06-12,Cold Coffee,beverage_cold,220,45,3,6,12,0,none,none,1,-0.8278,0,131
2025-06-12,Iced Americano,beverage_cold,180,39,3,6,12,0,none,none,1,-0.8278,0,131
2025-06-12,Lassi,beverage_cold,120,44,3,6,12,0,none,none,1,-0.8278,0,131
2025-06-12,Fresh Lime Soda,beverage_cold,100,44,3,6,12,0,none,none,1,-0.8278,0,131
2025-06-12,Veg Momo,food_main,160,53,3,6,12,0,none,none,1,-0.8278,0,131
2025-06-12,Buff Momo,food_main,180,79,3,6,12,0,none,none,1,-0.8278,1,131
2025-06-12,Chicken Chowmein,food_main,190,38,3,6,12,0,none,none,1,-0.8278,0,131
2025-06-12,Veg Thukpa,food_main,170,16,3,6,12,0,none,none,1,-0.8278,0,131
2025-06-12,Club Sandwich,food_main,250,27,3,6,12,0,none,none,1,-0.8278,0,131
2025-06-12,Chicken Burger,food_main,280,34,3,6,12,0,none,none,1,-0.8278,1,131
2025-06-12,French Fries,food_snack,130,40,3,6,12,0,none,none,1,-0.8278,0,131
2025-06-12,Samosa,food_snack,40,28,3,6,12,0,none,none,1,-0.8278,0,131
2025-06-12,Chocolate Cake Slice,food_bakery,160,23,3,6,12,0,none,none,1,-0.8278,0,131
2025-06-12,Croissant,food_bakery,140,12,3,6,12,0,none,none,1,-0.8278,1,131
2025-06-13,Milk Tea (Dudh Chiya),beverage_hot,40,127,4,6,13,0,none,none,1,-0.8373,0,132
2025-06-13,Masala Chiya,beverage_hot,50,88,4,6,13,0,none,none,1,-0.8373,0,132
2025-06-13,Black Tea (Kalo Chiya),beverage_hot,30,45,4,6,13,0,none,none,1,-0.8373,0,132
2025-06-13,Americano,beverage_hot,150,42,4,6,13,0,none,none,1,-0.8373,0,132
2025-06-13,Cappuccino,beverage_hot,190,48,4,6,13,0,none,none,1,-0.8373,0,132
2025-06-13,Cafe Latte,beverage_hot,200,42,4,6,13,0,none,none,1,-0.8373,0,132
2025-06-13,Hot Chocolate,beverage_hot,180,26,4,6,13,0,none,none,1,-0.8373,0,132
2025-06-13,Cold Coffee,beverage_cold,220,51,4,6,13,0,none,none,1,-0.8373,0,132
2025-06-13,Iced Americano,beverage_cold,180,30,4,6,13,0,none,none,1,-0.8373,0,132
2025-06-13,Lassi,beverage_cold,120,29,4,6,13,0,none,none,1,-0.8373,0,132
2025-06-13,Fresh Lime Soda,beverage_cold,100,31,4,6,13,0,none,none,1,-0.8373,0,132
2025-06-13,Veg Momo,food_main,160,73,4,6,13,0,none,none,1,-0.8373,0,132
2025-06-13,Buff Momo,food_main,180,73,4,6,13,0,none,none,1,-0.8373,1,132
2025-06-13,Chicken Chowmein,food_main,190,49,4,6,13,0,none,none,1,-0.8373,0,132
2025-06-13,Veg Thukpa,food_main,170,22,4,6,13,0,none,none,1,-0.8373,0,132
2025-06-13,Club Sandwich,food_main,250,27,4,6,13,0,none,none,1,-0.8373,0,132
2025-06-13,Chicken Burger,food_main,280,33,4,6,13,0,none,none,1,-0.8373,1,132
2025-06-13,French Fries,food_snack,130,37,4,6,13,0,none,none,1,-0.8373,0,132
2025-06-13,Samosa,food_snack,40,26,4,6,13,0,none,none,1,-0.8373,0,132
2025-06-13,Chocolate Cake Slice,food_bakery,160,22,4,6,13,0,none,none,1,-0.8373,0,132
2025-06-13,Croissant,food_bakery,140,11,4,6,13,0,none,none,1,-0.8373,1,132
2025-06-14,Milk Tea (Dudh Chiya),beverage_hot,40,190,5,6,14,1,none,none,1,-0.8466,0,133
2025-06-14,Masala Chiya,beverage_hot,50,127,5,6,14,1,none,none,1,-0.8466,0,133
2025-06-14,Black Tea (Kalo Chiya),beverage_hot,30,54,5,6,14,1,none,none,1,-0.8466,0,133
2025-06-14,Americano,beverage_hot,150,69,5,6,14,1,none,none,1,-0.8466,0,133
2025-06-14,Cappuccino,beverage_hot,190,77,5,6,14,1,none,none,1,-0.8466,0,133
2025-06-14,Cafe Latte,beverage_hot,200,52,5,6,14,1,none,none,1,-0.8466,0,133
2025-06-14,Hot Chocolate,beverage_hot,180,40,5,6,14,1,none,none,1,-0.8466,0,133
2025-06-14,Cold Coffee,beverage_cold,220,53,5,6,14,1,none,none,1,-0.8466,0,133
2025-06-14,Iced Americano,beverage_cold,180,51,5,6,14,1,none,none,1,-0.8466,0,133
2025-06-14,Lassi,beverage_cold,120,46,5,6,14,1,none,none,1,-0.8466,0,133
2025-06-14,Fresh Lime Soda,beverage_cold,100,54,5,6,14,1,none,none,1,-0.8466,0,133
2025-06-14,Veg Momo,food_main,160,76,5,6,14,1,none,none,1,-0.8466,0,133
2025-06-14,Buff Momo,food_main,180,116,5,6,14,1,none,none,1,-0.8466,1,133
2025-06-14,Chicken Chowmein,food_main,190,60,5,6,14,1,none,none,1,-0.8466,0,133
2025-06-14,Veg Thukpa,food_main,170,27,5,6,14,1,none,none,1,-0.8466,0,133
2025-06-14,Club Sandwich,food_main,250,25,5,6,14,1,none,none,1,-0.8466,0,133
2025-06-14,Chicken Burger,food_main,280,38,5,6,14,1,none,none,1,-0.8466,1,133
2025-06-14,French Fries,food_snack,130,47,5,6,14,1,none,none,1,-0.8466,0,133
2025-06-14,Samosa,food_snack,40,59,5,6,14,1,none,none,1,-0.8466,0,133
2025-06-14,Chocolate Cake Slice,food_bakery,160,22,5,6,14,1,none,none,1,-0.8466,0,133
2025-06-14,Croissant,food_bakery,140,15,5,6,14,1,none,none,1,-0.8466,1,133
2025-06-15,Milk Tea (Dudh Chiya),beverage_hot,40,121,6,6,15,0,none,none,1,-0.8556,0,134
2025-06-15,Masala Chiya,beverage_hot,50,66,6,6,15,0,none,none,1,-0.8556,0,134
2025-06-15,Black Tea (Kalo Chiya),beverage_hot,30,35,6,6,15,0,none,none,1,-0.8556,0,134
2025-06-15,Americano,beverage_hot,150,35,6,6,15,0,none,none,1,-0.8556,0,134
2025-06-15,Cappuccino,beverage_hot,190,33,6,6,15,0,none,none,1,-0.8556,0,134
2025-06-15,Cafe Latte,beverage_hot,200,39,6,6,15,0,none,none,1,-0.8556,0,134
2025-06-15,Hot Chocolate,beverage_hot,180,22,6,6,15,0,none,none,1,-0.8556,0,134
2025-06-15,Cold Coffee,beverage_cold,220,37,6,6,15,0,none,none,1,-0.8556,0,134
2025-06-15,Iced Americano,beverage_cold,180,24,6,6,15,0,none,none,1,-0.8556,0,134
2025-06-15,Lassi,beverage_cold,120,27,6,6,15,0,none,none,1,-0.8556,0,134
2025-06-15,Fresh Lime Soda,beverage_cold,100,38,6,6,15,0,none,none,1,-0.8556,0,134
2025-06-15,Veg Momo,food_main,160,54,6,6,15,0,none,none,1,-0.8556,0,134
2025-06-15,Buff Momo,food_main,180,83,6,6,15,0,none,none,1,-0.8556,1,134
2025-06-15,Chicken Chowmein,food_main,190,48,6,6,15,0,none,none,1,-0.8556,0,134
2025-06-15,Veg Thukpa,food_main,170,30,6,6,15,0,none,none,1,-0.8556,0,134
2025-06-15,Club Sandwich,food_main,250,24,6,6,15,0,none,none,1,-0.8556,0,134
2025-06-15,Chicken Burger,food_main,280,16,6,6,15,0,none,none,1,-0.8556,1,134
2025-06-15,French Fries,food_snack,130,38,6,6,15,0,none,none,1,-0.8556,0,134
2025-06-15,Samosa,food_snack,40,41,6,6,15,0,none,none,1,-0.8556,0,134
2025-06-15,Chocolate Cake Slice,food_bakery,160,21,6,6,15,0,none,none,1,-0.8556,0,134
2025-06-15,Croissant,food_bakery,140,16,6,6,15,0,none,none,1,-0.8556,1,134
2025-06-16,Milk Tea (Dudh Chiya),beverage_hot,40,110,0,6,16,0,none,none,1,-0.8644,0,135
2025-06-16,Masala Chiya,beverage_hot,50,64,0,6,16,0,none,none,1,-0.8644,0,135
2025-06-16,Black Tea (Kalo Chiya),beverage_hot,30,23,0,6,16,0,none,none,1,-0.8644,0,135
2025-06-16,Americano,beverage_hot,150,19,0,6,16,0,none,none,1,-0.8644,0,135
2025-06-16,Cappuccino,beverage_hot,190,34,0,6,16,0,none,none,1,-0.8644,0,135
2025-06-16,Cafe Latte,beverage_hot,200,28,0,6,16,0,none,none,1,-0.8644,0,135
2025-06-16,Hot Chocolate,beverage_hot,180,17,0,6,16,0,none,none,1,-0.8644,0,135
2025-06-16,Cold Coffee,beverage_cold,220,37,0,6,16,0,none,none,1,-0.8644,0,135
2025-06-16,Iced Americano,beverage_cold,180,28,0,6,16,0,none,none,1,-0.8644,0,135
2025-06-16,Lassi,beverage_cold,120,16,0,6,16,0,none,none,1,-0.8644,0,135
2025-06-16,Fresh Lime Soda,beverage_cold,100,37,0,6,16,0,none,none,1,-0.8644,0,135
2025-06-16,Veg Momo,food_main,160,43,0,6,16,0,none,none,1,-0.8644,0,135
2025-06-16,Buff Momo,food_main,180,63,0,6,16,0,none,none,1,-0.8644,1,135
2025-06-16,Chicken Chowmein,food_main,190,37,0,6,16,0,none,none,1,-0.8644,0,135
2025-06-16,Veg Thukpa,food_main,170,17,0,6,16,0,none,none,1,-0.8644,0,135
2025-06-16,Club Sandwich,food_main,250,21,0,6,16,0,none,none,1,-0.8644,0,135
2025-06-16,Chicken Burger,food_main,280,22,0,6,16,0,none,none,1,-0.8644,1,135
2025-06-16,French Fries,food_snack,130,26,0,6,16,0,none,none,1,-0.8644,0,135
2025-06-16,Samosa,food_snack,40,37,0,6,16,0,none,none,1,-0.8644,0,135
2025-06-16,Chocolate Cake Slice,food_bakery,160,14,0,6,16,0,none,none,1,-0.8644,0,135
2025-06-16,Croissant,food_bakery,140,15,0,6,16,0,none,none,1,-0.8644,1,135
2025-06-17,Milk Tea (Dudh Chiya),beverage_hot,40,116,1,6,17,0,none,none,1,-0.8729,0,136
2025-06-17,Masala Chiya,beverage_hot,50,77,1,6,17,0,none,none,1,-0.8729,0,136
2025-06-17,Black Tea (Kalo Chiya),beverage_hot,30,37,1,6,17,0,none,none,1,-0.8729,0,136
2025-06-17,Americano,beverage_hot,150,29,1,6,17,0,none,none,1,-0.8729,0,136
2025-06-17,Cappuccino,beverage_hot,190,48,1,6,17,0,none,none,1,-0.8729,0,136
2025-06-17,Cafe Latte,beverage_hot,200,35,1,6,17,0,none,none,1,-0.8729,0,136
2025-06-17,Hot Chocolate,beverage_hot,180,24,1,6,17,0,none,none,1,-0.8729,0,136
2025-06-17,Cold Coffee,beverage_cold,220,42,1,6,17,0,none,none,1,-0.8729,0,136
2025-06-17,Iced Americano,beverage_cold,180,26,1,6,17,0,none,none,1,-0.8729,0,136
2025-06-17,Lassi,beverage_cold,120,36,1,6,17,0,none,none,1,-0.8729,0,136
2025-06-17,Fresh Lime Soda,beverage_cold,100,39,1,6,17,0,none,none,1,-0.8729,0,136
2025-06-17,Veg Momo,food_main,160,45,1,6,17,0,none,none,1,-0.8729,0,136
2025-06-17,Buff Momo,food_main,180,76,1,6,17,0,none,none,1,-0.8729,1,136
2025-06-17,Chicken Chowmein,food_main,190,37,1,6,17,0,none,none,1,-0.8729,0,136
2025-06-17,Veg Thukpa,food_main,170,20,1,6,17,0,none,none,1,-0.8729,0,136
2025-06-17,Club Sandwich,food_main,250,26,1,6,17,0,none,none,1,-0.8729,0,136
2025-06-17,Chicken Burger,food_main,280,30,1,6,17,0,none,none,1,-0.8729,1,136
2025-06-17,French Fries,food_snack,130,33,1,6,17,0,none,none,1,-0.8729,0,136
2025-06-17,Samosa,food_snack,40,26,1,6,17,0,none,none,1,-0.8729,0,136
2025-06-17,Chocolate Cake Slice,food_bakery,160,17,1,6,17,0,none,none,1,-0.8729,0,136
2025-06-17,Croissant,food_bakery,140,12,1,6,17,0,none,none,1,-0.8729,1,136
2025-06-18,Milk Tea (Dudh Chiya),beverage_hot,40,129,2,6,18,0,none,none,1,-0.8812,0,137
2025-06-18,Masala Chiya,beverage_hot,50,74,2,6,18,0,none,none,1,-0.8812,0,137
2025-06-18,Black Tea (Kalo Chiya),beverage_hot,30,37,2,6,18,0,none,none,1,-0.8812,0,137
2025-06-18,Americano,beverage_hot,150,36,2,6,18,0,none,none,1,-0.8812,0,137
2025-06-18,Cappuccino,beverage_hot,190,52,2,6,18,0,none,none,1,-0.8812,0,137
2025-06-18,Cafe Latte,beverage_hot,200,42,2,6,18,0,none,none,1,-0.8812,0,137
2025-06-18,Hot Chocolate,beverage_hot,180,22,2,6,18,0,none,none,1,-0.8812,0,137
2025-06-18,Cold Coffee,beverage_cold,220,46,2,6,18,0,none,none,1,-0.8812,0,137
2025-06-18,Iced Americano,beverage_cold,180,21,2,6,18,0,none,none,1,-0.8812,0,137
2025-06-18,Lassi,beverage_cold,120,30,2,6,18,0,none,none,1,-0.8812,0,137
2025-06-18,Fresh Lime Soda,beverage_cold,100,21,2,6,18,0,none,none,1,-0.8812,0,137
2025-06-18,Veg Momo,food_main,160,63,2,6,18,0,none,none,1,-0.8812,0,137
2025-06-18,Buff Momo,food_main,180,56,2,6,18,0,none,none,1,-0.8812,1,137
2025-06-18,Chicken Chowmein,food_main,190,45,2,6,18,0,none,none,1,-0.8812,0,137
2025-06-18,Veg Thukpa,food_main,170,20,2,6,18,0,none,none,1,-0.8812,0,137
2025-06-18,Club Sandwich,food_main,250,22,2,6,18,0,none,none,1,-0.8812,0,137
2025-06-18,Chicken Burger,food_main,280,28,2,6,18,0,none,none,1,-0.8812,1,137
2025-06-18,French Fries,food_snack,130,33,2,6,18,0,none,none,1,-0.8812,0,137
2025-06-18,Samosa,food_snack,40,26,2,6,18,0,none,none,1,-0.8812,0,137
2025-06-18,Chocolate Cake Slice,food_bakery,160,16,2,6,18,0,none,none,1,-0.8812,0,137
2025-06-18,Croissant,food_bakery,140,14,2,6,18,0,none,none,1,-0.8812,1,137
2025-06-19,Milk Tea (Dudh Chiya),beverage_hot,40,117,3,6,19,0,none,none,1,-0.8892,0,138
2025-06-19,Masala Chiya,beverage_hot,50,73,3,6,19,0,none,none,1,-0.8892,0,138
2025-06-19,Black Tea (Kalo Chiya),beverage_hot,30,30,3,6,19,0,none,none,1,-0.8892,0,138
2025-06-19,Americano,beverage_hot,150,35,3,6,19,0,none,none,1,-0.8892,0,138
2025-06-19,Cappuccino,beverage_hot,190,60,3,6,19,0,none,none,1,-0.8892,1,138
2025-06-19,Cafe Latte,beverage_hot,200,49,3,6,19,0,none,none,1,-0.8892,0,138
2025-06-19,Hot Chocolate,beverage_hot,180,17,3,6,19,0,none,none,1,-0.8892,0,138
2025-06-19,Cold Coffee,beverage_cold,220,47,3,6,19,0,none,none,1,-0.8892,0,138
2025-06-19,Iced Americano,beverage_cold,180,31,3,6,19,0,none,none,1,-0.8892,0,138
2025-06-19,Lassi,beverage_cold,120,19,3,6,19,0,none,none,1,-0.8892,0,138
2025-06-19,Fresh Lime Soda,beverage_cold,100,46,3,6,19,0,none,none,1,-0.8892,0,138
2025-06-19,Veg Momo,food_main,160,56,3,6,19,0,none,none,1,-0.8892,0,138
2025-06-19,Buff Momo,food_main,180,75,3,6,19,0,none,none,1,-0.8892,1,138
2025-06-19,Chicken Chowmein,food_main,190,39,3,6,19,0,none,none,1,-0.8892,0,138
2025-06-19,Veg Thukpa,food_main,170,31,3,6,19,0,none,none,1,-0.8892,1,138
2025-06-19,Club Sandwich,food_main,250,17,3,6,19,0,none,none,1,-0.8892,0,138
2025-06-19,Chicken Burger,food_main,280,14,3,6,19,0,none,none,1,-0.8892,1,138
2025-06-19,French Fries,food_snack,130,28,3,6,19,0,none,none,1,-0.8892,0,138
2025-06-19,Samosa,food_snack,40,33,3,6,19,0,none,none,1,-0.8892,0,138
2025-06-19,Chocolate Cake Slice,food_bakery,160,16,3,6,19,0,none,none,1,-0.8892,1,138
2025-06-19,Croissant,food_bakery,140,15,3,6,19,0,none,none,1,-0.8892,1,138
2025-06-20,Milk Tea (Dudh Chiya),beverage_hot,40,126,4,6,20,0,none,none,1,-0.8969,0,139
2025-06-20,Masala Chiya,beverage_hot,50,85,4,6,20,0,none,none,1,-0.8969,0,139
2025-06-20,Black Tea (Kalo Chiya),beverage_hot,30,34,4,6,20,0,none,none,1,-0.8969,0,139
2025-06-20,Americano,beverage_hot,150,34,4,6,20,0,none,none,1,-0.8969,0,139
2025-06-20,Cappuccino,beverage_hot,190,66,4,6,20,0,none,none,1,-0.8969,1,139
2025-06-20,Cafe Latte,beverage_hot,200,47,4,6,20,0,none,none,1,-0.8969,0,139
2025-06-20,Hot Chocolate,beverage_hot,180,27,4,6,20,0,none,none,1,-0.8969,0,139
2025-06-20,Cold Coffee,beverage_cold,220,41,4,6,20,0,none,none,1,-0.8969,0,139
2025-06-20,Iced Americano,beverage_cold,180,30,4,6,20,0,none,none,1,-0.8969,0,139
2025-06-20,Lassi,beverage_cold,120,45,4,6,20,0,none,none,1,-0.8969,0,139
2025-06-20,Fresh Lime Soda,beverage_cold,100,39,4,6,20,0,none,none,1,-0.8969,0,139
2025-06-20,Veg Momo,food_main,160,46,4,6,20,0,none,none,1,-0.8969,0,139
2025-06-20,Buff Momo,food_main,180,66,4,6,20,0,none,none,1,-0.8969,1,139
2025-06-20,Chicken Chowmein,food_main,190,42,4,6,20,0,none,none,1,-0.8969,0,139
2025-06-20,Veg Thukpa,food_main,170,35,4,6,20,0,none,none,1,-0.8969,1,139
2025-06-20,Club Sandwich,food_main,250,31,4,6,20,0,none,none,1,-0.8969,0,139
2025-06-20,Chicken Burger,food_main,280,29,4,6,20,0,none,none,1,-0.8969,1,139
2025-06-20,French Fries,food_snack,130,36,4,6,20,0,none,none,1,-0.8969,0,139
2025-06-20,Samosa,food_snack,40,39,4,6,20,0,none,none,1,-0.8969,0,139
2025-06-20,Chocolate Cake Slice,food_bakery,160,19,4,6,20,0,none,none,1,-0.8969,1,139
2025-06-20,Croissant,food_bakery,140,15,4,6,20,0,none,none,1,-0.8969,1,139
2025-06-21,Milk Tea (Dudh Chiya),beverage_hot,40,163,5,6,21,1,none,none,1,-0.9044,0,140
2025-06-21,Masala Chiya,beverage_hot,50,116,5,6,21,1,none,none,1,-0.9044,0,140
2025-06-21,Black Tea (Kalo Chiya),beverage_hot,30,50,5,6,21,1,none,none,1,-0.9044,0,140
2025-06-21,Americano,beverage_hot,150,54,5,6,21,1,none,none,1,-0.9044,0,140
2025-06-21,Cappuccino,beverage_hot,190,80,5,6,21,1,none,none,1,-0.9044,1,140
2025-06-21,Cafe Latte,beverage_hot,200,64,5,6,21,1,none,none,1,-0.9044,0,140
2025-06-21,Hot Chocolate,beverage_hot,180,39,5,6,21,1,none,none,1,-0.9044,0,140
2025-06-21,Cold Coffee,beverage_cold,220,62,5,6,21,1,none,none,1,-0.9044,0,140
2025-06-21,Iced Americano,beverage_cold,180,34,5,6,21,1,none,none,1,-0.9044,0,140
2025-06-21,Lassi,beverage_cold,120,52,5,6,21,1,none,none,1,-0.9044,0,140
2025-06-21,Fresh Lime Soda,beverage_cold,100,52,5,6,21,1,none,none,1,-0.9044,0,140
2025-06-21,Veg Momo,food_main,160,79,5,6,21,1,none,none,1,-0.9044,0,140
2025-06-21,Buff Momo,food_main,180,121,5,6,21,1,none,none,1,-0.9044,1,140
2025-06-21,Chicken Chowmein,food_main,190,63,5,6,21,1,none,none,1,-0.9044,0,140
2025-06-21,Veg Thukpa,food_main,170,37,5,6,21,1,none,none,1,-0.9044,1,140
2025-06-21,Club Sandwich,food_main,250,34,5,6,21,1,none,none,1,-0.9044,0,140
2025-06-21,Chicken Burger,food_main,280,46,5,6,21,1,none,none,1,-0.9044,1,140
2025-06-21,French Fries,food_snack,130,44,5,6,21,1,none,none,1,-0.9044,0,140
2025-06-21,Samosa,food_snack,40,39,5,6,21,1,none,none,1,-0.9044,0,140
2025-06-21,Chocolate Cake Slice,food_bakery,160,30,5,6,21,1,none,none,1,-0.9044,1,140
2025-06-21,Croissant,food_bakery,140,25,5,6,21,1,none,none,1,-0.9044,1,140
2025-06-22,Milk Tea (Dudh Chiya),beverage_hot,40,137,6,6,22,0,none,none,1,-0.9116,0,141
2025-06-22,Masala Chiya,beverage_hot,50,82,6,6,22,0,none,none,1,-0.9116,0,141
2025-06-22,Black Tea (Kalo Chiya),beverage_hot,30,43,6,6,22,0,none,none,1,-0.9116,0,141
2025-06-22,Americano,beverage_hot,150,33,6,6,22,0,none,none,1,-0.9116,0,141
2025-06-22,Cappuccino,beverage_hot,190,67,6,6,22,0,none,none,1,-0.9116,1,141
2025-06-22,Cafe Latte,beverage_hot,200,44,6,6,22,0,none,none,1,-0.9116,0,141
2025-06-22,Hot Chocolate,beverage_hot,180,24,6,6,22,0,none,none,1,-0.9116,0,141
2025-06-22,Cold Coffee,beverage_cold,220,36,6,6,22,0,none,none,1,-0.9116,0,141
2025-06-22,Iced Americano,beverage_cold,180,26,6,6,22,0,none,none,1,-0.9116,0,141
2025-06-22,Lassi,beverage_cold,120,37,6,6,22,0,none,none,1,-0.9116,0,141
2025-06-22,Fresh Lime Soda,beverage_cold,100,34,6,6,22,0,none,none,1,-0.9116,0,141
2025-06-22,Veg Momo,food_main,160,61,6,6,22,0,none,none,1,-0.9116,0,141
2025-06-22,Buff Momo,food_main,180,81,6,6,22,0,none,none,1,-0.9116,1,141
2025-06-22,Chicken Chowmein,food_main,190,38,6,6,22,0,none,none,1,-0.9116,0,141
2025-06-22,Veg Thukpa,food_main,170,28,6,6,22,0,none,none,1,-0.9116,1,141
2025-06-22,Club Sandwich,food_main,250,25,6,6,22,0,none,none,1,-0.9116,0,141
2025-06-22,Chicken Burger,food_main,280,25,6,6,22,0,none,none,1,-0.9116,1,141
2025-06-22,French Fries,food_snack,130,27,6,6,22,0,none,none,1,-0.9116,0,141
2025-06-22,Samosa,food_snack,40,32,6,6,22,0,none,none,1,-0.9116,0,141
2025-06-22,Chocolate Cake Slice,food_bakery,160,26,6,6,22,0,none,none,1,-0.9116,1,141
2025-06-22,Croissant,food_bakery,140,10,6,6,22,0,none,none,1,-0.9116,1,141
2025-06-23,Milk Tea (Dudh Chiya),beverage_hot,40,114,0,6,23,0,none,none,1,-0.9185,0,142
2025-06-23,Masala Chiya,beverage_hot,50,76,0,6,23,0,none,none,1,-0.9185,0,142
2025-06-23,Black Tea (Kalo Chiya),beverage_hot,30,41,0,6,23,0,none,none,1,-0.9185,0,142
2025-06-23,Americano,beverage_hot,150,30,0,6,23,0,none,none,1,-0.9185,0,142
2025-06-23,Cappuccino,beverage_hot,190,60,0,6,23,0,none,none,1,-0.9185,1,142
2025-06-23,Cafe Latte,beverage_hot,200,42,0,6,23,0,none,none,1,-0.9185,0,142
2025-06-23,Hot Chocolate,beverage_hot,180,27,0,6,23,0,none,none,1,-0.9185,0,142
2025-06-23,Cold Coffee,beverage_cold,220,48,0,6,23,0,none,none,1,-0.9185,0,142
2025-06-23,Iced Americano,beverage_cold,180,31,0,6,23,0,none,none,1,-0.9185,0,142
2025-06-23,Lassi,beverage_cold,120,27,0,6,23,0,none,none,1,-0.9185,0,142
2025-06-23,Fresh Lime Soda,beverage_cold,100,48,0,6,23,0,none,none,1,-0.9185,0,142
2025-06-23,Veg Momo,food_main,160,60,0,6,23,0,none,none,1,-0.9185,0,142
2025-06-23,Buff Momo,food_main,180,66,0,6,23,0,none,none,1,-0.9185,1,142
2025-06-23,Chicken Chowmein,food_main,190,32,0,6,23,0,none,none,1,-0.9185,0,142
2025-06-23,Veg Thukpa,food_main,170,24,0,6,23,0,none,none,1,-0.9185,1,142
2025-06-23,Club Sandwich,food_main,250,22,0,6,23,0,none,none,1,-0.9185,0,142
2025-06-23,Chicken Burger,food_main,280,28,0,6,23,0,none,none,1,-0.9185,1,142
2025-06-23,French Fries,food_snack,130,33,0,6,23,0,none,none,1,-0.9185,0,142
2025-06-23,Samosa,food_snack,40,34,0,6,23,0,none,none,1,-0.9185,0,142
2025-06-23,Chocolate Cake Slice,food_bakery,160,17,0,6,23,0,none,none,1,-0.9185,1,142
2025-06-23,Croissant,food_bakery,140,10,0,6,23,0,none,none,1,-0.9185,1,142
2025-06-24,Milk Tea (Dudh Chiya),beverage_hot,40,140,1,6,24,0,none,none,1,-0.9252,0,143
2025-06-24,Masala Chiya,beverage_hot,50,85,1,6,24,0,none,none,1,-0.9252,0,143
2025-06-24,Black Tea (Kalo Chiya),beverage_hot,30,32,1,6,24,0,none,none,1,-0.9252,0,143
2025-06-24,Americano,beverage_hot,150,44,1,6,24,0,none,none,1,-0.9252,0,143
2025-06-24,Cappuccino,beverage_hot,190,49,1,6,24,0,none,none,1,-0.9252,1,143
2025-06-24,Cafe Latte,beverage_hot,200,44,1,6,24,0,none,none,1,-0.9252,0,143
2025-06-24,Hot Chocolate,beverage_hot,180,20,1,6,24,0,none,none,1,-0.9252,0,143
2025-06-24,Cold Coffee,beverage_cold,220,36,1,6,24,0,none,none,1,-0.9252,0,143
2025-06-24,Iced Americano,beverage_cold,180,30,1,6,24,0,none,none,1,-0.9252,0,143
2025-06-24,Lassi,beverage_cold,120,39,1,6,24,0,none,none,1,-0.9252,0,143
2025-06-24,Fresh Lime Soda,beverage_cold,100,44,1,6,24,0,none,none,1,-0.9252,0,143
2025-06-24,Veg Momo,food_main,160,64,1,6,24,0,none,none,1,-0.9252,0,143
2025-06-24,Buff Momo,food_main,180,62,1,6,24,0,none,none,1,-0.9252,1,143
2025-06-24,Chicken Chowmein,food_main,190,42,1,6,24,0,none,none,1,-0.9252,0,143
2025-06-24,Veg Thukpa,food_main,170,25,1,6,24,0,none,none,1,-0.9252,1,143
2025-06-24,Club Sandwich,food_main,250,20,1,6,24,0,none,none,1,-0.9252,0,143
2025-06-24,Chicken Burger,food_main,280,29,1,6,24,0,none,none,1,-0.9252,1,143
2025-06-24,French Fries,food_snack,130,33,1,6,24,0,none,none,1,-0.9252,0,143
2025-06-24,Samosa,food_snack,40,36,1,6,24,0,none,none,1,-0.9252,0,143
2025-06-24,Chocolate Cake Slice,food_bakery,160,18,1,6,24,0,none,none,1,-0.9252,1,143
2025-06-24,Croissant,food_bakery,140,16,1,6,24,0,none,none,1,-0.9252,1,143
2025-06-25,Milk Tea (Dudh Chiya),beverage_hot,40,151,2,6,25,0,none,none,1,-0.9316,0,144
2025-06-25,Masala Chiya,beverage_hot,50,110,2,6,25,0,none,none,1,-0.9316,0,144
2025-06-25,Black Tea (Kalo Chiya),beverage_hot,30,37,2,6,25,0,none,none,1,-0.9316,0,144
2025-06-25,Americano,beverage_hot,150,43,2,6,25,0,none,none,1,-0.9316,0,144
2025-06-25,Cappuccino,beverage_hot,190,69,2,6,25,0,none,none,1,-0.9316,1,144
2025-06-25,Cafe Latte,beverage_hot,200,55,2,6,25,0,none,none,1,-0.9316,0,144
2025-06-25,Hot Chocolate,beverage_hot,180,27,2,6,25,0,none,none,1,-0.9316,0,144
2025-06-25,Cold Coffee,beverage_cold,220,42,2,6,25,0,none,none,1,-0.9316,0,144
2025-06-25,Iced Americano,beverage_cold,180,25,2,6,25,0,none,none,1,-0.9316,0,144
2025-06-25,Lassi,beverage_cold,120,30,2,6,25,0,none,none,1,-0.9316,0,144
2025-06-25,Fresh Lime Soda,beverage_cold,100,35,2,6,25,0,none,none,1,-0.9316,0,144
2025-06-25,Veg Momo,food_main,160,54,2,6,25,0,none,none,1,-0.9316,0,144
2025-06-25,Buff Momo,food_main,180,76,2,6,25,0,none,none,1,-0.9316,1,144
2025-06-25,Chicken Chowmein,food_main,190,48,2,6,25,0,none,none,1,-0.9316,0,144
2025-06-25,Veg Thukpa,food_main,170,37,2,6,25,0,none,none,1,-0.9316,1,144
2025-06-25,Club Sandwich,food_main,250,37,2,6,25,0,none,none,1,-0.9316,0,144
2025-06-25,Chicken Burger,food_main,280,23,2,6,25,0,none,none,1,-0.9316,1,144
2025-06-25,French Fries,food_snack,130,37,2,6,25,0,none,none,1,-0.9316,0,144
2025-06-25,Samosa,food_snack,40,38,2,6,25,0,none,none,1,-0.9316,0,144
2025-06-25,Chocolate Cake Slice,food_bakery,160,16,2,6,25,0,none,none,1,-0.9316,1,144
2025-06-25,Croissant,food_bakery,140,23,2,6,25,0,none,none,1,-0.9316,1,144
2025-06-26,Milk Tea (Dudh Chiya),beverage_hot,40,146,3,6,26,0,none,none,1,-0.9377,0,145
2025-06-26,Masala Chiya,beverage_hot,50,86,3,6,26,0,none,none,1,-0.9377,0,145
2025-06-26,Black Tea (Kalo Chiya),beverage_hot,30,37,3,6,26,0,none,none,1,-0.9377,0,145
2025-06-26,Americano,beverage_hot,150,41,3,6,26,0,none,none,1,-0.9377,0,145
2025-06-26,Cappuccino,beverage_hot,190,55,3,6,26,0,none,none,1,-0.9377,1,145
2025-06-26,Cafe Latte,beverage_hot,200,44,3,6,26,0,none,none,1,-0.9377,0,145
2025-06-26,Hot Chocolate,beverage_hot,180,28,3,6,26,0,none,none,1,-0.9377,0,145
2025-06-26,Cold Coffee,beverage_cold,220,41,3,6,26,0,none,none,1,-0.9377,0,145
2025-06-26,Iced Americano,beverage_cold,180,34,3,6,26,0,none,none,1,-0.9377,0,145
2025-06-26,Lassi,beverage_cold,120,43,3,6,26,0,none,none,1,-0.9377,0,145
2025-06-26,Fresh Lime Soda,beverage_cold,100,46,3,6,26,0,none,none,1,-0.9377,0,145
2025-06-26,Veg Momo,food_main,160,58,3,6,26,0,none,none,1,-0.9377,0,145
2025-06-26,Buff Momo,food_main,180,103,3,6,26,0,none,none,1,-0.9377,1,145
2025-06-26,Chicken Chowmein,food_main,190,40,3,6,26,0,none,none,1,-0.9377,0,145
2025-06-26,Veg Thukpa,food_main,170,34,3,6,26,0,none,none,1,-0.9377,1,145
2025-06-26,Club Sandwich,food_main,250,33,3,6,26,0,none,none,1,-0.9377,0,145
2025-06-26,Chicken Burger,food_main,280,16,3,6,26,0,none,none,1,-0.9377,0,145
2025-06-26,French Fries,food_snack,130,34,3,6,26,0,none,none,1,-0.9377,0,145
2025-06-26,Samosa,food_snack,40,36,3,6,26,0,none,none,1,-0.9377,0,145
2025-06-26,Chocolate Cake Slice,food_bakery,160,30,3,6,26,0,none,none,1,-0.9377,1,145
2025-06-26,Croissant,food_bakery,140,15,3,6,26,0,none,none,1,-0.9377,0,145
2025-06-27,Milk Tea (Dudh Chiya),beverage_hot,40,164,4,6,27,0,none,none,1,-0.9436,0,146
2025-06-27,Masala Chiya,beverage_hot,50,75,4,6,27,0,none,none,1,-0.9436,0,146
2025-06-27,Black Tea (Kalo Chiya),beverage_hot,30,36,4,6,27,0,none,none,1,-0.9436,0,146
2025-06-27,Americano,beverage_hot,150,51,4,6,27,0,none,none,1,-0.9436,0,146
2025-06-27,Cappuccino,beverage_hot,190,55,4,6,27,0,none,none,1,-0.9436,1,146
2025-06-27,Cafe Latte,beverage_hot,200,44,4,6,27,0,none,none,1,-0.9436,0,146
2025-06-27,Hot Chocolate,beverage_hot,180,33,4,6,27,0,none,none,1,-0.9436,0,146
2025-06-27,Cold Coffee,beverage_cold,220,50,4,6,27,0,none,none,1,-0.9436,0,146
2025-06-27,Iced Americano,beverage_cold,180,38,4,6,27,0,none,none,1,-0.9436,0,146
2025-06-27,Lassi,beverage_cold,120,37,4,6,27,0,none,none,1,-0.9436,0,146
2025-06-27,Fresh Lime Soda,beverage_cold,100,41,4,6,27,0,none,none,1,-0.9436,0,146
2025-06-27,Veg Momo,food_main,160,71,4,6,27,0,none,none,1,-0.9436,0,146
2025-06-27,Buff Momo,food_main,180,105,4,6,27,0,none,none,1,-0.9436,1,146
2025-06-27,Chicken Chowmein,food_main,190,42,4,6,27,0,none,none,1,-0.9436,0,146
2025-06-27,Veg Thukpa,food_main,170,29,4,6,27,0,none,none,1,-0.9436,1,146
2025-06-27,Club Sandwich,food_main,250,29,4,6,27,0,none,none,1,-0.9436,0,146
2025-06-27,Chicken Burger,food_main,280,21,4,6,27,0,none,none,1,-0.9436,0,146
2025-06-27,French Fries,food_snack,130,51,4,6,27,0,none,none,1,-0.9436,0,146
2025-06-27,Samosa,food_snack,40,38,4,6,27,0,none,none,1,-0.9436,0,146
2025-06-27,Chocolate Cake Slice,food_bakery,160,21,4,6,27,0,none,none,1,-0.9436,1,146
2025-06-27,Croissant,food_bakery,140,9,4,6,27,0,none,none,1,-0.9436,0,146
2025-06-28,Milk Tea (Dudh Chiya),beverage_hot,40,166,5,6,28,1,none,none,1,-0.9491,0,147
2025-06-28,Masala Chiya,beverage_hot,50,110,5,6,28,1,none,none,1,-0.9491,0,147
2025-06-28,Black Tea (Kalo Chiya),beverage_hot,30,65,5,6,28,1,none,none,1,-0.9491,0,147
2025-06-28,Americano,beverage_hot,150,61,5,6,28,1,none,none,1,-0.9491,0,147
2025-06-28,Cappuccino,beverage_hot,190,77,5,6,28,1,none,none,1,-0.9491,1,147
2025-06-28,Cafe Latte,beverage_hot,200,64,5,6,28,1,none,none,1,-0.9491,0,147
2025-06-28,Hot Chocolate,beverage_hot,180,35,5,6,28,1,none,none,1,-0.9491,0,147
2025-06-28,Cold Coffee,beverage_cold,220,58,5,6,28,1,none,none,1,-0.9491,0,147
2025-06-28,Iced Americano,beverage_cold,180,50,5,6,28,1,none,none,1,-0.9491,0,147
2025-06-28,Lassi,beverage_cold,120,41,5,6,28,1,none,none,1,-0.9491,0,147
2025-06-28,Fresh Lime Soda,beverage_cold,100,49,5,6,28,1,none,none,1,-0.9491,0,147
2025-06-28,Veg Momo,food_main,160,93,5,6,28,1,none,none,1,-0.9491,0,147
2025-06-28,Buff Momo,food_main,180,107,5,6,28,1,none,none,1,-0.9491,1,147
2025-06-28,Chicken Chowmein,food_main,190,68,5,6,28,1,none,none,1,-0.9491,0,147
2025-06-28,Veg Thukpa,food_main,170,33,5,6,28,1,none,none,1,-0.9491,1,147
2025-06-28,Club Sandwich,food_main,250,41,5,6,28,1,none,none,1,-0.9491,0,147
2025-06-28,Chicken Burger,food_main,280,25,5,6,28,1,none,none,1,-0.9491,0,147
2025-06-28,French Fries,food_snack,130,64,5,6,28,1,none,none,1,-0.9491,0,147
2025-06-28,Samosa,food_snack,40,46,5,6,28,1,none,none,1,-0.9491,0,147
2025-06-28,Chocolate Cake Slice,food_bakery,160,27,5,6,28,1,none,none,1,-0.9491,1,147
2025-06-28,Croissant,food_bakery,140,12,5,6,28,1,none,none,1,-0.9491,0,147
2025-06-29,Milk Tea (Dudh Chiya),beverage_hot,40,118,6,6,29,0,none,none,1,-0.9544,0,148
2025-06-29,Masala Chiya,beverage_hot,50,72,6,6,29,0,none,none,1,-0.9544,0,148
2025-06-29,Black Tea (Kalo Chiya),beverage_hot,30,37,6,6,29,0,none,none,1,-0.9544,0,148
2025-06-29,Americano,beverage_hot,150,45,6,6,29,0,none,none,1,-0.9544,0,148
2025-06-29,Cappuccino,beverage_hot,190,62,6,6,29,0,none,none,1,-0.9544,1,148
2025-06-29,Cafe Latte,beverage_hot,200,51,6,6,29,0,none,none,1,-0.9544,0,148
2025-06-29,Hot Chocolate,beverage_hot,180,29,6,6,29,0,none,none,1,-0.9544,0,148
2025-06-29,Cold Coffee,beverage_cold,220,45,6,6,29,0,none,none,1,-0.9544,0,148
2025-06-29,Iced Americano,beverage_cold,180,34,6,6,29,0,none,none,1,-0.9544,0,148
2025-06-29,Lassi,beverage_cold,120,38,6,6,29,0,none,none,1,-0.9544,0,148
2025-06-29,Fresh Lime Soda,beverage_cold,100,33,6,6,29,0,none,none,1,-0.9544,0,148
2025-06-29,Veg Momo,food_main,160,42,6,6,29,0,none,none,1,-0.9544,0,148
2025-06-29,Buff Momo,food_main,180,71,6,6,29,0,none,none,1,-0.9544,1,148
2025-06-29,Chicken Chowmein,food_main,190,44,6,6,29,0,none,none,1,-0.9544,0,148
2025-06-29,Veg Thukpa,food_main,170,21,6,6,29,0,none,none,1,-0.9544,1,148
2025-06-29,Club Sandwich,food_main,250,16,6,6,29,0,none,none,1,-0.9544,0,148
2025-06-29,Chicken Burger,food_main,280,27,6,6,29,0,none,none,1,-0.9544,0,148
2025-06-29,French Fries,food_snack,130,28,6,6,29,0,none,none,1,-0.9544,0,148
2025-06-29,Samosa,food_snack,40,25,6,6,29,0,none,none,1,-0.9544,0,148
2025-06-29,Chocolate Cake Slice,food_bakery,160,14,6,6,29,0,none,none,1,-0.9544,1,148
2025-06-29,Croissant,food_bakery,140,8,6,6,29,0,none,none,1,-0.9544,0,148
2025-06-30,Milk Tea (Dudh Chiya),beverage_hot,40,129,0,6,30,0,none,none,1,-0.9594,0,149
2025-06-30,Masala Chiya,beverage_hot,50,86,0,6,30,0,none,none,1,-0.9594,0,149
2025-06-30,Black Tea (Kalo Chiya),beverage_hot,30,44,0,6,30,0,none,none,1,-0.9594,0,149
2025-06-30,Americano,beverage_hot,150,41,0,6,30,0,none,none,1,-0.9594,0,149
2025-06-30,Cappuccino,beverage_hot,190,56,0,6,30,0,none,none,1,-0.9594,1,149
2025-06-30,Cafe Latte,beverage_hot,200,47,0,6,30,0,none,none,1,-0.9594,0,149
2025-06-30,Hot Chocolate,beverage_hot,180,27,0,6,30,0,none,none,1,-0.9594,0,149
2025-06-30,Cold Coffee,beverage_cold,220,44,0,6,30,0,none,none,1,-0.9594,0,149
2025-06-30,Iced Americano,beverage_cold,180,27,0,6,30,0,none,none,1,-0.9594,0,149
2025-06-30,Lassi,beverage_cold,120,26,0,6,30,0,none,none,1,-0.9594,0,149
2025-06-30,Fresh Lime Soda,beverage_cold,100,27,0,6,30,0,none,none,1,-0.9594,0,149
2025-06-30,Veg Momo,food_main,160,59,0,6,30,0,none,none,1,-0.9594,0,149
2025-06-30,Buff Momo,food_main,180,67,0,6,30,0,none,none,1,-0.9594,1,149
2025-06-30,Chicken Chowmein,food_main,190,46,0,6,30,0,none,none,1,-0.9594,0,149
2025-06-30,Veg Thukpa,food_main,170,28,0,6,30,0,none,none,1,-0.9594,1,149
2025-06-30,Club Sandwich,food_main,250,23,0,6,30,0,none,none,1,-0.9594,0,149
2025-06-30,Chicken Burger,food_main,280,23,0,6,30,0,none,none,1,-0.9594,0,149
2025-06-30,French Fries,food_snack,130,48,0,6,30,0,none,none,1,-0.9594,0,149
2025-06-30,Samosa,food_snack,40,32,0,6,30,0,none,none,1,-0.9594,0,149
2025-06-30,Chocolate Cake Slice,food_bakery,160,23,0,6,30,0,none,none,1,-0.9594,1,149
2025-06-30,Croissant,food_bakery,140,7,0,6,30,0,none,none,1,-0.9594,0,149
2025-07-01,Milk Tea (Dudh Chiya),beverage_hot,40,125,1,7,1,0,none,none,1,-0.9641,0,150
2025-07-01,Masala Chiya,beverage_hot,50,88,1,7,1,0,none,none,1,-0.9641,0,150
2025-07-01,Black Tea (Kalo Chiya),beverage_hot,30,33,1,7,1,0,none,none,1,-0.9641,0,150
2025-07-01,Americano,beverage_hot,150,37,1,7,1,0,none,none,1,-0.9641,0,150
2025-07-01,Cappuccino,beverage_hot,190,47,1,7,1,0,none,none,1,-0.9641,0,150
2025-07-01,Cafe Latte,beverage_hot,200,42,1,7,1,0,none,none,1,-0.9641,0,150
2025-07-01,Hot Chocolate,beverage_hot,180,21,1,7,1,0,none,none,1,-0.9641,0,150
2025-07-01,Cold Coffee,beverage_cold,220,35,1,7,1,0,none,none,1,-0.9641,0,150
2025-07-01,Iced Americano,beverage_cold,180,31,1,7,1,0,none,none,1,-0.9641,0,150
2025-07-01,Lassi,beverage_cold,120,32,1,7,1,0,none,none,1,-0.9641,0,150
2025-07-01,Fresh Lime Soda,beverage_cold,100,37,1,7,1,0,none,none,1,-0.9641,0,150
2025-07-01,Veg Momo,food_main,160,73,1,7,1,0,none,none,1,-0.9641,0,150
2025-07-01,Buff Momo,food_main,180,55,1,7,1,0,none,none,1,-0.9641,0,150
2025-07-01,Chicken Chowmein,food_main,190,41,1,7,1,0,none,none,1,-0.9641,0,150
2025-07-01,Veg Thukpa,food_main,170,23,1,7,1,0,none,none,1,-0.9641,0,150
2025-07-01,Club Sandwich,food_main,250,25,1,7,1,0,none,none,1,-0.9641,0,150
2025-07-01,Chicken Burger,food_main,280,20,1,7,1,0,none,none,1,-0.9641,0,150
2025-07-01,French Fries,food_snack,130,43,1,7,1,0,none,none,1,-0.9641,0,150
2025-07-01,Samosa,food_snack,40,24,1,7,1,0,none,none,1,-0.9641,0,150
2025-07-01,Chocolate Cake Slice,food_bakery,160,12,1,7,1,0,none,none,1,-0.9641,0,150
2025-07-01,Croissant,food_bakery,140,12,1,7,1,0,none,none,1,-0.9641,0,150
2025-07-02,Milk Tea (Dudh Chiya),beverage_hot,40,131,2,7,2,0,none,none,1,-0.9685,0,151
2025-07-02,Masala Chiya,beverage_hot,50,82,2,7,2,0,none,none,1,-0.9685,0,151
2025-07-02,Black Tea (Kalo Chiya),beverage_hot,30,41,2,7,2,0,none,none,1,-0.9685,0,151
2025-07-02,Americano,beverage_hot,150,28,2,7,2,0,none,none,1,-0.9685,0,151
2025-07-02,Cappuccino,beverage_hot,190,46,2,7,2,0,none,none,1,-0.9685,0,151
2025-07-02,Cafe Latte,beverage_hot,200,34,2,7,2,0,none,none,1,-0.9685,0,151
2025-07-02,Hot Chocolate,beverage_hot,180,22,2,7,2,0,none,none,1,-0.9685,0,151
2025-07-02,Cold Coffee,beverage_cold,220,44,2,7,2,0,none,none,1,-0.9685,0,151
2025-07-02,Iced Americano,beverage_cold,180,29,2,7,2,0,none,none,1,-0.9685,0,151
2025-07-02,Lassi,beverage_cold,120,27,2,7,2,0,none,none,1,-0.9685,0,151
2025-07-02,Fresh Lime Soda,beverage_cold,100,39,2,7,2,0,none,none,1,-0.9685,0,151
2025-07-02,Veg Momo,food_main,160,52,2,7,2,0,none,none,1,-0.9685,0,151
2025-07-02,Buff Momo,food_main,180,54,2,7,2,0,none,none,1,-0.9685,0,151
2025-07-02,Chicken Chowmein,food_main,190,32,2,7,2,0,none,none,1,-0.9685,0,151
2025-07-02,Veg Thukpa,food_main,170,20,2,7,2,0,none,none,1,-0.9685,0,151
2025-07-02,Club Sandwich,food_main,250,22,2,7,2,0,none,none,1,-0.9685,0,151
2025-07-02,Chicken Burger,food_main,280,22,2,7,2,0,none,none,1,-0.9685,0,151
2025-07-02,French Fries,food_snack,130,37,2,7,2,0,none,none,1,-0.9685,0,151
2025-07-02,Samosa,food_snack,40,32,2,7,2,0,none,none,1,-0.9685,0,151
2025-07-02,Chocolate Cake Slice,food_bakery,160,12,2,7,2,0,none,none,1,-0.9685,0,151
2025-07-02,Croissant,food_bakery,140,7,2,7,2,0,none,none,1,-0.9685,0,151
2025-07-03,Milk Tea (Dudh Chiya),beverage_hot,40,135,3,7,3,0,none,none,1,-0.9727,0,152
2025-07-03,Masala Chiya,beverage_hot,50,75,3,7,3,0,none,none,1,-0.9727,0,152
2025-07-03,Black Tea (Kalo Chiya),beverage_hot,30,38,3,7,3,0,none,none,1,-0.9727,0,152
2025-07-03,Americano,beverage_hot,150,39,3,7,3,0,none,none,1,-0.9727,0,152
2025-07-03,Cappuccino,beverage_hot,190,43,3,7,3,0,none,none,1,-0.9727,0,152
2025-07-03,Cafe Latte,beverage_hot,200,49,3,7,3,0,none,none,1,-0.9727,0,152
2025-07-03,Hot Chocolate,beverage_hot,180,19,3,7,3,0,none,none,1,-0.9727,0,152
2025-07-03,Cold Coffee,beverage_cold,220,35,3,7,3,0,none,none,1,-0.9727,0,152
2025-07-03,Iced Americano,beverage_cold,180,32,3,7,3,0,none,none,1,-0.9727,0,152
2025-07-03,Lassi,beverage_cold,120,35,3,7,3,0,none,none,1,-0.9727,0,152
2025-07-03,Fresh Lime Soda,beverage_cold,100,37,3,7,3,0,none,none,1,-0.9727,0,152
2025-07-03,Veg Momo,food_main,160,63,3,7,3,0,none,none,1,-0.9727,0,152
2025-07-03,Buff Momo,food_main,180,61,3,7,3,0,none,none,1,-0.9727,0,152
2025-07-03,Chicken Chowmein,food_main,190,43,3,7,3,0,none,none,1,-0.9727,0,152
2025-07-03,Veg Thukpa,food_main,170,39,3,7,3,0,none,none,1,-0.9727,0,152
2025-07-03,Club Sandwich,food_main,250,26,3,7,3,0,none,none,1,-0.9727,0,152
2025-07-03,Chicken Burger,food_main,280,21,3,7,3,0,none,none,1,-0.9727,0,152
2025-07-03,French Fries,food_snack,130,33,3,7,3,0,none,none,1,-0.9727,0,152
2025-07-03,Samosa,food_snack,40,32,3,7,3,0,none,none,1,-0.9727,0,152
2025-07-03,Chocolate Cake Slice,food_bakery,160,16,3,7,3,0,none,none,1,-0.9727,0,152
2025-07-03,Croissant,food_bakery,140,14,3,7,3,0,none,none,1,-0.9727,0,152
2025-07-04,Milk Tea (Dudh Chiya),beverage_hot,40,151,4,7,4,0,none,none,1,-0.9765,0,153
2025-07-04,Masala Chiya,beverage_hot,50,73,4,7,4,0,none,none,1,-0.9765,0,153
2025-07-04,Black Tea (Kalo Chiya),beverage_hot,30,37,4,7,4,0,none,none,1,-0.9765,0,153
2025-07-04,Americano,beverage_hot,150,45,4,7,4,0,none,none,1,-0.9765,0,153
2025-07-04,Cappuccino,beverage_hot,190,57,4,7,4,0,none,none,1,-0.9765,0,153
2025-07-04,Cafe Latte,beverage_hot,200,48,4,7,4,0,none,none,1,-0.9765,0,153
2025-07-04,Hot Chocolate,beverage_hot,180,24,4,7,4,0,none,none,1,-0.9765,0,153
2025-07-04,Cold Coffee,beverage_cold,220,46,4,7,4,0,none,none,1,-0.9765,0,153
2025-07-04,Iced Americano,beverage_cold,180,35,4,7,4,0,none,none,1,-0.9765,0,153
2025-07-04,Lassi,beverage_cold,120,34,4,7,4,0,none,none,1,-0.9765,0,153
2025-07-04,Fresh Lime Soda,beverage_cold,100,49,4,7,4,0,none,none,1,-0.9765,0,153
2025-07-04,Veg Momo,food_main,160,51,4,7,4,0,none,none,1,-0.9765,0,153
2025-07-04,Buff Momo,food_main,180,60,4,7,4,0,none,none,1,-0.9765,0,153
2025-07-04,Chicken Chowmein,food_main,190,45,4,7,4,0,none,none,1,-0.9765,0,153
2025-07-04,Veg Thukpa,food_main,170,26,4,7,4,0,none,none,1,-0.9765,0,153
2025-07-04,Club Sandwich,food_main,250,26,4,7,4,0,none,none,1,-0.9765,0,153
2025-07-04,Chicken Burger,food_main,280,27,4,7,4,0,none,none,1,-0.9765,0,153
2025-07-04,French Fries,food_snack,130,39,4,7,4,0,none,none,1,-0.9765,0,153
2025-07-04,Samosa,food_snack,40,27,4,7,4,0,none,none,1,-0.9765,0,153
2025-07-04,Chocolate Cake Slice,food_bakery,160,19,4,7,4,0,none,none,1,-0.9765,0,153
2025-07-04,Croissant,food_bakery,140,6,4,7,4,0,none,none,1,-0.9765,0,153
2025-07-05,Milk Tea (Dudh Chiya),beverage_hot,40,174,5,7,5,1,none,none,1,-0.9801,0,154
2025-07-05,Masala Chiya,beverage_hot,50,101,5,7,5,1,none,none,1,-0.9801,0,154
2025-07-05,Black Tea (Kalo Chiya),beverage_hot,30,50,5,7,5,1,none,none,1,-0.9801,0,154
2025-07-05,Americano,beverage_hot,150,53,5,7,5,1,none,none,1,-0.9801,0,154
2025-07-05,Cappuccino,beverage_hot,190,60,5,7,5,1,none,none,1,-0.9801,0,154
2025-07-05,Cafe Latte,beverage_hot,200,52,5,7,5,1,none,none,1,-0.9801,0,154
2025-07-05,Hot Chocolate,beverage_hot,180,36,5,7,5,1,none,none,1,-0.9801,0,154
2025-07-05,Cold Coffee,beverage_cold,220,53,5,7,5,1,none,none,1,-0.9801,0,154
2025-07-05,Iced Americano,beverage_cold,180,40,5,7,5,1,none,none,1,-0.9801,0,154
2025-07-05,Lassi,beverage_cold,120,36,5,7,5,1,none,none,1,-0.9801,0,154
2025-07-05,Fresh Lime Soda,beverage_cold,100,49,5,7,5,1,none,none,1,-0.9801,0,154
2025-07-05,Veg Momo,food_main,160,69,5,7,5,1,none,none,1,-0.9801,0,154
2025-07-05,Buff Momo,food_main,180,90,5,7,5,1,none,none,1,-0.9801,0,154
2025-07-05,Chicken Chowmein,food_main,190,37,5,7,5,1,none,none,1,-0.9801,0,154
2025-07-05,Veg Thukpa,food_main,170,25,5,7,5,1,none,none,1,-0.9801,0,154
2025-07-05,Club Sandwich,food_main,250,32,5,7,5,1,none,none,1,-0.9801,0,154
2025-07-05,Chicken Burger,food_main,280,33,5,7,5,1,none,none,1,-0.9801,0,154
2025-07-05,French Fries,food_snack,130,45,5,7,5,1,none,none,1,-0.9801,0,154
2025-07-05,Samosa,food_snack,40,46,5,7,5,1,none,none,1,-0.9801,0,154
2025-07-05,Chocolate Cake Slice,food_bakery,160,22,5,7,5,1,none,none,1,-0.9801,0,154
2025-07-05,Croissant,food_bakery,140,15,5,7,5,1,none,none,1,-0.9801,0,154
2025-07-06,Milk Tea (Dudh Chiya),beverage_hot,40,83,6,7,6,0,none,none,1,-0.9833,0,155
2025-07-06,Masala Chiya,beverage_hot,50,72,6,7,6,0,none,none,1,-0.9833,0,155
2025-07-06,Black Tea (Kalo Chiya),beverage_hot,30,24,6,7,6,0,none,none,1,-0.9833,0,155
2025-07-06,Americano,beverage_hot,150,36,6,7,6,0,none,none,1,-0.9833,0,155
2025-07-06,Cappuccino,beverage_hot,190,29,6,7,6,0,none,none,1,-0.9833,0,155
2025-07-06,Cafe Latte,beverage_hot,200,30,6,7,6,0,none,none,1,-0.9833,0,155
2025-07-06,Hot Chocolate,beverage_hot,180,18,6,7,6,0,none,none,1,-0.9833,0,155
2025-07-06,Cold Coffee,beverage_cold,220,29,6,7,6,0,none,none,1,-0.9833,0,155
2025-07-06,Iced Americano,beverage_cold,180,17,6,7,6,0,none,none,1,-0.9833,0,155
2025-07-06,Lassi,beverage_cold,120,27,6,7,6,0,none,none,1,-0.9833,0,155
2025-07-06,Fresh Lime Soda,beverage_cold,100,23,6,7,6,0,none,none,1,-0.9833,0,155
2025-07-06,Veg Momo,food_main,160,37,6,7,6,0,none,none,1,-0.9833,0,155
2025-07-06,Buff Momo,food_main,180,39,6,7,6,0,none,none,1,-0.9833,0,155
2025-07-06,Chicken Chowmein,food_main,190,29,6,7,6,0,none,none,1,-0.9833,0,155
2025-07-06,Veg Thukpa,food_main,170,16,6,7,6,0,none,none,1,-0.9833,0,155
2025-07-06,Club Sandwich,food_main,250,23,6,7,6,0,none,none,1,-0.9833,0,155
2025-07-06,Chicken Burger,food_main,280,19,6,7,6,0,none,none,1,-0.9833,0,155
2025-07-06,French Fries,food_snack,130,27,6,7,6,0,none,none,1,-0.9833,0,155
2025-07-06,Samosa,food_snack,40,22,6,7,6,0,none,none,1,-0.9833,0,155
2025-07-06,Chocolate Cake Slice,food_bakery,160,8,6,7,6,0,none,none,1,-0.9833,0,155
2025-07-06,Croissant,food_bakery,140,9,6,7,6,0,none,none,1,-0.9833,0,155
2025-07-07,Milk Tea (Dudh Chiya),beverage_hot,40,122,0,7,7,0,none,none,1,-0.9863,0,156
2025-07-07,Masala Chiya,beverage_hot,50,81,0,7,7,0,none,none,1,-0.9863,0,156
2025-07-07,Black Tea (Kalo Chiya),beverage_hot,30,42,0,7,7,0,none,none,1,-0.9863,0,156
2025-07-07,Americano,beverage_hot,150,32,0,7,7,0,none,none,1,-0.9863,0,156
2025-07-07,Cappuccino,beverage_hot,190,45,0,7,7,0,none,none,1,-0.9863,0,156
2025-07-07,Cafe Latte,beverage_hot,200,30,0,7,7,0,none,none,1,-0.9863,0,156
2025-07-07,Hot Chocolate,beverage_hot,180,24,0,7,7,0,none,none,1,-0.9863,0,156
2025-07-07,Cold Coffee,beverage_cold,220,41,0,7,7,0,none,none,1,-0.9863,0,156
2025-07-07,Iced Americano,beverage_cold,180,23,0,7,7,0,none,none,1,-0.9863,0,156
2025-07-07,Lassi,beverage_cold,120,23,0,7,7,0,none,none,1,-0.9863,0,156
2025-07-07,Fresh Lime Soda,beverage_cold,100,29,0,7,7,0,none,none,1,-0.9863,0,156
2025-07-07,Veg Momo,food_main,160,45,0,7,7,0,none,none,1,-0.9863,0,156
2025-07-07,Buff Momo,food_main,180,72,0,7,7,0,none,none,1,-0.9863,0,156
2025-07-07,Chicken Chowmein,food_main,190,31,0,7,7,0,none,none,1,-0.9863,0,156
2025-07-07,Veg Thukpa,food_main,170,25,0,7,7,0,none,none,1,-0.9863,0,156
2025-07-07,Club Sandwich,food_main,250,26,0,7,7,0,none,none,1,-0.9863,0,156
2025-07-07,Chicken Burger,food_main,280,14,0,7,7,0,none,none,1,-0.9863,0,156
2025-07-07,French Fries,food_snack,130,39,0,7,7,0,none,none,1,-0.9863,0,156
2025-07-07,Samosa,food_snack,40,29,0,7,7,0,none,none,1,-0.9863,0,156
2025-07-07,Chocolate Cake Slice,food_bakery,160,11,0,7,7,0,none,none,1,-0.9863,0,156
2025-07-07,Croissant,food_bakery,140,10,0,7,7,0,none,none,1,-0.9863,0,156
2025-07-08,Milk Tea (Dudh Chiya),beverage_hot,40,111,1,7,8,0,none,none,1,-0.989,0,157
2025-07-08,Masala Chiya,beverage_hot,50,81,1,7,8,0,none,none,1,-0.989,0,157
2025-07-08,Black Tea (Kalo Chiya),beverage_hot,30,35,1,7,8,0,none,none,1,-0.989,0,157
2025-07-08,Americano,beverage_hot,150,43,1,7,8,0,none,none,1,-0.989,0,157
2025-07-08,Cappuccino,beverage_hot,190,33,1,7,8,0,none,none,1,-0.989,0,157
2025-07-08,Cafe Latte,beverage_hot,200,42,1,7,8,0,none,none,1,-0.989,0,157
2025-07-08,Hot Chocolate,beverage_hot,180,27,1,7,8,0,none,none,1,-0.989,0,157
2025-07-08,Cold Coffee,beverage_cold,220,45,1,7,8,0,none,none,1,-0.989,0,157
2025-07-08,Iced Americano,beverage_cold,180,22,1,7,8,0,none,none,1,-0.989,0,157
2025-07-08,Lassi,beverage_cold,120,34,1,7,8,0,none,none,1,-0.989,0,157
2025-07-08,Fresh Lime Soda,beverage_cold,100,41,1,7,8,0,none,none,1,-0.989,0,157
2025-07-08,Veg Momo,food_main,160,54,1,7,8,0,none,none,1,-0.989,0,157
2025-07-08,Buff Momo,food_main,180,53,1,7,8,0,none,none,1,-0.989,0,157
2025-07-08,Chicken Chowmein,food_main,190,40,1,7,8,0,none,none,1,-0.989,0,157
2025-07-08,Veg Thukpa,food_main,170,25,1,7,8,0,none,none,1,-0.989,0,157
2025-07-08,Club Sandwich,food_main,250,21,1,7,8,0,none,none,1,-0.989,0,157
2025-07-08,Chicken Burger,food_main,280,23,1,7,8,0,none,none,1,-0.989,0,157
2025-07-08,French Fries,food_snack,130,39,1,7,8,0,none,none,1,-0.989,0,157
2025-07-08,Samosa,food_snack,40,37,1,7,8,0,none,none,1,-0.989,0,157
2025-07-08,Chocolate Cake Slice,food_bakery,160,14,1,7,8,0,none,none,1,-0.989,0,157
2025-07-08,Croissant,food_bakery,140,11,1,7,8,0,none,none,1,-0.989,0,157
2025-07-09,Milk Tea (Dudh Chiya),beverage_hot,40,102,2,7,9,0,none,none,1,-0.9914,0,158
2025-07-09,Masala Chiya,beverage_hot,50,65,2,7,9,0,none,none,1,-0.9914,0,158
2025-07-09,Black Tea (Kalo Chiya),beverage_hot,30,39,2,7,9,0,none,none,1,-0.9914,0,158
2025-07-09,Americano,beverage_hot,150,28,2,7,9,0,none,none,1,-0.9914,0,158
2025-07-09,Cappuccino,beverage_hot,190,35,2,7,9,0,none,none,1,-0.9914,0,158
2025-07-09,Cafe Latte,beverage_hot,200,27,2,7,9,0,none,none,1,-0.9914,0,158
2025-07-09,Hot Chocolate,beverage_hot,180,20,2,7,9,0,none,none,1,-0.9914,0,158
2025-07-09,Cold Coffee,beverage_cold,220,32,2,7,9,0,none,none,1,-0.9914,0,158
2025-07-09,Iced Americano,beverage_cold,180,25,2,7,9,0,none,none,1,-0.9914,0,158
2025-07-09,Lassi,beverage_cold,120,22,2,7,9,0,none,none,1,-0.9914,0,158
2025-07-09,Fresh Lime Soda,beverage_cold,100,32,2,7,9,0,none,none,1,-0.9914,0,158
2025-07-09,Veg Momo,food_main,160,29,2,7,9,0,none,none,1,-0.9914,0,158
2025-07-09,Buff Momo,food_main,180,40,2,7,9,0,none,none,1,-0.9914,0,158
2025-07-09,Chicken Chowmein,food_main,190,32,2,7,9,0,none,none,1,-0.9914,0,158
2025-07-09,Veg Thukpa,food_main,170,17,2,7,9,0,none,none,1,-0.9914,0,158
2025-07-09,Club Sandwich,food_main,250,19,2,7,9,0,none,none,1,-0.9914,0,158
2025-07-09,Chicken Burger,food_main,280,15,2,7,9,0,none,none,1,-0.9914,0,158
2025-07-09,French Fries,food_snack,130,17,2,7,9,0,none,none,1,-0.9914,0,158
2025-07-09,Samosa,food_snack,40,25,2,7,9,0,none,none,1,-0.9914,0,158
2025-07-09,Chocolate Cake Slice,food_bakery,160,20,2,7,9,0,none,none,1,-0.9914,0,158
2025-07-09,Croissant,food_bakery,140,15,2,7,9,0,none,none,1,-0.9914,0,158
2025-07-10,Milk Tea (Dudh Chiya),beverage_hot,40,129,3,7,10,0,none,none,1,-0.9935,0,159
2025-07-10,Masala Chiya,beverage_hot,50,89,3,7,10,0,none,none,1,-0.9935,0,159
2025-07-10,Black Tea (Kalo Chiya),beverage_hot,30,36,3,7,10,0,none,none,1,-0.9935,0,159
2025-07-10,Americano,beverage_hot,150,45,3,7,10,0,none,none,1,-0.9935,0,159
2025-07-10,Cappuccino,beverage_hot,190,32,3,7,10,0,none,none,1,-0.9935,0,159
2025-07-10,Cafe Latte,beverage_hot,200,51,3,7,10,0,none,none,1,-0.9935,0,159
2025-07-10,Hot Chocolate,beverage_hot,180,23,3,7,10,0,none,none,1,-0.9935,0,159
2025-07-10,Cold Coffee,beverage_cold,220,49,3,7,10,0,none,none,1,-0.9935,0,159
2025-07-10,Iced Americano,beverage_cold,180,25,3,7,10,0,none,none,1,-0.9935,0,159
2025-07-10,Lassi,beverage_cold,120,38,3,7,10,0,none,none,1,-0.9935,0,159
2025-07-10,Fresh Lime Soda,beverage_cold,100,36,3,7,10,0,none,none,1,-0.9935,0,159
2025-07-10,Veg Momo,food_main,160,50,3,7,10,0,none,none,1,-0.9935,0,159
2025-07-10,Buff Momo,food_main,180,72,3,7,10,0,none,none,1,-0.9935,0,159
2025-07-10,Chicken Chowmein,food_main,190,43,3,7,10,0,none,none,1,-0.9935,0,159
2025-07-10,Veg Thukpa,food_main,170,24,3,7,10,0,none,none,1,-0.9935,0,159
2025-07-10,Club Sandwich,food_main,250,15,3,7,10,0,none,none,1,-0.9935,0,159
2025-07-10,Chicken Burger,food_main,280,20,3,7,10,0,none,none,1,-0.9935,0,159
2025-07-10,French Fries,food_snack,130,46,3,7,10,0,none,none,1,-0.9935,0,159
2025-07-10,Samosa,food_snack,40,44,3,7,10,0,none,none,1,-0.9935,0,159
2025-07-10,Chocolate Cake Slice,food_bakery,160,14,3,7,10,0,none,none,1,-0.9935,0,159
2025-07-10,Croissant,food_bakery,140,13,3,7,10,0,none,none,1,-0.9935,0,159
2025-07-11,Milk Tea (Dudh Chiya),beverage_hot,40,142,4,7,11,0,none,none,1,-0.9953,0,160
2025-07-11,Masala Chiya,beverage_hot,50,82,4,7,11,0,none,none,1,-0.9953,0,160
2025-07-11,Black Tea (Kalo Chiya),beverage_hot,30,39,4,7,11,0,none,none,1,-0.9953,0,160
2025-07-11,Americano,beverage_hot,150,40,4,7,11,0,none,none,1,-0.9953,0,160
2025-07-11,Cappuccino,beverage_hot,190,65,4,7,11,0,none,none,1,-0.9953,0,160
2025-07-11,Cafe Latte,beverage_hot,200,45,4,7,11,0,none,none,1,-0.9953,0,160
2025-07-11,Hot Chocolate,beverage_hot,180,26,4,7,11,0,none,none,1,-0.9953,0,160
2025-07-11,Cold Coffee,beverage_cold,220,64,4,7,11,0,none,none,1,-0.9953,0,160
2025-07-11,Iced Americano,beverage_cold,180,35,4,7,11,0,none,none,1,-0.9953,0,160
2025-07-11,Lassi,beverage_cold,120,33,4,7,11,0,none,none,1,-0.9953,0,160
2025-07-11,Fresh Lime Soda,beverage_cold,100,40,4,7,11,0,none,none,1,-0.9953,0,160
2025-07-11,Veg Momo,food_main,160,57,4,7,11,0,none,none,1,-0.9953,0,160
2025-07-11,Buff Momo,food_main,180,77,4,7,11,0,none,none,1,-0.9953,0,160
2025-07-11,Chicken Chowmein,food_main,190,47,4,7,11,0,none,none,1,-0.9953,0,160
2025-07-11,Veg Thukpa,food_main,170,22,4,7,11,0,none,none,1,-0.9953,0,160
2025-07-11,Club Sandwich,food_main,250,28,4,7,11,0,none,none,1,-0.9953,0,160
2025-07-11,Chicken Burger,food_main,280,16,4,7,11,0,none,none,1,-0.9953,0,160
2025-07-11,French Fries,food_snack,130,33,4,7,11,0,none,none,1,-0.9953,0,160
2025-07-11,Samosa,food_snack,40,36,4,7,11,0,none,none,1,-0.9953,0,160
2025-07-11,Chocolate Cake Slice,food_bakery,160,25,4,7,11,0,none,none,1,-0.9953,0,160
2025-07-11,Croissant,food_bakery,140,11,4,7,11,0,none,none,1,-0.9953,0,160
2025-07-12,Milk Tea (Dudh Chiya),beverage_hot,40,173,5,7,12,1,none,none,1,-0.9968,0,161
2025-07-12,Masala Chiya,beverage_hot,50,101,5,7,12,1,none,none,1,-0.9968,0,161
2025-07-12,Black Tea (Kalo Chiya),beverage_hot,30,52,5,7,12,1,none,none,1,-0.9968,0,161
2025-07-12,Americano,beverage_hot,150,45,5,7,12,1,none,none,1,-0.9968,0,161
2025-07-12,Cappuccino,beverage_hot,190,62,5,7,12,1,none,none,1,-0.9968,0,161
2025-07-12,Cafe Latte,beverage_hot,200,47,5,7,12,1,none,none,1,-0.9968,0,161
2025-07-12,Hot Chocolate,beverage_hot,180,39,5,7,12,1,none,none,1,-0.9968,0,161
2025-07-12,Cold Coffee,beverage_cold,220,56,5,7,12,1,none,none,1,-0.9968,0,161
2025-07-12,Iced Americano,beverage_cold,180,28,5,7,12,1,none,none,1,-0.9968,0,161
2025-07-12,Lassi,beverage_cold,120,43,5,7,12,1,none,none,1,-0.9968,0,161
2025-07-12,Fresh Lime Soda,beverage_cold,100,41,5,7,12,1,none,none,1,-0.9968,0,161
2025-07-12,Veg Momo,food_main,160,80,5,7,12,1,none,none,1,-0.9968,0,161
2025-07-12,Buff Momo,food_main,180,92,5,7,12,1,none,none,1,-0.9968,0,161
2025-07-12,Chicken Chowmein,food_main,190,74,5,7,12,1,none,none,1,-0.9968,0,161
2025-07-12,Veg Thukpa,food_main,170,28,5,7,12,1,none,none,1,-0.9968,0,161
2025-07-12,Club Sandwich,food_main,250,43,5,7,12,1,none,none,1,-0.9968,0,161
2025-07-12,Chicken Burger,food_main,280,30,5,7,12,1,none,none,1,-0.9968,0,161
2025-07-12,French Fries,food_snack,130,50,5,7,12,1,none,none,1,-0.9968,0,161
2025-07-12,Samosa,food_snack,40,47,5,7,12,1,none,none,1,-0.9968,0,161
2025-07-12,Chocolate Cake Slice,food_bakery,160,20,5,7,12,1,none,none,1,-0.9968,0,161
2025-07-12,Croissant,food_bakery,140,16,5,7,12,1,none,none,1,-0.9968,0,161
2025-07-13,Milk Tea (Dudh Chiya),beverage_hot,40,149,6,7,13,0,none,none,1,-0.9981,0,162
2025-07-13,Masala Chiya,beverage_hot,50,83,6,7,13,0,none,none,1,-0.9981,0,162
2025-07-13,Black Tea (Kalo Chiya),beverage_hot,30,42,6,7,13,0,none,none,1,-0.9981,0,162
2025-07-13,Americano,beverage_hot,150,49,6,7,13,0,none,none,1,-0.9981,0,162
2025-07-13,Cappuccino,beverage_hot,190,44,6,7,13,0,none,none,1,-0.9981,0,162
2025-07-13,Cafe Latte,beverage_hot,200,41,6,7,13,0,none,none,1,-0.9981,0,162
2025-07-13,Hot Chocolate,beverage_hot,180,23,6,7,13,0,none,none,1,-0.9981,0,162
2025-07-13,Cold Coffee,beverage_cold,220,36,6,7,13,0,none,none,1,-0.9981,0,162
2025-07-13,Iced Americano,beverage_cold,180,27,6,7,13,0,none,none,1,-0.9981,0,162
2025-07-13,Lassi,beverage_cold,120,33,6,7,13,0,none,none,1,-0.9981,0,162
2025-07-13,Fresh Lime Soda,beverage_cold,100,34,6,7,13,0,none,none,1,-0.9981,0,162
2025-07-13,Veg Momo,food_main,160,50,6,7,13,0,none,none,1,-0.9981,0,162
2025-07-13,Buff Momo,food_main,180,69,6,7,13,0,none,none,1,-0.9981,0,162
2025-07-13,Chicken Chowmein,food_main,190,38,6,7,13,0,none,none,1,-0.9981,0,162
2025-07-13,Veg Thukpa,food_main,170,21,6,7,13,0,none,none,1,-0.9981,0,162
2025-07-13,Club Sandwich,food_main,250,35,6,7,13,0,none,none,1,-0.9981,0,162
2025-07-13,Chicken Burger,food_main,280,23,6,7,13,0,none,none,1,-0.9981,0,162
2025-07-13,French Fries,food_snack,130,43,6,7,13,0,none,none,1,-0.9981,0,162
2025-07-13,Samosa,food_snack,40,31,6,7,13,0,none,none,1,-0.9981,0,162
2025-07-13,Chocolate Cake Slice,food_bakery,160,15,6,7,13,0,none,none,1,-0.9981,0,162
2025-07-13,Croissant,food_bakery,140,13,6,7,13,0,none,none,1,-0.9981,0,162
2025-07-14,Milk Tea (Dudh Chiya),beverage_hot,40,108,0,7,14,0,none,none,1,-0.999,0,163
2025-07-14,Masala Chiya,beverage_hot,50,68,0,7,14,0,none,none,1,-0.999,0,163
2025-07-14,Black Tea (Kalo Chiya),beverage_hot,30,37,0,7,14,0,none,none,1,-0.999,0,163
2025-07-14,Americano,beverage_hot,150,27,0,7,14,0,none,none,1,-0.999,0,163
2025-07-14,Cappuccino,beverage_hot,190,34,0,7,14,0,none,none,1,-0.999,0,163
2025-07-14,Cafe Latte,beverage_hot,200,42,0,7,14,0,none,none,1,-0.999,0,163
2025-07-14,Hot Chocolate,beverage_hot,180,17,0,7,14,0,none,none,1,-0.999,0,163
2025-07-14,Cold Coffee,beverage_cold,220,42,0,7,14,0,none,none,1,-0.999,0,163
2025-07-14,Iced Americano,beverage_cold,180,25,0,7,14,0,none,none,1,-0.999,0,163
2025-07-14,Lassi,beverage_cold,120,25,0,7,14,0,none,none,1,-0.999,0,163
2025-07-14,Fresh Lime Soda,beverage_cold,100,26,0,7,14,0,none,none,1,-0.999,0,163
2025-07-14,Veg Momo,food_main,160,49,0,7,14,0,none,none,1,-0.999,0,163
2025-07-14,Buff Momo,food_main,180,54,0,7,14,0,none,none,1,-0.999,0,163
2025-07-14,Chicken Chowmein,food_main,190,38,0,7,14,0,none,none,1,-0.999,0,163
2025-07-14,Veg Thukpa,food_main,170,23,0,7,14,0,none,none,1,-0.999,0,163
2025-07-14,Club Sandwich,food_main,250,16,0,7,14,0,none,none,1,-0.999,0,163
2025-07-14,Chicken Burger,food_main,280,21,0,7,14,0,none,none,1,-0.999,0,163
2025-07-14,French Fries,food_snack,130,27,0,7,14,0,none,none,1,-0.999,0,163
2025-07-14,Samosa,food_snack,40,15,0,7,14,0,none,none,1,-0.999,0,163
2025-07-14,Chocolate Cake Slice,food_bakery,160,14,0,7,14,0,none,none,1,-0.999,0,163
2025-07-14,Croissant,food_bakery,140,5,0,7,14,0,none,none,1,-0.999,0,163
2025-07-15,Milk Tea (Dudh Chiya),beverage_hot,40,94,1,7,15,0,none,none,1,-0.9996,0,164
2025-07-15,Masala Chiya,beverage_hot,50,74,1,7,15,0,none,none,1,-0.9996,0,164
2025-07-15,Black Tea (Kalo Chiya),beverage_hot,30,34,1,7,15,0,none,none,1,-0.9996,0,164
2025-07-15,Americano,beverage_hot,150,31,1,7,15,0,none,none,1,-0.9996,0,164
2025-07-15,Cappuccino,beverage_hot,190,34,1,7,15,0,none,none,1,-0.9996,0,164
2025-07-15,Cafe Latte,beverage_hot,200,36,1,7,15,0,none,none,1,-0.9996,0,164
2025-07-15,Hot Chocolate,beverage_hot,180,20,1,7,15,0,none,none,1,-0.9996,0,164
2025-07-15,Cold Coffee,beverage_cold,220,31,1,7,15,0,none,none,1,-0.9996,0,164
2025-07-15,Iced Americano,beverage_cold,180,28,1,7,15,0,none,none,1,-0.9996,0,164
2025-07-15,Lassi,beverage_cold,120,32,1,7,15,0,none,none,1,-0.9996,0,164
2025-07-15,Fresh Lime Soda,beverage_cold,100,28,1,7,15,0,none,none,1,-0.9996,0,164
2025-07-15,Veg Momo,food_main,160,47,1,7,15,0,none,none,1,-0.9996,0,164
2025-07-15,Buff Momo,food_main,180,39,1,7,15,0,none,none,1,-0.9996,0,164
2025-07-15,Chicken Chowmein,food_main,190,42,1,7,15,0,none,none,1,-0.9996,0,164
2025-07-15,Veg Thukpa,food_main,170,24,1,7,15,0,none,none,1,-0.9996,0,164
2025-07-15,Club Sandwich,food_main,250,19,1,7,15,0,none,none,1,-0.9996,0,164
2025-07-15,Chicken Burger,food_main,280,14,1,7,15,0,none,none,1,-0.9996,0,164
2025-07-15,French Fries,food_snack,130,25,1,7,15,0,none,none,1,-0.9996,0,164
2025-07-15,Samosa,food_snack,40,32,1,7,15,0,none,none,1,-0.9996,0,164
2025-07-15,Chocolate Cake Slice,food_bakery,160,16,1,7,15,0,none,none,1,-0.9996,0,164
2025-07-15,Croissant,food_bakery,140,8,1,7,15,0,none,none,1,-0.9996,0,164
2025-07-16,Milk Tea (Dudh Chiya),beverage_hot,40,133,2,7,16,0,none,none,1,-0.9999,0,165
2025-07-16,Masala Chiya,beverage_hot,50,90,2,7,16,0,none,none,1,-0.9999,0,165
2025-07-16,Black Tea (Kalo Chiya),beverage_hot,30,33,2,7,16,0,none,none,1,-0.9999,0,165
2025-07-16,Americano,beverage_hot,150,39,2,7,16,0,none,none,1,-0.9999,0,165
2025-07-16,Cappuccino,beverage_hot,190,39,2,7,16,0,none,none,1,-0.9999,0,165
2025-07-16,Cafe Latte,beverage_hot,200,37,2,7,16,0,none,none,1,-0.9999,0,165
2025-07-16,Hot Chocolate,beverage_hot,180,25,2,7,16,0,none,none,1,-0.9999,0,165
2025-07-16,Cold Coffee,beverage_cold,220,45,2,7,16,0,none,none,1,-0.9999,0,165
2025-07-16,Iced Americano,beverage_cold,180,21,2,7,16,0,none,none,1,-0.9999,0,165
2025-07-16,Lassi,beverage_cold,120,24,2,7,16,0,none,none,1,-0.9999,0,165
2025-07-16,Fresh Lime Soda,beverage_cold,100,41,2,7,16,0,none,none,1,-0.9999,0,165
2025-07-16,Veg Momo,food_main,160,47,2,7,16,0,none,none,1,-0.9999,0,165
2025-07-16,Buff Momo,food_main,180,56,2,7,16,0,none,none,1,-0.9999,0,165
2025-07-16,Chicken Chowmein,food_main,190,49,2,7,16,0,none,none,1,-0.9999,0,165
2025-07-16,Veg Thukpa,food_main,170,13,2,7,16,0,none,none,1,-0.9999,0,165
2025-07-16,Club Sandwich,food_main,250,22,2,7,16,0,none,none,1,-0.9999,0,165
2025-07-16,Chicken Burger,food_main,280,14,2,7,16,0,none,none,1,-0.9999,0,165
2025-07-16,French Fries,food_snack,130,37,2,7,16,0,none,none,1,-0.9999,0,165
2025-07-16,Samosa,food_snack,40,36,2,7,16,0,none,none,1,-0.9999,0,165
2025-07-16,Chocolate Cake Slice,food_bakery,160,20,2,7,16,0,none,none,1,-0.9999,0,165
2025-07-16,Croissant,food_bakery,140,13,2,7,16,0,none,none,1,-0.9999,0,165
2025-07-17,Milk Tea (Dudh Chiya),beverage_hot,40,147,3,7,17,0,none,none,1,-1.0,0,166
2025-07-17,Masala Chiya,beverage_hot,50,79,3,7,17,0,none,none,1,-1.0,0,166
2025-07-17,Black Tea (Kalo Chiya),beverage_hot,30,41,3,7,17,0,none,none,1,-1.0,0,166
2025-07-17,Americano,beverage_hot,150,33,3,7,17,0,none,none,1,-1.0,0,166
2025-07-17,Cappuccino,beverage_hot,190,48,3,7,17,0,none,none,1,-1.0,0,166
2025-07-17,Cafe Latte,beverage_hot,200,49,3,7,17,0,none,none,1,-1.0,0,166
2025-07-17,Hot Chocolate,beverage_hot,180,24,3,7,17,0,none,none,1,-1.0,0,166
2025-07-17,Cold Coffee,beverage_cold,220,37,3,7,17,0,none,none,1,-1.0,0,166
2025-07-17,Iced Americano,beverage_cold,180,25,3,7,17,0,none,none,1,-1.0,0,166
2025-07-17,Lassi,beverage_cold,120,32,3,7,17,0,none,none,1,-1.0,0,166
2025-07-17,Fresh Lime Soda,beverage_cold,100,43,3,7,17,0,none,none,1,-1.0,0,166
2025-07-17,Veg Momo,food_main,160,53,3,7,17,0,none,none,1,-1.0,0,166
2025-07-17,Buff Momo,food_main,180,64,3,7,17,0,none,none,1,-1.0,0,166
2025-07-17,Chicken Chowmein,food_main,190,39,3,7,17,0,none,none,1,-1.0,0,166
2025-07-17,Veg Thukpa,food_main,170,25,3,7,17,0,none,none,1,-1.0,0,166
2025-07-17,Club Sandwich,food_main,250,25,3,7,17,0,none,none,1,-1.0,0,166
2025-07-17,Chicken Burger,food_main,280,16,3,7,17,0,none,none,1,-1.0,0,166
2025-07-17,French Fries,food_snack,130,34,3,7,17,0,none,none,1,-1.0,0,166
2025-07-17,Samosa,food_snack,40,32,3,7,17,0,none,none,1,-1.0,0,166
2025-07-17,Chocolate Cake Slice,food_bakery,160,12,3,7,17,0,none,none,1,-1.0,0,166
2025-07-17,Croissant,food_bakery,140,14,3,7,17,0,none,none,1,-1.0,0,166
2025-07-18,Milk Tea (Dudh Chiya),beverage_hot,40,139,4,7,18,0,none,none,1,-0.9997,0,167
2025-07-18,Masala Chiya,beverage_hot,50,93,4,7,18,0,none,none,1,-0.9997,0,167
2025-07-18,Black Tea (Kalo Chiya),beverage_hot,30,39,4,7,18,0,none,none,1,-0.9997,0,167
2025-07-18,Americano,beverage_hot,150,35,4,7,18,0,none,none,1,-0.9997,0,167
2025-07-18,Cappuccino,beverage_hot,190,45,4,7,18,0,none,none,1,-0.9997,0,167
2025-07-18,Cafe Latte,beverage_hot,200,36,4,7,18,0,none,none,1,-0.9997,0,167
2025-07-18,Hot Chocolate,beverage_hot,180,25,4,7,18,0,none,none,1,-0.9997,0,167
2025-07-18,Cold Coffee,beverage_cold,220,44,4,7,18,0,none,none,1,-0.9997,0,167
2025-07-18,Iced Americano,beverage_cold,180,28,4,7,18,0,none,none,1,-0.9997,0,167
2025-07-18,Lassi,beverage_cold,120,38,4,7,18,0,none,none,1,-0.9997,0,167
2025-07-18,Fresh Lime Soda,beverage_cold,100,34,4,7,18,0,none,none,1,-0.9997,0,167
2025-07-18,Veg Momo,food_main,160,69,4,7,18,0,none,none,1,-0.9997,0,167
2025-07-18,Buff Momo,food_main,180,55,4,7,18,0,none,none,1,-0.9997,0,167
2025-07-18,Chicken Chowmein,food_main,190,42,4,7,18,0,none,none,1,-0.9997,0,167
2025-07-18,Veg Thukpa,food_main,170,32,4,7,18,0,none,none,1,-0.9997,0,167
2025-07-18,Club Sandwich,food_main,250,28,4,7,18,0,none,none,1,-0.9997,0,167
2025-07-18,Chicken Burger,food_main,280,24,4,7,18,0,none,none,1,-0.9997,0,167
2025-07-18,French Fries,food_snack,130,44,4,7,18,0,none,none,1,-0.9997,0,167
2025-07-18,Samosa,food_snack,40,29,4,7,18,0,none,none,1,-0.9997,0,167
2025-07-18,Chocolate Cake Slice,food_bakery,160,17,4,7,18,0,none,none,1,-0.9997,0,167
2025-07-18,Croissant,food_bakery,140,13,4,7,18,0,none,none,1,-0.9997,0,167
2025-07-19,Milk Tea (Dudh Chiya),beverage_hot,40,174,5,7,19,1,none,none,1,-0.9992,0,168
2025-07-19,Masala Chiya,beverage_hot,50,124,5,7,19,1,none,none,1,-0.9992,0,168
2025-07-19,Black Tea (Kalo Chiya),beverage_hot,30,47,5,7,19,1,none,none,1,-0.9992,0,168
2025-07-19,Americano,beverage_hot,150,52,5,7,19,1,none,none,1,-0.9992,0,168
2025-07-19,Cappuccino,beverage_hot,190,69,5,7,19,1,none,none,1,-0.9992,0,168
2025-07-19,Cafe Latte,beverage_hot,200,58,5,7,19,1,none,none,1,-0.9992,0,168
2025-07-19,Hot Chocolate,beverage_hot,180,27,5,7,19,1,none,none,1,-0.9992,0,168
2025-07-19,Cold Coffee,beverage_cold,220,62,5,7,19,1,none,none,1,-0.9992,0,168
2025-07-19,Iced Americano,beverage_cold,180,46,5,7,19,1,none,none,1,-0.9992,0,168
2025-07-19,Lassi,beverage_cold,120,40,5,7,19,1,none,none,1,-0.9992,0,168
2025-07-19,Fresh Lime Soda,beverage_cold,100,50,5,7,19,1,none,none,1,-0.9992,0,168
2025-07-19,Veg Momo,food_main,160,68,5,7,19,1,none,none,1,-0.9992,0,168
2025-07-19,Buff Momo,food_main,180,79,5,7,19,1,none,none,1,-0.9992,0,168
2025-07-19,Chicken Chowmein,food_main,190,59,5,7,19,1,none,none,1,-0.9992,0,168
2025-07-19,Veg Thukpa,food_main,170,32,5,7,19,1,none,none,1,-0.9992,0,168
2025-07-19,Club Sandwich,food_main,250,32,5,7,19,1,none,none,1,-0.9992,0,168
2025-07-19,Chicken Burger,food_main,280,30,5,7,19,1,none,none,1,-0.9992,0,168
2025-07-19,French Fries,food_snack,130,62,5,7,19,1,none,none,1,-0.9992,0,168
2025-07-19,Samosa,food_snack,40,37,5,7,19,1,none,none,1,-0.9992,0,168
2025-07-19,Chocolate Cake Slice,food_bakery,160,26,5,7,19,1,none,none,1,-0.9992,0,168
2025-07-19,Croissant,food_bakery,140,12,5,7,19,1,none,none,1,-0.9992,0,168
2025-07-20,Milk Tea (Dudh Chiya),beverage_hot,40,90,6,7,20,0,none,none,1,-0.9983,0,169
2025-07-20,Masala Chiya,beverage_hot,50,43,6,7,20,0,none,none,1,-0.9983,0,169
2025-07-20,Black Tea (Kalo Chiya),beverage_hot,30,34,6,7,20,0,none,none,1,-0.9983,0,169
2025-07-20,Americano,beverage_hot,150,30,6,7,20,0,none,none,1,-0.9983,0,169
2025-07-20,Cappuccino,beverage_hot,190,27,6,7,20,0,none,none,1,-0.9983,0,169
2025-07-20,Cafe Latte,beverage_hot,200,29,6,7,20,0,none,none,1,-0.9983,0,169
2025-07-20,Hot Chocolate,beverage_hot,180,19,6,7,20,0,none,none,1,-0.9983,0,169
2025-07-20,Cold Coffee,beverage_cold,220,31,6,7,20,0,none,none,1,-0.9983,0,169
2025-07-20,Iced Americano,beverage_cold,180,23,6,7,20,0,none,none,1,-0.9983,0,169
2025-07-20,Lassi,beverage_cold,120,13,6,7,20,0,none,none,1,-0.9983,0,169
2025-07-20,Fresh Lime Soda,beverage_cold,100,28,6,7,20,0,none,none,1,-0.9983,0,169
2025-07-20,Veg Momo,food_main,160,38,6,7,20,0,none,none,1,-0.9983,0,169
2025-07-20,Buff Momo,food_main,180,41,6,7,20,0,none,none,1,-0.9983,0,169
2025-07-20,Chicken Chowmein,food_main,190,27,6,7,20,0,none,none,1,-0.9983,0,169
2025-07-20,Veg Thukpa,food_main,170,20,6,7,20,0,none,none,1,-0.9983,0,169
2025-07-20,Club Sandwich,food_main,250,17,6,7,20,0,none,none,1,-0.9983,0,169
2025-07-20,Chicken Burger,food_main,280,8,6,7,20,0,none,none,1,-0.9983,0,169
2025-07-20,French Fries,food_snack,130,26,6,7,20,0,none,none,1,-0.9983,0,169
2025-07-20,Samosa,food_snack,40,20,6,7,20,0,none,none,1,-0.9983,0,169
2025-07-20,Chocolate Cake Slice,food_bakery,160,8,6,7,20,0,none,none,1,-0.9983,0,169
2025-07-20,Croissant,food_bakery,140,3,6,7,20,0,none,none,1,-0.9983,0,169
2025-07-21,Milk Tea (Dudh Chiya),beverage_hot,40,141,0,7,21,0,none,none,1,-0.9972,0,170
2025-07-21,Masala Chiya,beverage_hot,50,83,0,7,21,0,none,none,1,-0.9972,0,170
2025-07-21,Black Tea (Kalo Chiya),beverage_hot,30,34,0,7,21,0,none,none,1,-0.9972,0,170
2025-07-21,Americano,beverage_hot,150,32,0,7,21,0,none,none,1,-0.9972,0,170
2025-07-21,Cappuccino,beverage_hot,190,34,0,7,21,0,none,none,1,-0.9972,0,170
2025-07-21,Cafe Latte,beverage_hot,200,38,0,7,21,0,none,none,1,-0.9972,0,170
2025-07-21,Hot Chocolate,beverage_hot,180,31,0,7,21,0,none,none,1,-0.9972,0,170
2025-07-21,Cold Coffee,beverage_cold,220,47,0,7,21,0,none,none,1,-0.9972,0,170
2025-07-21,Iced Americano,beverage_cold,180,22,0,7,21,0,none,none,1,-0.9972,0,170
2025-07-21,Lassi,beverage_cold,120,27,0,7,21,0,none,none,1,-0.9972,0,170
2025-07-21,Fresh Lime Soda,beverage_cold,100,23,0,7,21,0,none,none,1,-0.9972,0,170
2025-07-21,Veg Momo,food_main,160,48,0,7,21,0,none,none,1,-0.9972,0,170
2025-07-21,Buff Momo,food_main,180,60,0,7,21,0,none,none,1,-0.9972,0,170
2025-07-21,Chicken Chowmein,food_main,190,39,0,7,21,0,none,none,1,-0.9972,0,170
2025-07-21,Veg Thukpa,food_main,170,22,0,7,21,0,none,none,1,-0.9972,0,170
2025-07-21,Club Sandwich,food_main,250,23,0,7,21,0,none,none,1,-0.9972,0,170
2025-07-21,Chicken Burger,food_main,280,22,0,7,21,0,none,none,1,-0.9972,0,170
2025-07-21,French Fries,food_snack,130,30,0,7,21,0,none,none,1,-0.9972,0,170
2025-07-21,Samosa,food_snack,40,25,0,7,21,0,none,none,1,-0.9972,0,170
2025-07-21,Chocolate Cake Slice,food_bakery,160,14,0,7,21,0,none,none,1,-0.9972,0,170
2025-07-21,Croissant,food_bakery,140,9,0,7,21,0,none,none,1,-0.9972,0,170
2025-07-22,Milk Tea (Dudh Chiya),beverage_hot,40,130,1,7,22,0,none,none,1,-0.9957,0,171
2025-07-22,Masala Chiya,beverage_hot,50,78,1,7,22,0,none,none,1,-0.9957,0,171
2025-07-22,Black Tea (Kalo Chiya),beverage_hot,30,41,1,7,22,0,none,none,1,-0.9957,1,171
2025-07-22,Americano,beverage_hot,150,37,1,7,22,0,none,none,1,-0.9957,0,171
2025-07-22,Cappuccino,beverage_hot,190,38,1,7,22,0,none,none,1,-0.9957,0,171
2025-07-22,Cafe Latte,beverage_hot,200,43,1,7,22,0,none,none,1,-0.9957,0,171
2025-07-22,Hot Chocolate,beverage_hot,180,19,1,7,22,0,none,none,1,-0.9957,0,171
2025-07-22,Cold Coffee,beverage_cold,220,26,1,7,22,0,none,none,1,-0.9957,0,171
2025-07-22,Iced Americano,beverage_cold,180,24,1,7,22,0,none,none,1,-0.9957,0,171
2025-07-22,Lassi,beverage_cold,120,45,1,7,22,0,none,none,1,-0.9957,1,171
2025-07-22,Fresh Lime Soda,beverage_cold,100,32,1,7,22,0,none,none,1,-0.9957,0,171
2025-07-22,Veg Momo,food_main,160,50,1,7,22,0,none,none,1,-0.9957,0,171
2025-07-22,Buff Momo,food_main,180,59,1,7,22,0,none,none,1,-0.9957,0,171
2025-07-22,Chicken Chowmein,food_main,190,28,1,7,22,0,none,none,1,-0.9957,0,171
2025-07-22,Veg Thukpa,food_main,170,19,1,7,22,0,none,none,1,-0.9957,0,171
2025-07-22,Club Sandwich,food_main,250,26,1,7,22,0,none,none,1,-0.9957,0,171
2025-07-22,Chicken Burger,food_main,280,18,1,7,22,0,none,none,1,-0.9957,0,171
2025-07-22,French Fries,food_snack,130,43,1,7,22,0,none,none,1,-0.9957,0,171
2025-07-22,Samosa,food_snack,40,29,1,7,22,0,none,none,1,-0.9957,0,171
2025-07-22,Chocolate Cake Slice,food_bakery,160,13,1,7,22,0,none,none,1,-0.9957,0,171
2025-07-22,Croissant,food_bakery,140,12,1,7,22,0,none,none,1,-0.9957,1,171
2025-07-23,Milk Tea (Dudh Chiya),beverage_hot,40,124,2,7,23,0,none,none,1,-0.994,0,172
2025-07-23,Masala Chiya,beverage_hot,50,86,2,7,23,0,none,none,1,-0.994,0,172
2025-07-23,Black Tea (Kalo Chiya),beverage_hot,30,41,2,7,23,0,none,none,1,-0.994,1,172
2025-07-23,Americano,beverage_hot,150,36,2,7,23,0,none,none,1,-0.994,0,172
2025-07-23,Cappuccino,beverage_hot,190,44,2,7,23,0,none,none,1,-0.994,0,172
2025-07-23,Cafe Latte,beverage_hot,200,43,2,7,23,0,none,none,1,-0.994,0,172
2025-07-23,Hot Chocolate,beverage_hot,180,31,2,7,23,0,none,none,1,-0.994,0,172
2025-07-23,Cold Coffee,beverage_cold,220,36,2,7,23,0,none,none,1,-0.994,0,172
2025-07-23,Iced Americano,beverage_cold,180,30,2,7,23,0,none,none,1,-0.994,0,172
2025-07-23,Lassi,beverage_cold,120,33,2,7,23,0,none,none,1,-0.994,1,172
2025-07-23,Fresh Lime Soda,beverage_cold,100,40,2,7,23,0,none,none,1,-0.994,0,172
2025-07-23,Veg Momo,food_main,160,63,2,7,23,0,none,none,1,-0.994,0,172
2025-07-23,Buff Momo,food_main,180,61,2,7,23,0,none,none,1,-0.994,0,172
2025-07-23,Chicken Chowmein,food_main,190,41,2,7,23,0,none,none,1,-0.994,0,172
2025-07-23,Veg Thukpa,food_main,170,20,2,7,23,0,none,none,1,-0.994,0,172
2025-07-23,Club Sandwich,food_main,250,25,2,7,23,0,none,none,1,-0.994,0,172
2025-07-23,Chicken Burger,food_main,280,18,2,7,23,0,none,none,1,-0.994,0,172
2025-07-23,French Fries,food_snack,130,38,2,7,23,0,none,none,1,-0.994,0,172
2025-07-23,Samosa,food_snack,40,32,2,7,23,0,none,none,1,-0.994,0,172
2025-07-23,Chocolate Cake Slice,food_bakery,160,27,2,7,23,0,none,none,1,-0.994,0,172
2025-07-23,Croissant,food_bakery,140,12,2,7,23,0,none,none,1,-0.994,1,172
2025-07-24,Milk Tea (Dudh Chiya),beverage_hot,40,130,3,7,24,0,none,none,1,-0.992,0,173
2025-07-24,Masala Chiya,beverage_hot,50,73,3,7,24,0,none,none,1,-0.992,0,173
2025-07-24,Black Tea (Kalo Chiya),beverage_hot,30,52,3,7,24,0,none,none,1,-0.992,1,173
2025-07-24,Americano,beverage_hot,150,43,3,7,24,0,none,none,1,-0.992,0,173
2025-07-24,Cappuccino,beverage_hot,190,54,3,7,24,0,none,none,1,-0.992,0,173
2025-07-24,Cafe Latte,beverage_hot,200,45,3,7,24,0,none,none,1,-0.992,0,173
2025-07-24,Hot Chocolate,beverage_hot,180,22,3,7,24,0,none,none,1,-0.992,0,173
2025-07-24,Cold Coffee,beverage_cold,220,43,3,7,24,0,none,none,1,-0.992,0,173
2025-07-24,Iced Americano,beverage_cold,180,35,3,7,24,0,none,none,1,-0.992,0,173
2025-07-24,Lassi,beverage_cold,120,28,3,7,24,0,none,none,1,-0.992,1,173
2025-07-24,Fresh Lime Soda,beverage_cold,100,34,3,7,24,0,none,none,1,-0.992,0,173
2025-07-24,Veg Momo,food_main,160,51,3,7,24,0,none,none,1,-0.992,0,173
2025-07-24,Buff Momo,food_main,180,62,3,7,24,0,none,none,1,-0.992,0,173
2025-07-24,Chicken Chowmein,food_main,190,36,3,7,24,0,none,none,1,-0.992,0,173
2025-07-24,Veg Thukpa,food_main,170,22,3,7,24,0,none,none,1,-0.992,0,173
2025-07-24,Club Sandwich,food_main,250,32,3,7,24,0,none,none,1,-0.992,0,173
2025-07-24,Chicken Burger,food_main,280,22,3,7,24,0,none,none,1,-0.992,0,173
2025-07-24,French Fries,food_snack,130,28,3,7,24,0,none,none,1,-0.992,0,173
2025-07-24,Samosa,food_snack,40,32,3,7,24,0,none,none,1,-0.992,0,173
2025-07-24,Chocolate Cake Slice,food_bakery,160,17,3,7,24,0,none,none,1,-0.992,0,173
2025-07-24,Croissant,food_bakery,140,19,3,7,24,0,none,none,1,-0.992,1,173
2025-07-25,Milk Tea (Dudh Chiya),beverage_hot,40,156,4,7,25,0,none,none,1,-0.9896,0,174
2025-07-25,Masala Chiya,beverage_hot,50,96,4,7,25,0,none,none,1,-0.9896,0,174
2025-07-25,Black Tea (Kalo Chiya),beverage_hot,30,59,4,7,25,0,none,none,1,-0.9896,1,174
2025-07-25,Americano,beverage_hot,150,44,4,7,25,0,none,none,1,-0.9896,0,174
2025-07-25,Cappuccino,beverage_hot,190,65,4,7,25,0,none,none,1,-0.9896,0,174
2025-07-25,Cafe Latte,beverage_hot,200,50,4,7,25,0,none,none,1,-0.9896,0,174
2025-07-25,Hot Chocolate,beverage_hot,180,24,4,7,25,0,none,none,1,-0.9896,0,174
2025-07-25,Cold Coffee,beverage_cold,220,58,4,7,25,0,none,none,1,-0.9896,0,174
2025-07-25,Iced Americano,beverage_cold,180,32,4,7,25,0,none,none,1,-0.9896,0,174
2025-07-25,Lassi,beverage_cold,120,51,4,7,25,0,none,none,1,-0.9896,1,174
2025-07-25,Fresh Lime Soda,beverage_cold,100,40,4,7,25,0,none,none,1,-0.9896,0,174
2025-07-25,Veg Momo,food_main,160,79,4,7,25,0,none,none,1,-0.9896,0,174
2025-07-25,Buff Momo,food_main,180,75,4,7,25,0,none,none,1,-0.9896,0,174
2025-07-25,Chicken Chowmein,food_main,190,52,4,7,25,0,none,none,1,-0.9896,0,174
2025-07-25,Veg Thukpa,food_main,170,24,4,7,25,0,none,none,1,-0.9896,0,174
2025-07-25,Club Sandwich,food_main,250,42,4,7,25,0,none,none,1,-0.9896,0,174
2025-07-25,Chicken Burger,food_main,280,19,4,7,25,0,none,none,1,-0.9896,0,174
2025-07-25,French Fries,food_snack,130,45,4,7,25,0,none,none,1,-0.9896,0,174
2025-07-25,Samosa,food_snack,40,32,4,7,25,0,none,none,1,-0.9896,0,174
2025-07-25,Chocolate Cake Slice,food_bakery,160,19,4,7,25,0,none,none,1,-0.9896,0,174
2025-07-25,Croissant,food_bakery,140,21,4,7,25,0,none,none,1,-0.9896,1,174
2025-07-26,Milk Tea (Dudh Chiya),beverage_hot,40,156,5,7,26,1,none,none,1,-0.987,0,175
2025-07-26,Masala Chiya,beverage_hot,50,76,5,7,26,1,none,none,1,-0.987,0,175
2025-07-26,Black Tea (Kalo Chiya),beverage_hot,30,73,5,7,26,1,none,none,1,-0.987,1,175
2025-07-26,Americano,beverage_hot,150,50,5,7,26,1,none,none,1,-0.987,0,175
2025-07-26,Cappuccino,beverage_hot,190,50,5,7,26,1,none,none,1,-0.987,0,175
2025-07-26,Cafe Latte,beverage_hot,200,50,5,7,26,1,none,none,1,-0.987,0,175
2025-07-26,Hot Chocolate,beverage_hot,180,17,5,7,26,1,none,none,1,-0.987,0,175
2025-07-26,Cold Coffee,beverage_cold,220,48,5,7,26,1,none,none,1,-0.987,0,175
2025-07-26,Iced Americano,beverage_cold,180,32,5,7,26,1,none,none,1,-0.987,0,175
2025-07-26,Lassi,beverage_cold,120,56,5,7,26,1,none,none,1,-0.987,1,175
2025-07-26,Fresh Lime Soda,beverage_cold,100,53,5,7,26,1,none,none,1,-0.987,0,175
2025-07-26,Veg Momo,food_main,160,66,5,7,26,1,none,none,1,-0.987,0,175
2025-07-26,Buff Momo,food_main,180,70,5,7,26,1,none,none,1,-0.987,0,175
2025-07-26,Chicken Chowmein,food_main,190,54,5,7,26,1,none,none,1,-0.987,0,175
2025-07-26,Veg Thukpa,food_main,170,22,5,7,26,1,none,none,1,-0.987,0,175
2025-07-26,Club Sandwich,food_main,250,26,5,7,26,1,none,none,1,-0.987,0,175
2025-07-26,Chicken Burger,food_main,280,16,5,7,26,1,none,none,1,-0.987,0,175
2025-07-26,French Fries,food_snack,130,40,5,7,26,1,none,none,1,-0.987,0,175
2025-07-26,Samosa,food_snack,40,43,5,7,26,1,none,none,1,-0.987,0,175
2025-07-26,Chocolate Cake Slice,food_bakery,160,20,5,7,26,1,none,none,1,-0.987,0,175
2025-07-26,Croissant,food_bakery,140,23,5,7,26,1,none,none,1,-0.987,1,175
2025-07-27,Milk Tea (Dudh Chiya),beverage_hot,40,109,6,7,27,0,none,none,1,-0.9841,0,176
2025-07-27,Masala Chiya,beverage_hot,50,78,6,7,27,0,none,none,1,-0.9841,0,176
2025-07-27,Black Tea (Kalo Chiya),beverage_hot,30,36,6,7,27,0,none,none,1,-0.9841,1,176
2025-07-27,Americano,beverage_hot,150,34,6,7,27,0,none,none,1,-0.9841,0,176
2025-07-27,Cappuccino,beverage_hot,190,40,6,7,27,0,none,none,1,-0.9841,0,176
2025-07-27,Cafe Latte,beverage_hot,200,36,6,7,27,0,none,none,1,-0.9841,0,176
2025-07-27,Hot Chocolate,beverage_hot,180,18,6,7,27,0,none,none,1,-0.9841,0,176
2025-07-27,Cold Coffee,beverage_cold,220,41,6,7,27,0,none,none,1,-0.9841,0,176
2025-07-27,Iced Americano,beverage_cold,180,17,6,7,27,0,none,none,1,-0.9841,0,176
2025-07-27,Lassi,beverage_cold,120,32,6,7,27,0,none,none,1,-0.9841,1,176
2025-07-27,Fresh Lime Soda,beverage_cold,100,25,6,7,27,0,none,none,1,-0.9841,0,176
2025-07-27,Veg Momo,food_main,160,60,6,7,27,0,none,none,1,-0.9841,0,176
2025-07-27,Buff Momo,food_main,180,56,6,7,27,0,none,none,1,-0.9841,0,176
2025-07-27,Chicken Chowmein,food_main,190,28,6,7,27,0,none,none,1,-0.9841,0,176
2025-07-27,Veg Thukpa,food_main,170,27,6,7,27,0,none,none,1,-0.9841,0,176
2025-07-27,Club Sandwich,food_main,250,18,6,7,27,0,none,none,1,-0.9841,0,176
2025-07-27,Chicken Burger,food_main,280,23,6,7,27,0,none,none,1,-0.9841,0,176
2025-07-27,French Fries,food_snack,130,35,6,7,27,0,none,none,1,-0.9841,0,176
2025-07-27,Samosa,food_snack,40,27,6,7,27,0,none,none,1,-0.9841,0,176
2025-07-27,Chocolate Cake Slice,food_bakery,160,18,6,7,27,0,none,none,1,-0.9841,0,176
2025-07-27,Croissant,food_bakery,140,17,6,7,27,0,none,none,1,-0.9841,1,176
2025-07-28,Milk Tea (Dudh Chiya),beverage_hot,40,110,0,7,28,0,none,none,1,-0.9809,0,177
2025-07-28,Masala Chiya,beverage_hot,50,57,0,7,28,0,none,none,1,-0.9809,0,177
2025-07-28,Black Tea (Kalo Chiya),beverage_hot,30,35,0,7,28,0,none,none,1,-0.9809,1,177
2025-07-28,Americano,beverage_hot,150,29,0,7,28,0,none,none,1,-0.9809,0,177
2025-07-28,Cappuccino,beverage_hot,190,37,0,7,28,0,none,none,1,-0.9809,0,177
2025-07-28,Cafe Latte,beverage_hot,200,37,0,7,28,0,none,none,1,-0.9809,0,177
2025-07-28,Hot Chocolate,beverage_hot,180,22,0,7,28,0,none,none,1,-0.9809,0,177
2025-07-28,Cold Coffee,beverage_cold,220,28,0,7,28,0,none,none,1,-0.9809,0,177
2025-07-28,Iced Americano,beverage_cold,180,11,0,7,28,0,none,none,1,-0.9809,0,177
2025-07-28,Lassi,beverage_cold,120,32,0,7,28,0,none,none,1,-0.9809,1,177
2025-07-28,Fresh Lime Soda,beverage_cold,100,24,0,7,28,0,none,none,1,-0.9809,0,177
2025-07-28,Veg Momo,food_main,160,39,0,7,28,0,none,none,1,-0.9809,0,177
2025-07-28,Buff Momo,food_main,180,61,0,7,28,0,none,none,1,-0.9809,0,177
2025-07-28,Chicken Chowmein,food_main,190,36,0,7,28,0,none,none,1,-0.9809,0,177
2025-07-28,Veg Thukpa,food_main,170,24,0,7,28,0,none,none,1,-0.9809,0,177
2025-07-28,Club Sandwich,food_main,250,21,0,7,28,0,none,none,1,-0.9809,0,177
2025-07-28,Chicken Burger,food_main,280,12,0,7,28,0,none,none,1,-0.9809,0,177
2025-07-28,French Fries,food_snack,130,24,0,7,28,0,none,none,1,-0.9809,0,177
2025-07-28,Samosa,food_snack,40,20,0,7,28,0,none,none,1,-0.9809,0,177
2025-07-28,Chocolate Cake Slice,food_bakery,160,15,0,7,28,0,none,none,1,-0.9809,0,177
2025-07-28,Croissant,food_bakery,140,9,0,7,28,0,none,none,1,-0.9809,1,177
2025-07-29,Milk Tea (Dudh Chiya),beverage_hot,40,136,1,7,29,0,none,none,1,-0.9774,0,178
2025-07-29,Masala Chiya,beverage_hot,50,73,1,7,29,0,none,none,1,-0.9774,0,178
2025-07-29,Black Tea (Kalo Chiya),beverage_hot,30,44,1,7,29,0,none,none,1,-0.9774,1,178
2025-07-29,Americano,beverage_hot,150,42,1,7,29,0,none,none,1,-0.9774,0,178
2025-07-29,Cappuccino,beverage_hot,190,57,1,7,29,0,none,none,1,-0.9774,0,178
2025-07-29,Cafe Latte,beverage_hot,200,46,1,7,29,0,none,none,1,-0.9774,0,178
2025-07-29,Hot Chocolate,beverage_hot,180,26,1,7,29,0,none,none,1,-0.9774,0,178
2025-07-29,Cold Coffee,beverage_cold,220,40,1,7,29,0,none,none,1,-0.9774,0,178
2025-07-29,Iced Americano,beverage_cold,180,34,1,7,29,0,none,none,1,-0.9774,0,178
2025-07-29,Lassi,beverage_cold,120,32,1,7,29,0,none,none,1,-0.9774,1,178
2025-07-29,Fresh Lime Soda,beverage_cold,100,33,1,7,29,0,none,none,1,-0.9774,0,178
2025-07-29,Veg Momo,food_main,160,50,1,7,29,0,none,none,1,-0.9774,0,178
2025-07-29,Buff Momo,food_main,180,52,1,7,29,0,none,none,1,-0.9774,0,178
2025-07-29,Chicken Chowmein,food_main,190,34,1,7,29,0,none,none,1,-0.9774,0,178
2025-07-29,Veg Thukpa,food_main,170,33,1,7,29,0,none,none,1,-0.9774,0,178
2025-07-29,Club Sandwich,food_main,250,23,1,7,29,0,none,none,1,-0.9774,0,178
2025-07-29,Chicken Burger,food_main,280,15,1,7,29,0,none,none,1,-0.9774,0,178
2025-07-29,French Fries,food_snack,130,45,1,7,29,0,none,none,1,-0.9774,0,178
2025-07-29,Samosa,food_snack,40,52,1,7,29,0,none,none,1,-0.9774,0,178
2025-07-29,Chocolate Cake Slice,food_bakery,160,14,1,7,29,0,none,none,1,-0.9774,0,178
2025-07-29,Croissant,food_bakery,140,14,1,7,29,0,none,none,1,-0.9774,1,178
2025-07-30,Milk Tea (Dudh Chiya),beverage_hot,40,114,2,7,30,0,none,none,1,-0.9736,0,179
2025-07-30,Masala Chiya,beverage_hot,50,61,2,7,30,0,none,none,1,-0.9736,0,179
2025-07-30,Black Tea (Kalo Chiya),beverage_hot,30,34,2,7,30,0,none,none,1,-0.9736,1,179
2025-07-30,Americano,beverage_hot,150,36,2,7,30,0,none,none,1,-0.9736,0,179
2025-07-30,Cappuccino,beverage_hot,190,38,2,7,30,0,none,none,1,-0.9736,0,179
2025-07-30,Cafe Latte,beverage_hot,200,29,2,7,30,0,none,none,1,-0.9736,0,179
2025-07-30,Hot Chocolate,beverage_hot,180,16,2,7,30,0,none,none,1,-0.9736,0,179
2025-07-30,Cold Coffee,beverage_cold,220,35,2,7,30,0,none,none,1,-0.9736,0,179
2025-07-30,Iced Americano,beverage_cold,180,23,2,7,30,0,none,none,1,-0.9736,0,179
2025-07-30,Lassi,beverage_cold,120,39,2,7,30,0,none,none,1,-0.9736,1,179
2025-07-30,Fresh Lime Soda,beverage_cold,100,21,2,7,30,0,none,none,1,-0.9736,0,179
2025-07-30,Veg Momo,food_main,160,44,2,7,30,0,none,none,1,-0.9736,0,179
2025-07-30,Buff Momo,food_main,180,54,2,7,30,0,none,none,1,-0.9736,0,179
2025-07-30,Chicken Chowmein,food_main,190,29,2,7,30,0,none,none,1,-0.9736,0,179
2025-07-30,Veg Thukpa,food_main,170,18,2,7,30,0,none,none,1,-0.9736,0,179
2025-07-30,Club Sandwich,food_main,250,19,2,7,30,0,none,none,1,-0.9736,0,179
2025-07-30,Chicken Burger,food_main,280,17,2,7,30,0,none,none,1,-0.9736,0,179
2025-07-30,French Fries,food_snack,130,39,2,7,30,0,none,none,1,-0.9736,0,179
2025-07-30,Samosa,food_snack,40,30,2,7,30,0,none,none,1,-0.9736,0,179
2025-07-30,Chocolate Cake Slice,food_bakery,160,14,2,7,30,0,none,none,1,-0.9736,0,179
2025-07-30,Croissant,food_bakery,140,8,2,7,30,0,none,none,1,-0.9736,1,179
2025-07-31,Milk Tea (Dudh Chiya),beverage_hot,40,106,3,7,31,0,none,none,1,-0.9696,0,180
2025-07-31,Masala Chiya,beverage_hot,50,94,3,7,31,0,none,none,1,-0.9696,0,180
2025-07-31,Black Tea (Kalo Chiya),beverage_hot,30,46,3,7,31,0,none,none,1,-0.9696,1,180
2025-07-31,Americano,beverage_hot,150,34,3,7,31,0,none,none,1,-0.9696,0,180
2025-07-31,Cappuccino,beverage_hot,190,51,3,7,31,0,none,none,1,-0.9696,0,180
2025-07-31,Cafe Latte,beverage_hot,200,42,3,7,31,0,none,none,1,-0.9696,0,180
2025-07-31,Hot Chocolate,beverage_hot,180,14,3,7,31,0,none,none,1,-0.9696,0,180
2025-07-31,Cold Coffee,beverage_cold,220,31,3,7,31,0,none,none,1,-0.9696,0,180
2025-07-31,Iced Americano,beverage_cold,180,30,3,7,31,0,none,none,1,-0.9696,0,180
2025-07-31,Lassi,beverage_cold,120,45,3,7,31,0,none,none,1,-0.9696,1,180
2025-07-31,Fresh Lime Soda,beverage_cold,100,31,3,7,31,0,none,none,1,-0.9696,0,180
2025-07-31,Veg Momo,food_main,160,56,3,7,31,0,none,none,1,-0.9696,0,180
2025-07-31,Buff Momo,food_main,180,52,3,7,31,0,none,none,1,-0.9696,0,180
2025-07-31,Chicken Chowmein,food_main,190,44,3,7,31,0,none,none,1,-0.9696,0,180
2025-07-31,Veg Thukpa,food_main,170,21,3,7,31,0,none,none,1,-0.9696,0,180
2025-07-31,Club Sandwich,food_main,250,18,3,7,31,0,none,none,1,-0.9696,0,180
2025-07-31,Chicken Burger,food_main,280,22,3,7,31,0,none,none,1,-0.9696,0,180
2025-07-31,French Fries,food_snack,130,25,3,7,31,0,none,none,1,-0.9696,0,180
2025-07-31,Samosa,food_snack,40,33,3,7,31,0,none,none,1,-0.9696,0,180
2025-07-31,Chocolate Cake Slice,food_bakery,160,11,3,7,31,0,none,none,1,-0.9696,0,180
2025-07-31,Croissant,food_bakery,140,20,3,7,31,0,none,none,1,-0.9696,1,180
2025-08-01,Milk Tea (Dudh Chiya),beverage_hot,40,127,4,8,1,0,none,none,1,-0.9652,0,181
2025-08-01,Masala Chiya,beverage_hot,50,104,4,8,1,0,none,none,1,-0.9652,0,181
2025-08-01,Black Tea (Kalo Chiya),beverage_hot,30,62,4,8,1,0,none,none,1,-0.9652,1,181
2025-08-01,Americano,beverage_hot,150,40,4,8,1,0,none,none,1,-0.9652,0,181
2025-08-01,Cappuccino,beverage_hot,190,57,4,8,1,0,none,none,1,-0.9652,0,181
2025-08-01,Cafe Latte,beverage_hot,200,49,4,8,1,0,none,none,1,-0.9652,0,181
2025-08-01,Hot Chocolate,beverage_hot,180,25,4,8,1,0,none,none,1,-0.9652,0,181
2025-08-01,Cold Coffee,beverage_cold,220,41,4,8,1,0,none,none,1,-0.9652,0,181
2025-08-01,Iced Americano,beverage_cold,180,28,4,8,1,0,none,none,1,-0.9652,0,181
2025-08-01,Lassi,beverage_cold,120,40,4,8,1,0,none,none,1,-0.9652,1,181
2025-08-01,Fresh Lime Soda,beverage_cold,100,33,4,8,1,0,none,none,1,-0.9652,0,181
2025-08-01,Veg Momo,food_main,160,63,4,8,1,0,none,none,1,-0.9652,0,181
2025-08-01,Buff Momo,food_main,180,52,4,8,1,0,none,none,1,-0.9652,0,181
2025-08-01,Chicken Chowmein,food_main,190,40,4,8,1,0,none,none,1,-0.9652,0,181
2025-08-01,Veg Thukpa,food_main,170,22,4,8,1,0,none,none,1,-0.9652,0,181
2025-08-01,Club Sandwich,food_main,250,26,4,8,1,0,none,none,1,-0.9652,0,181
2025-08-01,Chicken Burger,food_main,280,35,4,8,1,0,none,none,1,-0.9652,0,181
2025-08-01,French Fries,food_snack,130,41,4,8,1,0,none,none,1,-0.9652,0,181
2025-08-01,Samosa,food_snack,40,30,4,8,1,0,none,none,1,-0.9652,0,181
2025-08-01,Chocolate Cake Slice,food_bakery,160,16,4,8,1,0,none,none,1,-0.9652,0,181
2025-08-01,Croissant,food_bakery,140,19,4,8,1,0,none,none,1,-0.9652,1,181
2025-08-02,Milk Tea (Dudh Chiya),beverage_hot,40,179,5,8,2,1,none,none,1,-0.9606,0,182
2025-08-02,Masala Chiya,beverage_hot,50,90,5,8,2,1,none,none,1,-0.9606,0,182
2025-08-02,Black Tea (Kalo Chiya),beverage_hot,30,53,5,8,2,1,none,none,1,-0.9606,1,182
2025-08-02,Americano,beverage_hot,150,41,5,8,2,1,none,none,1,-0.9606,0,182
2025-08-02,Cappuccino,beverage_hot,190,55,5,8,2,1,none,none,1,-0.9606,0,182
2025-08-02,Cafe Latte,beverage_hot,200,48,5,8,2,1,none,none,1,-0.9606,0,182
2025-08-02,Hot Chocolate,beverage_hot,180,28,5,8,2,1,none,none,1,-0.9606,0,182
2025-08-02,Cold Coffee,beverage_cold,220,47,5,8,2,1,none,none,1,-0.9606,0,182
2025-08-02,Iced Americano,beverage_cold,180,32,5,8,2,1,none,none,1,-0.9606,0,182
2025-08-02,Lassi,beverage_cold,120,46,5,8,2,1,none,none,1,-0.9606,1,182
2025-08-02,Fresh Lime Soda,beverage_cold,100,47,5,8,2,1,none,none,1,-0.9606,0,182
2025-08-02,Veg Momo,food_main,160,76,5,8,2,1,none,none,1,-0.9606,0,182
2025-08-02,Buff Momo,food_main,180,76,5,8,2,1,none,none,1,-0.9606,0,182
2025-08-02,Chicken Chowmein,food_main,190,39,5,8,2,1,none,none,1,-0.9606,0,182
2025-08-02,Veg Thukpa,food_main,170,26,5,8,2,1,none,none,1,-0.9606,0,182
2025-08-02,Club Sandwich,food_main,250,27,5,8,2,1,none,none,1,-0.9606,0,182
2025-08-02,Chicken Burger,food_main,280,28,5,8,2,1,none,none,1,-0.9606,0,182
2025-08-02,French Fries,food_snack,130,51,5,8,2,1,none,none,1,-0.9606,0,182
2025-08-02,Samosa,food_snack,40,37,5,8,2,1,none,none,1,-0.9606,0,182
2025-08-02,Chocolate Cake Slice,food_bakery,160,22,5,8,2,1,none,none,1,-0.9606,0,182
2025-08-02,Croissant,food_bakery,140,19,5,8,2,1,none,none,1,-0.9606,1,182
2025-08-03,Milk Tea (Dudh Chiya),beverage_hot,40,137,6,8,3,0,none,none,1,-0.9557,0,183
2025-08-03,Masala Chiya,beverage_hot,50,87,6,8,3,0,none,none,1,-0.9557,0,183
2025-08-03,Black Tea (Kalo Chiya),beverage_hot,30,58,6,8,3,0,none,none,1,-0.9557,1,183
2025-08-03,Americano,beverage_hot,150,46,6,8,3,0,none,none,1,-0.9557,0,183
2025-08-03,Cappuccino,beverage_hot,190,42,6,8,3,0,none,none,1,-0.9557,0,183
2025-08-03,Cafe Latte,beverage_hot,200,43,6,8,3,0,none,none,1,-0.9557,0,183
2025-08-03,Hot Chocolate,beverage_hot,180,32,6,8,3,0,none,none,1,-0.9557,0,183
2025-08-03,Cold Coffee,beverage_cold,220,44,6,8,3,0,none,none,1,-0.9557,0,183
2025-08-03,Iced Americano,beverage_cold,180,31,6,8,3,0,none,none,1,-0.9557,0,183
2025-08-03,Lassi,beverage_cold,120,52,6,8,3,0,none,none,1,-0.9557,1,183
2025-08-03,Fresh Lime Soda,beverage_cold,100,39,6,8,3,0,none,none,1,-0.9557,0,183
2025-08-03,Veg Momo,food_main,160,43,6,8,3,0,none,none,1,-0.9557,0,183
2025-08-03,Buff Momo,food_main,180,55,6,8,3,0,none,none,1,-0.9557,0,183
2025-08-03,Chicken Chowmein,food_main,190,38,6,8,3,0,none,none,1,-0.9557,0,183
2025-08-03,Veg Thukpa,food_main,170,26,6,8,3,0,none,none,1,-0.9557,0,183
2025-08-03,Club Sandwich,food_main,250,22,6,8,3,0,none,none,1,-0.9557,0,183
2025-08-03,Chicken Burger,food_main,280,19,6,8,3,0,none,none,1,-0.9557,0,183
2025-08-03,French Fries,food_snack,130,48,6,8,3,0,none,none,1,-0.9557,0,183
2025-08-03,Samosa,food_snack,40,38,6,8,3,0,none,none,1,-0.9557,0,183
2025-08-03,Chocolate Cake Slice,food_bakery,160,21,6,8,3,0,none,none,1,-0.9557,0,183
2025-08-03,Croissant,food_bakery,140,17,6,8,3,0,none,none,1,-0.9557,1,183
2025-08-04,Milk Tea (Dudh Chiya),beverage_hot,40,110,0,8,4,0,none,none,1,-0.9505,0,184
2025-08-04,Masala Chiya,beverage_hot,50,93,0,8,4,0,none,none,1,-0.9505,0,184
2025-08-04,Black Tea (Kalo Chiya),beverage_hot,30,44,0,8,4,0,none,none,1,-0.9505,1,184
2025-08-04,Americano,beverage_hot,150,35,0,8,4,0,none,none,1,-0.9505,0,184
2025-08-04,Cappuccino,beverage_hot,190,40,0,8,4,0,none,none,1,-0.9505,0,184
2025-08-04,Cafe Latte,beverage_hot,200,40,0,8,4,0,none,none,1,-0.9505,0,184
2025-08-04,Hot Chocolate,beverage_hot,180,32,0,8,4,0,none,none,1,-0.9505,0,184
2025-08-04,Cold Coffee,beverage_cold,220,41,0,8,4,0,none,none,1,-0.9505,0,184
2025-08-04,Iced Americano,beverage_cold,180,28,0,8,4,0,none,none,1,-0.9505,0,184
2025-08-04,Lassi,beverage_cold,120,33,0,8,4,0,none,none,1,-0.9505,1,184
2025-08-04,Fresh Lime Soda,beverage_cold,100,36,0,8,4,0,none,none,1,-0.9505,0,184
2025-08-04,Veg Momo,food_main,160,54,0,8,4,0,none,none,1,-0.9505,0,184
2025-08-04,Buff Momo,food_main,180,75,0,8,4,0,none,none,1,-0.9505,0,184
2025-08-04,Chicken Chowmein,food_main,190,41,0,8,4,0,none,none,1,-0.9505,0,184
2025-08-04,Veg Thukpa,food_main,170,34,0,8,4,0,none,none,1,-0.9505,0,184
2025-08-04,Club Sandwich,food_main,250,27,0,8,4,0,none,none,1,-0.9505,0,184
2025-08-04,Chicken Burger,food_main,280,18,0,8,4,0,none,none,1,-0.9505,0,184
2025-08-04,French Fries,food_snack,130,35,0,8,4,0,none,none,1,-0.9505,0,184
2025-08-04,Samosa,food_snack,40,38,0,8,4,0,none,none,1,-0.9505,0,184
2025-08-04,Chocolate Cake Slice,food_bakery,160,17,0,8,4,0,none,none,1,-0.9505,0,184
2025-08-04,Croissant,food_bakery,140,17,0,8,4,0,none,none,1,-0.9505,1,184
2025-08-05,Milk Tea (Dudh Chiya),beverage_hot,40,123,1,8,5,0,none,none,1,-0.945,0,185
2025-08-05,Masala Chiya,beverage_hot,50,77,1,8,5,0,none,none,1,-0.945,0,185
2025-08-05,Black Tea (Kalo Chiya),beverage_hot,30,44,1,8,5,0,none,none,1,-0.945,1,185
2025-08-05,Americano,beverage_hot,150,43,1,8,5,0,none,none,1,-0.945,0,185
2025-08-05,Cappuccino,beverage_hot,190,41,1,8,5,0,none,none,1,-0.945,0,185
2025-08-05,Cafe Latte,beverage_hot,200,50,1,8,5,0,none,none,1,-0.945,0,185
2025-08-05,Hot Chocolate,beverage_hot,180,21,1,8,5,0,none,none,1,-0.945,0,185
2025-08-05,Cold Coffee,beverage_cold,220,31,1,8,5,0,none,none,1,-0.945,0,185
2025-08-05,Iced Americano,beverage_cold,180,24,1,8,5,0,none,none,1,-0.945,0,185
2025-08-05,Lassi,beverage_cold,120,27,1,8,5,0,none,none,1,-0.945,1,185
2025-08-05,Fresh Lime Soda,beverage_cold,100,32,1,8,5,0,none,none,1,-0.945,0,185
2025-08-05,Veg Momo,food_main,160,54,1,8,5,0,none,none,1,-0.945,0,185
2025-08-05,Buff Momo,food_main,180,51,1,8,5,0,none,none,1,-0.945,0,185
2025-08-05,Chicken Chowmein,food_main,190,48,1,8,5,0,none,none,1,-0.945,0,185
2025-08-05,Veg Thukpa,food_main,170,20,1,8,5,0,none,none,1,-0.945,0,185
2025-08-05,Club Sandwich,food_main,250,20,1,8,5,0,none,none,1,-0.945,0,185
2025-08-05,Chicken Burger,food_main,280,16,1,8,5,0,none,none,1,-0.945,0,185
2025-08-05,French Fries,food_snack,130,37,1,8,5,0,none,none,1,-0.945,0,185
2025-08-05,Samosa,food_snack,40,32,1,8,5,0,none,none,1,-0.945,0,185
2025-08-05,Chocolate Cake Slice,food_bakery,160,11,1,8,5,0,none,none,1,-0.945,0,185
2025-08-05,Croissant,food_bakery,140,7,1,8,5,0,none,none,1,-0.945,1,185
2025-08-06,Milk Tea (Dudh Chiya),beverage_hot,40,107,2,8,6,0,none,none,1,-0.9392,0,186
2025-08-06,Masala Chiya,beverage_hot,50,74,2,8,6,0,none,none,1,-0.9392,0,186
2025-08-06,Black Tea (Kalo Chiya),beverage_hot,30,43,2,8,6,0,none,none,1,-0.9392,1,186
2025-08-06,Americano,beverage_hot,150,31,2,8,6,0,none,none,1,-0.9392,0,186
2025-08-06,Cappuccino,beverage_hot,190,33,2,8,6,0,none,none,1,-0.9392,0,186
2025-08-06,Cafe Latte,beverage_hot,200,45,2,8,6,0,none,none,1,-0.9392,0,186
2025-08-06,Hot Chocolate,beverage_hot,180,25,2,8,6,0,none,none,1,-0.9392,0,186
2025-08-06,Cold Coffee,beverage_cold,220,37,2,8,6,0,none,none,1,-0.9392,0,186
2025-08-06,Iced Americano,beverage_cold,180,27,2,8,6,0,none,none,1,-0.9392,0,186
2025-08-06,Lassi,beverage_cold,120,42,2,8,6,0,none,none,1,-0.9392,1,186
2025-08-06,Fresh Lime Soda,beverage_cold,100,41,2,8,6,0,none,none,1,-0.9392,0,186
2025-08-06,Veg Momo,food_main,160,62,2,8,6,0,none,none,1,-0.9392,0,186
2025-08-06,Buff Momo,food_main,180,56,2,8,6,0,none,none,1,-0.9392,0,186
2025-08-06,Chicken Chowmein,food_main,190,44,2,8,6,0,none,none,1,-0.9392,0,186
2025-08-06,Veg Thukpa,food_main,170,34,2,8,6,0,none,none,1,-0.9392,0,186
2025-08-06,Club Sandwich,food_main,250,25,2,8,6,0,none,none,1,-0.9392,0,186
2025-08-06,Chicken Burger,food_main,280,29,2,8,6,0,none,none,1,-0.9392,0,186
2025-08-06,French Fries,food_snack,130,35,2,8,6,0,none,none,1,-0.9392,0,186
2025-08-06,Samosa,food_snack,40,26,2,8,6,0,none,none,1,-0.9392,0,186
2025-08-06,Chocolate Cake Slice,food_bakery,160,12,2,8,6,0,none,none,1,-0.9392,0,186
2025-08-06,Croissant,food_bakery,140,17,2,8,6,0,none,none,1,-0.9392,1,186
2025-08-07,Milk Tea (Dudh Chiya),beverage_hot,40,115,3,8,7,0,none,none,1,-0.9332,0,187
2025-08-07,Masala Chiya,beverage_hot,50,92,3,8,7,0,none,none,1,-0.9332,1,187
2025-08-07,Black Tea (Kalo Chiya),beverage_hot,30,33,3,8,7,0,none,none,1,-0.9332,1,187
2025-08-07,Americano,beverage_hot,150,23,3,8,7,0,none,none,1,-0.9332,0,187
2025-08-07,Cappuccino,beverage_hot,190,40,3,8,7,0,none,none,1,-0.9332,0,187
2025-08-07,Cafe Latte,beverage_hot,200,32,3,8,7,0,none,none,1,-0.9332,0,187
2025-08-07,Hot Chocolate,beverage_hot,180,26,3,8,7,0,none,none,1,-0.9332,0,187
2025-08-07,Cold Coffee,beverage_cold,220,33,3,8,7,0,none,none,1,-0.9332,0,187
2025-08-07,Iced Americano,beverage_cold,180,21,3,8,7,0,none,none,1,-0.9332,1,187
2025-08-07,Lassi,beverage_cold,120,33,3,8,7,0,none,none,1,-0.9332,1,187
2025-08-07,Fresh Lime Soda,beverage_cold,100,31,3,8,7,0,none,none,1,-0.9332,0,187
2025-08-07,Veg Momo,food_main,160,64,3,8,7,0,none,none,1,-0.9332,0,187
2025-08-07,Buff Momo,food_main,180,52,3,8,7,0,none,none,1,-0.9332,0,187
2025-08-07,Chicken Chowmein,food_main,190,38,3,8,7,0,none,none,1,-0.9332,1,187
2025-08-07,Veg Thukpa,food_main,170,17,3,8,7,0,none,none,1,-0.9332,0,187
2025-08-07,Club Sandwich,food_main,250,19,3,8,7,0,none,none,1,-0.9332,0,187
2025-08-07,Chicken Burger,food_main,280,15,3,8,7,0,none,none,1,-0.9332,0,187
2025-08-07,French Fries,food_snack,130,42,3,8,7,0,none,none,1,-0.9332,0,187
2025-08-07,Samosa,food_snack,40,45,3,8,7,0,none,none,1,-0.9332,1,187
2025-08-07,Chocolate Cake Slice,food_bakery,160,8,3,8,7,0,none,none,1,-0.9332,0,187
2025-08-07,Croissant,food_bakery,140,19,3,8,7,0,none,none,1,-0.9332,1,187
2025-08-08,Milk Tea (Dudh Chiya),beverage_hot,40,159,4,8,8,0,none,none,1,-0.9268,0,188
2025-08-08,Masala Chiya,beverage_hot,50,132,4,8,8,0,none,none,1,-0.9268,1,188
2025-08-08,Black Tea (Kalo Chiya),beverage_hot,30,53,4,8,8,0,none,none,1,-0.9268,1,188
2025-08-08,Americano,beverage_hot,150,45,4,8,8,0,none,none,1,-0.9268,0,188
2025-08-08,Cappuccino,beverage_hot,190,64,4,8,8,0,none,none,1,-0.9268,0,188
2025-08-08,Cafe Latte,beverage_hot,200,57,4,8,8,0,none,none,1,-0.9268,0,188
2025-08-08,Hot Chocolate,beverage_hot,180,33,4,8,8,0,none,none,1,-0.9268,0,188
2025-08-08,Cold Coffee,beverage_cold,220,33,4,8,8,0,none,none,1,-0.9268,0,188
2025-08-08,Iced Americano,beverage_cold,180,41,4,8,8,0,none,none,1,-0.9268,1,188
2025-08-08,Lassi,beverage_cold,120,43,4,8,8,0,none,none,1,-0.9268,1,188
2025-08-08,Fresh Lime Soda,beverage_cold,100,40,4,8,8,0,none,none,1,-0.9268,0,188
2025-08-08,Veg Momo,food_main,160,68,4,8,8,0,none,none,1,-0.9268,0,188
2025-08-08,Buff Momo,food_main,180,83,4,8,8,0,none,none,1,-0.9268,0,188
2025-08-08,Chicken Chowmein,food_main,190,59,4,8,8,0,none,none,1,-0.9268,1,188
2025-08-08,Veg Thukpa,food_main,170,36,4,8,8,0,none,none,1,-0.9268,0,188
2025-08-08,Club Sandwich,food_main,250,19,4,8,8,0,none,none,1,-0.9268,0,188
2025-08-08,Chicken Burger,food_main,280,20,4,8,8,0,none,none,1,-0.9268,0,188
2025-08-08,French Fries,food_snack,130,46,4,8,8,0,none,none,1,-0.9268,0,188
2025-08-08,Samosa,food_snack,40,61,4,8,8,0,none,none,1,-0.9268,1,188
2025-08-08,Chocolate Cake Slice,food_bakery,160,18,4,8,8,0,none,none,1,-0.9268,0,188
2025-08-08,Croissant,food_bakery,140,18,4,8,8,0,none,none,1,-0.9268,1,188
2025-08-09,Milk Tea (Dudh Chiya),beverage_hot,40,205,5,8,9,1,Janai Purnima,holiday,1,-0.9202,0,189
2025-08-09,Masala Chiya,beverage_hot,50,163,5,8,9,1,Janai Purnima,holiday,1,-0.9202,1,189
2025-08-09,Black Tea (Kalo Chiya),beverage_hot,30,77,5,8,9,1,Janai Purnima,holiday,1,-0.9202,1,189
2025-08-09,Americano,beverage_hot,150,64,5,8,9,1,Janai Purnima,holiday,1,-0.9202,0,189
2025-08-09,Cappuccino,beverage_hot,190,68,5,8,9,1,Janai Purnima,holiday,1,-0.9202,0,189
2025-08-09,Cafe Latte,beverage_hot,200,59,5,8,9,1,Janai Purnima,holiday,1,-0.9202,0,189
2025-08-09,Hot Chocolate,beverage_hot,180,44,5,8,9,1,Janai Purnima,holiday,1,-0.9202,0,189
2025-08-09,Cold Coffee,beverage_cold,220,60,5,8,9,1,Janai Purnima,holiday,1,-0.9202,0,189
2025-08-09,Iced Americano,beverage_cold,180,54,5,8,9,1,Janai Purnima,holiday,1,-0.9202,1,189
2025-08-09,Lassi,beverage_cold,120,58,5,8,9,1,Janai Purnima,holiday,1,-0.9202,1,189
2025-08-09,Fresh Lime Soda,beverage_cold,100,72,5,8,9,1,Janai Purnima,holiday,1,-0.9202,0,189
2025-08-09,Veg Momo,food_main,160,97,5,8,9,1,Janai Purnima,holiday,1,-0.9202,0,189
2025-08-09,Buff Momo,food_main,180,120,5,8,9,1,Janai Purnima,holiday,1,-0.9202,0,189
2025-08-09,Chicken Chowmein,food_main,190,79,5,8,9,1,Janai Purnima,holiday,1,-0.9202,1,189
2025-08-09,Veg Thukpa,food_main,170,31,5,8,9,1,Janai Purnima,holiday,1,-0.9202,0,189
2025-08-09,Club Sandwich,food_main,250,43,5,8,9,1,Janai Purnima,holiday,1,-0.9202,0,189
2025-08-09,Chicken Burger,food_main,280,40,5,8,9,1,Janai Purnima,holiday,1,-0.9202,0,189
2025-08-09,French Fries,food_snack,130,62,5,8,9,1,Janai Purnima,holiday,1,-0.9202,0,189
2025-08-09,Samosa,food_snack,40,72,5,8,9,1,Janai Purnima,holiday,1,-0.9202,1,189
2025-08-09,Chocolate Cake Slice,food_bakery,160,28,5,8,9,1,Janai Purnima,holiday,1,-0.9202,0,189
2025-08-09,Croissant,food_bakery,140,26,5,8,9,1,Janai Purnima,holiday,1,-0.9202,1,189
2025-08-10,Milk Tea (Dudh Chiya),beverage_hot,40,111,6,8,10,0,none,none,1,-0.9134,0,190
2025-08-10,Masala Chiya,beverage_hot,50,68,6,8,10,0,none,none,1,-0.9134,1,190
2025-08-10,Black Tea (Kalo Chiya),beverage_hot,30,48,6,8,10,0,none,none,1,-0.9134,1,190
2025-08-10,Americano,beverage_hot,150,31,6,8,10,0,none,none,1,-0.9134,0,190
2025-08-10,Cappuccino,beverage_hot,190,43,6,8,10,0,none,none,1,-0.9134,0,190
2025-08-10,Cafe Latte,beverage_hot,200,35,6,8,10,0,none,none,1,-0.9134,0,190
2025-08-10,Hot Chocolate,beverage_hot,180,19,6,8,10,0,none,none,1,-0.9134,0,190
2025-08-10,Cold Coffee,beverage_cold,220,29,6,8,10,0,none,none,1,-0.9134,0,190
2025-08-10,Iced Americano,beverage_cold,180,31,6,8,10,0,none,none,1,-0.9134,1,190
2025-08-10,Lassi,beverage_cold,120,32,6,8,10,0,none,none,1,-0.9134,1,190
2025-08-10,Fresh Lime Soda,beverage_cold,100,20,6,8,10,0,none,none,1,-0.9134,0,190
2025-08-10,Veg Momo,food_main,160,52,6,8,10,0,none,none,1,-0.9134,0,190
2025-08-10,Buff Momo,food_main,180,59,6,8,10,0,none,none,1,-0.9134,0,190
2025-08-10,Chicken Chowmein,food_main,190,50,6,8,10,0,none,none,1,-0.9134,1,190
2025-08-10,Veg Thukpa,food_main,170,20,6,8,10,0,none,none,1,-0.9134,0,190
2025-08-10,Club Sandwich,food_main,250,14,6,8,10,0,none,none,1,-0.9134,0,190
2025-08-10,Chicken Burger,food_main,280,18,6,8,10,0,none,none,1,-0.9134,0,190
2025-08-10,French Fries,food_snack,130,27,6,8,10,0,none,none,1,-0.9134,0,190
2025-08-10,Samosa,food_snack,40,38,6,8,10,0,none,none,1,-0.9134,1,190
2025-08-10,Chocolate Cake Slice,food_bakery,160,19,6,8,10,0,none,none,1,-0.9134,0,190
2025-08-10,Croissant,food_bakery,140,9,6,8,10,0,none,none,1,-0.9134,1,190
2025-08-11,Milk Tea (Dudh Chiya),beverage_hot,40,106,0,8,11,0,none,none,1,-0.9062,0,191
2025-08-11,Masala Chiya,beverage_hot,50,97,0,8,11,0,none,none,1,-0.9062,1,191
2025-08-11,Black Tea (Kalo Chiya),beverage_hot,30,33,0,8,11,0,none,none,1,-0.9062,0,191
2025-08-11,Americano,beverage_hot,150,35,0,8,11,0,none,none,1,-0.9062,0,191
2025-08-11,Cappuccino,beverage_hot,190,49,0,8,11,0,none,none,1,-0.9062,0,191
2025-08-11,Cafe Latte,beverage_hot,200,38,0,8,11,0,none,none,1,-0.9062,0,191
2025-08-11,Hot Chocolate,beverage_hot,180,32,0,8,11,0,none,none,1,-0.9062,0,191
2025-08-11,Cold Coffee,beverage_cold,220,36,0,8,11,0,none,none,1,-0.9062,0,191
2025-08-11,Iced Americano,beverage_cold,180,35,0,8,11,0,none,none,1,-0.9062,1,191
2025-08-11,Lassi,beverage_cold,120,31,0,8,11,0,none,none,1,-0.9062,0,191
2025-08-11,Fresh Lime Soda,beverage_cold,100,33,0,8,11,0,none,none,1,-0.9062,0,191
2025-08-11,Veg Momo,food_main,160,51,0,8,11,0,none,none,1,-0.9062,0,191
2025-08-11,Buff Momo,food_main,180,57,0,8,11,0,none,none,1,-0.9062,0,191
2025-08-11,Chicken Chowmein,food_main,190,48,0,8,11,0,none,none,1,-0.9062,1,191
2025-08-11,Veg Thukpa,food_main,170,15,0,8,11,0,none,none,1,-0.9062,0,191
2025-08-11,Club Sandwich,food_main,250,25,0,8,11,0,none,none,1,-0.9062,0,191
2025-08-11,Chicken Burger,food_main,280,21,0,8,11,0,none,none,1,-0.9062,0,191
2025-08-11,French Fries,food_snack,130,34,0,8,11,0,none,none,1,-0.9062,0,191
2025-08-11,Samosa,food_snack,40,29,0,8,11,0,none,none,1,-0.9062,1,191
2025-08-11,Chocolate Cake Slice,food_bakery,160,18,0,8,11,0,none,none,1,-0.9062,0,191
2025-08-11,Croissant,food_bakery,140,13,0,8,11,0,none,none,1,-0.9062,0,191
2025-08-12,Milk Tea (Dudh Chiya),beverage_hot,40,138,1,8,12,0,none,none,1,-0.8988,0,192
2025-08-12,Masala Chiya,beverage_hot,50,108,1,8,12,0,none,none,1,-0.8988,1,192
2025-08-12,Black Tea (Kalo Chiya),beverage_hot,30,45,1,8,12,0,none,none,1,-0.8988,0,192
2025-08-12,Americano,beverage_hot,150,36,1,8,12,0,none,none,1,-0.8988,0,192
2025-08-12,Cappuccino,beverage_hot,190,56,1,8,12,0,none,none,1,-0.8988,0,192
2025-08-12,Cafe Latte,beverage_hot,200,42,1,8,12,0,none,none,1,-0.8988,0,192
2025-08-12,Hot Chocolate,beverage_hot,180,24,1,8,12,0,none,none,1,-0.8988,0,192
2025-08-12,Cold Coffee,beverage_cold,220,48,1,8,12,0,none,none,1,-0.8988,0,192
2025-08-12,Iced Americano,beverage_cold,180,38,1,8,12,0,none,none,1,-0.8988,1,192
2025-08-12,Lassi,beverage_cold,120,27,1,8,12,0,none,none,1,-0.8988,0,192
2025-08-12,Fresh Lime Soda,beverage_cold,100,27,1,8,12,0,none,none,1,-0.8988,0,192
2025-08-12,Veg Momo,food_main,160,62,1,8,12,0,none,none,1,-0.8988,0,192
2025-08-12,Buff Momo,food_main,180,63,1,8,12,0,none,none,1,-0.8988,0,192
2025-08-12,Chicken Chowmein,food_main,190,55,1,8,12,0,none,none,1,-0.8988,1,192
2025-08-12,Veg Thukpa,food_main,170,26,1,8,12,0,none,none,1,-0.8988,0,192
2025-08-12,Club Sandwich,food_main,250,27,1,8,12,0,none,none,1,-0.8988,0,192
2025-08-12,Chicken Burger,food_main,280,26,1,8,12,0,none,none,1,-0.8988,0,192
2025-08-12,French Fries,food_snack,130,40,1,8,12,0,none,none,1,-0.8988,0,192
2025-08-12,Samosa,food_snack,40,31,1,8,12,0,none,none,1,-0.8988,1,192
2025-08-12,Chocolate Cake Slice,food_bakery,160,16,1,8,12,0,none,none,1,-0.8988,0,192
2025-08-12,Croissant,food_bakery,140,9,1,8,12,0,none,none,1,-0.8988,0,192
2025-08-13,Milk Tea (Dudh Chiya),beverage_hot,40,115,2,8,13,0,none,none,1,-0.8912,0,193
2025-08-13,Masala Chiya,beverage_hot,50,73,2,8,13,0,none,none,1,-0.8912,1,193
2025-08-13,Black Tea (Kalo Chiya),beverage_hot,30,22,2,8,13,0,none,none,1,-0.8912,0,193
2025-08-13,Americano,beverage_hot,150,24,2,8,13,0,none,none,1,-0.8912,0,193
2025-08-13,Cappuccino,beverage_hot,190,51,2,8,13,0,none,none,1,-0.8912,0,193
2025-08-13,Cafe Latte,beverage_hot,200,43,2,8,13,0,none,none,1,-0.8912,0,193
2025-08-13,Hot Chocolate,beverage_hot,180,14,2,8,13,0,none,none,1,-0.8912,0,193
2025-08-13,Cold Coffee,beverage_cold,220,41,2,8,13,0,none,none,1,-0.8912,0,193
2025-08-13,Iced Americano,beverage_cold,180,36,2,8,13,0,none,none,1,-0.8912,1,193
2025-08-13,Lassi,beverage_cold,120,38,2,8,13,0,none,none,1,-0.8912,0,193
2025-08-13,Fresh Lime Soda,beverage_cold,100,37,2,8,13,0,none,none,1,-0.8912,0,193
2025-08-13,Veg Momo,food_main,160,56,2,8,13,0,none,none,1,-0.8912,0,193
2025-08-13,Buff Momo,food_main,180,56,2,8,13,0,none,none,1,-0.8912,0,193
2025-08-13,Chicken Chowmein,food_main,190,35,2,8,13,0,none,none,1,-0.8912,1,193
2025-08-13,Veg Thukpa,food_main,170,20,2,8,13,0,none,none,1,-0.8912,0,193
2025-08-13,Club Sandwich,food_main,250,20,2,8,13,0,none,none,1,-0.8912,0,193
2025-08-13,Chicken Burger,food_main,280,15,2,8,13,0,none,none,1,-0.8912,0,193
2025-08-13,French Fries,food_snack,130,17,2,8,13,0,none,none,1,-0.8912,0,193
2025-08-13,Samosa,food_snack,40,30,2,8,13,0,none,none,1,-0.8912,1,193
2025-08-13,Chocolate Cake Slice,food_bakery,160,13,2,8,13,0,none,none,1,-0.8912,0,193
2025-08-13,Croissant,food_bakery,140,11,2,8,13,0,none,none,1,-0.8912,0,193
2025-08-14,Milk Tea (Dudh Chiya),beverage_hot,40,143,3,8,14,0,none,none,1,-0.8832,0,194
2025-08-14,Masala Chiya,beverage_hot,50,114,3,8,14,0,none,none,1,-0.8832,1,194
2025-08-14,Black Tea (Kalo Chiya),beverage_hot,30,40,3,8,14,0,none,none,1,-0.8832,0,194
2025-08-14,Americano,beverage_hot,150,42,3,8,14,0,none,none,1,-0.8832,0,194
2025-08-14,Cappuccino,beverage_hot,190,51,3,8,14,0,none,none,1,-0.8832,0,194
2025-08-14,Cafe Latte,beverage_hot,200,49,3,8,14,0,none,none,1,-0.8832,0,194
2025-08-14,Hot Chocolate,beverage_hot,180,30,3,8,14,0,none,none,1,-0.8832,0,194
2025-08-14,Cold Coffee,beverage_cold,220,52,3,8,14,0,none,none,1,-0.8832,0,194
2025-08-14,Iced Americano,beverage_cold,180,37,3,8,14,0,none,none,1,-0.8832,1,194
2025-08-14,Lassi,beverage_cold,120,31,3,8,14,0,none,none,1,-0.8832,0,194
2025-08-14,Fresh Lime Soda,beverage_cold,100,44,3,8,14,0,none,none,1,-0.8832,0,194
2025-08-14,Veg Momo,food_main,160,64,3,8,14,0,none,none,1,-0.8832,0,194
2025-08-14,Buff Momo,food_main,180,68,3,8,14,0,none,none,1,-0.8832,0,194
2025-08-14,Chicken Chowmein,food_main,190,57,3,8,14,0,none,none,1,-0.8832,1,194
2025-08-14,Veg Thukpa,food_main,170,19,3,8,14,0,none,none,1,-0.8832,0,194
2025-08-14,Club Sandwich,food_main,250,30,3,8,14,0,none,none,1,-0.8832,0,194
2025-08-14,Chicken Burger,food_main,280,28,3,8,14,0,none,none,1,-0.8832,0,194
2025-08-14,French Fries,food_snack,130,39,3,8,14,0,none,none,1,-0.8832,0,194
2025-08-14,Samosa,food_snack,40,47,3,8,14,0,none,none,1,-0.8832,1,194
2025-08-14,Chocolate Cake Slice,food_bakery,160,20,3,8,14,0,none,none,1,-0.8832,0,194
2025-08-14,Croissant,food_bakery,140,12,3,8,14,0,none,none,1,-0.8832,0,194
2025-08-15,Milk Tea (Dudh Chiya),beverage_hot,40,164,4,8,15,0,none,none,1,-0.875,0,195
2025-08-15,Masala Chiya,beverage_hot,50,144,4,8,15,0,none,none,1,-0.875,1,195
2025-08-15,Black Tea (Kalo Chiya),beverage_hot,30,47,4,8,15,0,none,none,1,-0.875,0,195
2025-08-15,Americano,beverage_hot,150,43,4,8,15,0,none,none,1,-0.875,0,195
2025-08-15,Cappuccino,beverage_hot,190,62,4,8,15,0,none,none,1,-0.875,0,195
2025-08-15,Cafe Latte,beverage_hot,200,57,4,8,15,0,none,none,1,-0.875,0,195
2025-08-15,Hot Chocolate,beverage_hot,180,29,4,8,15,0,none,none,1,-0.875,0,195
2025-08-15,Cold Coffee,beverage_cold,220,65,4,8,15,0,none,none,1,-0.875,0,195
2025-08-15,Iced Americano,beverage_cold,180,56,4,8,15,0,none,none,1,-0.875,1,195
2025-08-15,Lassi,beverage_cold,120,38,4,8,15,0,none,none,1,-0.875,0,195
2025-08-15,Fresh Lime Soda,beverage_cold,100,41,4,8,15,0,none,none,1,-0.875,0,195
2025-08-15,Veg Momo,food_main,160,65,4,8,15,0,none,none,1,-0.875,0,195
2025-08-15,Buff Momo,food_main,180,84,4,8,15,0,none,none,1,-0.875,0,195
2025-08-15,Chicken Chowmein,food_main,190,78,4,8,15,0,none,none,1,-0.875,1,195
2025-08-15,Veg Thukpa,food_main,170,32,4,8,15,0,none,none,1,-0.875,0,195
2025-08-15,Club Sandwich,food_main,250,32,4,8,15,0,none,none,1,-0.875,0,195
2025-08-15,Chicken Burger,food_main,280,21,4,8,15,0,none,none,1,-0.875,0,195
2025-08-15,French Fries,food_snack,130,47,4,8,15,0,none,none,1,-0.875,0,195
2025-08-15,Samosa,food_snack,40,42,4,8,15,0,none,none,1,-0.875,1,195
2025-08-15,Chocolate Cake Slice,food_bakery,160,22,4,8,15,0,none,none,1,-0.875,0,195
2025-08-15,Croissant,food_bakery,140,8,4,8,15,0,none,none,1,-0.875,0,195
2025-08-16,Milk Tea (Dudh Chiya),beverage_hot,40,180,5,8,16,1,none,none,1,-0.8666,0,196
2025-08-16,Masala Chiya,beverage_hot,50,110,5,8,16,1,none,none,1,-0.8666,0,196
2025-08-16,Black Tea (Kalo Chiya),beverage_hot,30,62,5,8,16,1,none,none,1,-0.8666,0,196
2025-08-16,Americano,beverage_hot,150,67,5,8,16,1,none,none,1,-0.8666,0,196
2025-08-16,Cappuccino,beverage_hot,190,66,5,8,16,1,none,none,1,-0.8666,0,196
2025-08-16,Cafe Latte,beverage_hot,200,71,5,8,16,1,none,none,1,-0.8666,0,196
2025-08-16,Hot Chocolate,beverage_hot,180,36,5,8,16,1,none,none,1,-0.8666,0,196
2025-08-16,Cold Coffee,beverage_cold,220,52,5,8,16,1,none,none,1,-0.8666,0,196
2025-08-16,Iced Americano,beverage_cold,180,36,5,8,16,1,none,none,1,-0.8666,0,196
2025-08-16,Lassi,beverage_cold,120,44,5,8,16,1,none,none,1,-0.8666,0,196
2025-08-16,Fresh Lime Soda,beverage_cold,100,61,5,8,16,1,none,none,1,-0.8666,0,196
2025-08-16,Veg Momo,food_main,160,63,5,8,16,1,none,none,1,-0.8666,0,196
2025-08-16,Buff Momo,food_main,180,77,5,8,16,1,none,none,1,-0.8666,0,196
2025-08-16,Chicken Chowmein,food_main,190,62,5,8,16,1,none,none,1,-0.8666,0,196
2025-08-16,Veg Thukpa,food_main,170,40,5,8,16,1,none,none,1,-0.8666,0,196
2025-08-16,Club Sandwich,food_main,250,44,5,8,16,1,none,none,1,-0.8666,0,196
2025-08-16,Chicken Burger,food_main,280,32,5,8,16,1,none,none,1,-0.8666,0,196
2025-08-16,French Fries,food_snack,130,50,5,8,16,1,none,none,1,-0.8666,0,196
2025-08-16,Samosa,food_snack,40,47,5,8,16,1,none,none,1,-0.8666,0,196
2025-08-16,Chocolate Cake Slice,food_bakery,160,22,5,8,16,1,none,none,1,-0.8666,0,196
2025-08-16,Croissant,food_bakery,140,21,5,8,16,1,none,none,1,-0.8666,0,196
2025-08-17,Milk Tea (Dudh Chiya),beverage_hot,40,123,6,8,17,0,none,none,1,-0.8578,0,197
2025-08-17,Masala Chiya,beverage_hot,50,71,6,8,17,0,none,none,1,-0.8578,0,197
2025-08-17,Black Tea (Kalo Chiya),beverage_hot,30,42,6,8,17,0,none,none,1,-0.8578,0,197
2025-08-17,Americano,beverage_hot,150,36,6,8,17,0,none,none,1,-0.8578,0,197
2025-08-17,Cappuccino,beverage_hot,190,43,6,8,17,0,none,none,1,-0.8578,0,197
2025-08-17,Cafe Latte,beverage_hot,200,41,6,8,17,0,none,none,1,-0.8578,0,197
2025-08-17,Hot Chocolate,beverage_hot,180,13,6,8,17,0,none,none,1,-0.8578,0,197
2025-08-17,Cold Coffee,beverage_cold,220,38,6,8,17,0,none,none,1,-0.8578,0,197
2025-08-17,Iced Americano,beverage_cold,180,21,6,8,17,0,none,none,1,-0.8578,0,197
2025-08-17,Lassi,beverage_cold,120,25,6,8,17,0,none,none,1,-0.8578,0,197
2025-08-17,Fresh Lime Soda,beverage_cold,100,26,6,8,17,0,none,none,1,-0.8578,0,197
2025-08-17,Veg Momo,food_main,160,44,6,8,17,0,none,none,1,-0.8578,0,197
2025-08-17,Buff Momo,food_main,180,67,6,8,17,0,none,none,1,-0.8578,0,197
2025-08-17,Chicken Chowmein,food_main,190,36,6,8,17,0,none,none,1,-0.8578,0,197
2025-08-17,Veg Thukpa,food_main,170,19,6,8,17,0,none,none,1,-0.8578,0,197
2025-08-17,Club Sandwich,food_main,250,18,6,8,17,0,none,none,1,-0.8578,0,197
2025-08-17,Chicken Burger,food_main,280,16,6,8,17,0,none,none,1,-0.8578,0,197
2025-08-17,French Fries,food_snack,130,27,6,8,17,0,none,none,1,-0.8578,0,197
2025-08-17,Samosa,food_snack,40,29,6,8,17,0,none,none,1,-0.8578,0,197
2025-08-17,Chocolate Cake Slice,food_bakery,160,9,6,8,17,0,none,none,1,-0.8578,0,197
2025-08-17,Croissant,food_bakery,140,5,6,8,17,0,none,none,1,-0.8578,0,197
2025-08-18,Milk Tea (Dudh Chiya),beverage_hot,40,114,0,8,18,0,none,none,1,-0.8489,0,198
2025-08-18,Masala Chiya,beverage_hot,50,59,0,8,18,0,none,none,1,-0.8489,0,198
2025-08-18,Black Tea (Kalo Chiya),beverage_hot,30,28,0,8,18,0,none,none,1,-0.8489,0,198
2025-08-18,Americano,beverage_hot,150,24,0,8,18,0,none,none,1,-0.8489,0,198
2025-08-18,Cappuccino,beverage_hot,190,48,0,8,18,0,none,none,1,-0.8489,0,198
2025-08-18,Cafe Latte,beverage_hot,200,31,0,8,18,0,none,none,1,-0.8489,0,198
2025-08-18,Hot Chocolate,beverage_hot,180,21,0,8,18,0,none,none,1,-0.8489,0,198
2025-08-18,Cold Coffee,beverage_cold,220,32,0,8,18,0,none,none,1,-0.8489,0,198
2025-08-18,Iced Americano,beverage_cold,180,34,0,8,18,0,none,none,1,-0.8489,0,198
2025-08-18,Lassi,beverage_cold,120,28,0,8,18,0,none,none,1,-0.8489,0,198
2025-08-18,Fresh Lime Soda,beverage_cold,100,26,0,8,18,0,none,none,1,-0.8489,0,198
2025-08-18,Veg Momo,food_main,160,49,0,8,18,0,none,none,1,-0.8489,0,198
2025-08-18,Buff Momo,food_main,180,52,0,8,18,0,none,none,1,-0.8489,0,198
2025-08-18,Chicken Chowmein,food_main,190,29,0,8,18,0,none,none,1,-0.8489,0,198
2025-08-18,Veg Thukpa,food_main,170,15,0,8,18,0,none,none,1,-0.8489,0,198
2025-08-18,Club Sandwich,food_main,250,23,0,8,18,0,none,none,1,-0.8489,0,198
2025-08-18,Chicken Burger,food_main,280,21,0,8,18,0,none,none,1,-0.8489,0,198
2025-08-18,French Fries,food_snack,130,32,0,8,18,0,none,none,1,-0.8489,0,198
2025-08-18,Samosa,food_snack,40,21,0,8,18,0,none,none,1,-0.8489,0,198
2025-08-18,Chocolate Cake Slice,food_bakery,160,11,0,8,18,0,none,none,1,-0.8489,0,198
2025-08-18,Croissant,food_bakery,140,10,0,8,18,0,none,none,1,-0.8489,0,198
2025-08-19,Milk Tea (Dudh Chiya),beverage_hot,40,116,1,8,19,0,none,none,1,-0.8397,0,199
2025-08-19,Masala Chiya,beverage_hot,50,89,1,8,19,0,none,none,1,-0.8397,0,199
2025-08-19,Black Tea (Kalo Chiya),beverage_hot,30,30,1,8,19,0,none,none,1,-0.8397,0,199
2025-08-19,Americano,beverage_hot,150,45,1,8,19,0,none,none,1,-0.8397,0,199
2025-08-19,Cappuccino,beverage_hot,190,52,1,8,19,0,none,none,1,-0.8397,0,199
2025-08-19,Cafe Latte,beverage_hot,200,41,1,8,19,0,none,none,1,-0.8397,0,199
2025-08-19,Hot Chocolate,beverage_hot,180,19,1,8,19,0,none,none,1,-0.8397,0,199
2025-08-19,Cold Coffee,beverage_cold,220,43,1,8,19,0,none,none,1,-0.8397,0,199
2025-08-19,Iced Americano,beverage_cold,180,27,1,8,19,0,none,none,1,-0.8397,0,199
2025-08-19,Lassi,beverage_cold,120,27,1,8,19,0,none,none,1,-0.8397,0,199
2025-08-19,Fresh Lime Soda,beverage_cold,100,28,1,8,19,0,none,none,1,-0.8397,0,199
2025-08-19,Veg Momo,food_main,160,62,1,8,19,0,none,none,1,-0.8397,0,199
2025-08-19,Buff Momo,food_main,180,61,1,8,19,0,none,none,1,-0.8397,0,199
2025-08-19,Chicken Chowmein,food_main,190,36,1,8,19,0,none,none,1,-0.8397,0,199
2025-08-19,Veg Thukpa,food_main,170,12,1,8,19,0,none,none,1,-0.8397,0,199
2025-08-19,Club Sandwich,food_main,250,24,1,8,19,0,none,none,1,-0.8397,0,199
2025-08-19,Chicken Burger,food_main,280,16,1,8,19,0,none,none,1,-0.8397,0,199
2025-08-19,French Fries,food_snack,130,22,1,8,19,0,none,none,1,-0.8397,0,199
2025-08-19,Samosa,food_snack,40,21,1,8,19,0,none,none,1,-0.8397,0,199
2025-08-19,Chocolate Cake Slice,food_bakery,160,15,1,8,19,0,none,none,1,-0.8397,0,199
2025-08-19,Croissant,food_bakery,140,18,1,8,19,0,none,none,1,-0.8397,0,199
2025-08-20,Milk Tea (Dudh Chiya),beverage_hot,40,112,2,8,20,0,none,none,1,-0.8302,0,200
2025-08-20,Masala Chiya,beverage_hot,50,88,2,8,20,0,none,none,1,-0.8302,0,200
2025-08-20,Black Tea (Kalo Chiya),beverage_hot,30,28,2,8,20,0,none,none,1,-0.8302,0,200
2025-08-20,Americano,beverage_hot,150,36,2,8,20,0,none,none,1,-0.8302,0,200
2025-08-20,Cappuccino,beverage_hot,190,37,2,8,20,0,none,none,1,-0.8302,0,200
2025-08-20,Cafe Latte,beverage_hot,200,41,2,8,20,0,none,none,1,-0.8302,0,200
2025-08-20,Hot Chocolate,beverage_hot,180,21,2,8,20,0,none,none,1,-0.8302,0,200
2025-08-20,Cold Coffee,beverage_cold,220,31,2,8,20,0,none,none,1,-0.8302,0,200
2025-08-20,Iced Americano,beverage_cold,180,22,2,8,20,0,none,none,1,-0.8302,0,200
2025-08-20,Lassi,beverage_cold,120,16,2,8,20,0,none,none,1,-0.8302,0,200
2025-08-20,Fresh Lime Soda,beverage_cold,100,33,2,8,20,0,none,none,1,-0.8302,0,200
2025-08-20,Veg Momo,food_main,160,53,2,8,20,0,none,none,1,-0.8302,0,200
2025-08-20,Buff Momo,food_main,180,47,2,8,20,0,none,none,1,-0.8302,0,200
2025-08-20,Chicken Chowmein,food_main,190,42,2,8,20,0,none,none,1,-0.8302,0,200
2025-08-20,Veg Thukpa,food_main,170,22,2,8,20,0,none,none,1,-0.8302,0,200
2025-08-20,Club Sandwich,food_main,250,18,2,8,20,0,none,none,1,-0.8302,0,200
2025-08-20,Chicken Burger,food_main,280,18,2,8,20,0,none,none,1,-0.8302,0,200
2025-08-20,French Fries,food_snack,130,32,2,8,20,0,none,none,1,-0.8302,0,200
2025-08-20,Samosa,food_snack,40,27,2,8,20,0,none,none,1,-0.8302,0,200
2025-08-20,Chocolate Cake Slice,food_bakery,160,13,2,8,20,0,none,none,1,-0.8302,0,200
2025-08-20,Croissant,food_bakery,140,8,2,8,20,0,none,none,1,-0.8302,0,200
2025-08-21,Milk Tea (Dudh Chiya),beverage_hot,40,118,3,8,21,0,none,none,1,-0.8205,0,201
2025-08-21,Masala Chiya,beverage_hot,50,81,3,8,21,0,none,none,1,-0.8205,0,201
2025-08-21,Black Tea (Kalo Chiya),beverage_hot,30,34,3,8,21,0,none,none,1,-0.8205,0,201
2025-08-21,Americano,beverage_hot,150,46,3,8,21,0,none,none,1,-0.8205,0,201
2025-08-21,Cappuccino,beverage_hot,190,35,3,8,21,0,none,none,1,-0.8205,0,201
2025-08-21,Cafe Latte,beverage_hot,200,39,3,8,21,0,none,none,1,-0.8205,0,201
2025-08-21,Hot Chocolate,beverage_hot,180,24,3,8,21,0,none,none,1,-0.8205,0,201
2025-08-21,Cold Coffee,beverage_cold,220,38,3,8,21,0,none,none,1,-0.8205,0,201
2025-08-21,Iced Americano,beverage_cold,180,29,3,8,21,0,none,none,1,-0.8205,0,201
2025-08-21,Lassi,beverage_cold,120,34,3,8,21,0,none,none,1,-0.8205,0,201
2025-08-21,Fresh Lime Soda,beverage_cold,100,35,3,8,21,0,none,none,1,-0.8205,0,201
2025-08-21,Veg Momo,food_main,160,57,3,8,21,0,none,none,1,-0.8205,0,201
2025-08-21,Buff Momo,food_main,180,67,3,8,21,0,none,none,1,-0.8205,0,201
2025-08-21,Chicken Chowmein,food_main,190,38,3,8,21,0,none,none,1,-0.8205,0,201
2025-08-21,Veg Thukpa,food_main,170,22,3,8,21,0,none,none,1,-0.8205,0,201
2025-08-21,Club Sandwich,food_main,250,23,3,8,21,0,none,none,1,-0.8205,0,201
2025-08-21,Chicken Burger,food_main,280,27,3,8,21,0,none,none,1,-0.8205,0,201
2025-08-21,French Fries,food_snack,130,42,3,8,21,0,none,none,1,-0.8205,0,201
2025-08-21,Samosa,food_snack,40,22,3,8,21,0,none,none,1,-0.8205,0,201
2025-08-21,Chocolate Cake Slice,food_bakery,160,13,3,8,21,0,none,none,1,-0.8205,0,201
2025-08-21,Croissant,food_bakery,140,8,3,8,21,0,none,none,1,-0.8205,0,201
2025-08-22,Milk Tea (Dudh Chiya),beverage_hot,40,144,4,8,22,0,none,none,1,-0.8105,0,202
2025-08-22,Masala Chiya,beverage_hot,50,89,4,8,22,0,none,none,1,-0.8105,0,202
2025-08-22,Black Tea (Kalo Chiya),beverage_hot,30,34,4,8,22,0,none,none,1,-0.8105,0,202
2025-08-22,Americano,beverage_hot,150,52,4,8,22,0,none,none,1,-0.8105,0,202
2025-08-22,Cappuccino,beverage_hot,190,46,4,8,22,0,none,none,1,-0.8105,0,202
2025-08-22,Cafe Latte,beverage_hot,200,44,4,8,22,0,none,none,1,-0.8105,0,202
2025-08-22,Hot Chocolate,beverage_hot,180,27,4,8,22,0,none,none,1,-0.8105,0,202
2025-08-22,Cold Coffee,beverage_cold,220,37,4,8,22,0,none,none,1,-0.8105,0,202
2025-08-22,Iced Americano,beverage_cold,180,28,4,8,22,0,none,none,1,-0.8105,0,202
2025-08-22,Lassi,beverage_cold,120,40,4,8,22,0,none,none,1,-0.8105,0,202
2025-08-22,Fresh Lime Soda,beverage_cold,100,34,4,8,22,0,none,none,1,-0.8105,0,202
2025-08-22,Veg Momo,food_main,160,60,4,8,22,0,none,none,1,-0.8105,0,202
2025-08-22,Buff Momo,food_main,180,69,4,8,22,0,none,none,1,-0.8105,0,202
2025-08-22,Chicken Chowmein,food_main,190,24,4,8,22,0,none,none,1,-0.8105,0,202
2025-08-22,Veg Thukpa,food_main,170,20,4,8,22,0,none,none,1,-0.8105,0,202
2025-08-22,Club Sandwich,food_main,250,27,4,8,22,0,none,none,1,-0.8105,0,202
2025-08-22,Chicken Burger,food_main,280,25,4,8,22,0,none,none,1,-0.8105,0,202
2025-08-22,French Fries,food_snack,130,49,4,8,22,0,none,none,1,-0.8105,0,202
2025-08-22,Samosa,food_snack,40,37,4,8,22,0,none,none,1,-0.8105,0,202
2025-08-22,Chocolate Cake Slice,food_bakery,160,24,4,8,22,0,none,none,1,-0.8105,0,202
2025-08-22,Croissant,food_bakery,140,16,4,8,22,0,none,none,1,-0.8105,0,202
2025-08-23,Milk Tea (Dudh Chiya),beverage_hot,40,167,5,8,23,1,none,none,1,-0.8003,0,203
2025-08-23,Masala Chiya,beverage_hot,50,119,5,8,23,1,none,none,1,-0.8003,0,203
2025-08-23,Black Tea (Kalo Chiya),beverage_hot,30,52,5,8,23,1,none,none,1,-0.8003,0,203
2025-08-23,Americano,beverage_hot,150,42,5,8,23,1,none,none,1,-0.8003,0,203
2025-08-23,Cappuccino,beverage_hot,190,65,5,8,23,1,none,none,1,-0.8003,0,203
2025-08-23,Cafe Latte,beverage_hot,200,66,5,8,23,1,none,none,1,-0.8003,0,203
2025-08-23,Hot Chocolate,beverage_hot,180,25,5,8,23,1,none,none,1,-0.8003,0,203
2025-08-23,Cold Coffee,beverage_cold,220,42,5,8,23,1,none,none,1,-0.8003,0,203
2025-08-23,Iced Americano,beverage_cold,180,51,5,8,23,1,none,none,1,-0.8003,0,203
2025-08-23,Lassi,beverage_cold,120,44,5,8,23,1,none,none,1,-0.8003,0,203
2025-08-23,Fresh Lime Soda,beverage_cold,100,59,5,8,23,1,none,none,1,-0.8003,0,203
2025-08-23,Veg Momo,food_main,160,98,5,8,23,1,none,none,1,-0.8003,0,203
2025-08-23,Buff Momo,food_main,180,98,5,8,23,1,none,none,1,-0.8003,0,203
2025-08-23,Chicken Chowmein,food_main,190,61,5,8,23,1,none,none,1,-0.8003,0,203
2025-08-23,Veg Thukpa,food_main,170,33,5,8,23,1,none,none,1,-0.8003,0,203
2025-08-23,Club Sandwich,food_main,250,30,5,8,23,1,none,none,1,-0.8003,0,203
2025-08-23,Chicken Burger,food_main,280,28,5,8,23,1,none,none,1,-0.8003,0,203
2025-08-23,French Fries,food_snack,130,59,5,8,23,1,none,none,1,-0.8003,0,203
2025-08-23,Samosa,food_snack,40,51,5,8,23,1,none,none,1,-0.8003,0,203
2025-08-23,Chocolate Cake Slice,food_bakery,160,21,5,8,23,1,none,none,1,-0.8003,0,203
2025-08-23,Croissant,food_bakery,140,15,5,8,23,1,none,none,1,-0.8003,0,203
2025-08-24,Milk Tea (Dudh Chiya),beverage_hot,40,113,6,8,24,0,none,none,1,-0.7899,0,204
2025-08-24,Masala Chiya,beverage_hot,50,80,6,8,24,0,none,none,1,-0.7899,0,204
2025-08-24,Black Tea (Kalo Chiya),beverage_hot,30,32,6,8,24,0,none,none,1,-0.7899,0,204
2025-08-24,Americano,beverage_hot,150,34,6,8,24,0,none,none,1,-0.7899,0,204
2025-08-24,Cappuccino,beverage_hot,190,37,6,8,24,0,none,none,1,-0.7899,0,204
2025-08-24,Cafe Latte,beverage_hot,200,38,6,8,24,0,none,none,1,-0.7899,0,204
2025-08-24,Hot Chocolate,beverage_hot,180,25,6,8,24,0,none,none,1,-0.7899,0,204
2025-08-24,Cold Coffee,beverage_cold,220,36,6,8,24,0,none,none,1,-0.7899,0,204
2025-08-24,Iced Americano,beverage_cold,180,30,6,8,24,0,none,none,1,-0.7899,0,204
2025-08-24,Lassi,beverage_cold,120,23,6,8,24,0,none,none,1,-0.7899,0,204
2025-08-24,Fresh Lime Soda,beverage_cold,100,30,6,8,24,0,none,none,1,-0.7899,0,204
2025-08-24,Veg Momo,food_main,160,36,6,8,24,0,none,none,1,-0.7899,0,204
2025-08-24,Buff Momo,food_main,180,62,6,8,24,0,none,none,1,-0.7899,0,204
2025-08-24,Chicken Chowmein,food_main,190,40,6,8,24,0,none,none,1,-0.7899,0,204
2025-08-24,Veg Thukpa,food_main,170,20,6,8,24,0,none,none,1,-0.7899,0,204
2025-08-24,Club Sandwich,food_main,250,20,6,8,24,0,none,none,1,-0.7899,0,204
2025-08-24,Chicken Burger,food_main,280,28,6,8,24,0,none,none,1,-0.7899,0,204
2025-08-24,French Fries,food_snack,130,29,6,8,24,0,none,none,1,-0.7899,0,204
2025-08-24,Samosa,food_snack,40,38,6,8,24,0,none,none,1,-0.7899,0,204
2025-08-24,Chocolate Cake Slice,food_bakery,160,10,6,8,24,0,none,none,1,-0.7899,0,204
2025-08-24,Croissant,food_bakery,140,7,6,8,24,0,none,none,1,-0.7899,0,204
2025-08-25,Milk Tea (Dudh Chiya),beverage_hot,40,121,0,8,25,0,none,none,1,-0.7792,0,205
2025-08-25,Masala Chiya,beverage_hot,50,81,0,8,25,0,none,none,1,-0.7792,0,205
2025-08-25,Black Tea (Kalo Chiya),beverage_hot,30,43,0,8,25,0,none,none,1,-0.7792,0,205
2025-08-25,Americano,beverage_hot,150,35,0,8,25,0,none,none,1,-0.7792,0,205
2025-08-25,Cappuccino,beverage_hot,190,51,0,8,25,0,none,none,1,-0.7792,0,205
2025-08-25,Cafe Latte,beverage_hot,200,51,0,8,25,0,none,none,1,-0.7792,0,205
2025-08-25,Hot Chocolate,beverage_hot,180,30,0,8,25,0,none,none,1,-0.7792,0,205
2025-08-25,Cold Coffee,beverage_cold,220,49,0,8,25,0,none,none,1,-0.7792,0,205
2025-08-25,Iced Americano,beverage_cold,180,21,0,8,25,0,none,none,1,-0.7792,0,205
2025-08-25,Lassi,beverage_cold,120,37,0,8,25,0,none,none,1,-0.7792,0,205
2025-08-25,Fresh Lime Soda,beverage_cold,100,35,0,8,25,0,none,none,1,-0.7792,0,205
2025-08-25,Veg Momo,food_main,160,59,0,8,25,0,none,none,1,-0.7792,0,205
2025-08-25,Buff Momo,food_main,180,52,0,8,25,0,none,none,1,-0.7792,0,205
2025-08-25,Chicken Chowmein,food_main,190,45,0,8,25,0,none,none,1,-0.7792,0,205
2025-08-25,Veg Thukpa,food_main,170,31,0,8,25,0,none,none,1,-0.7792,0,205
2025-08-25,Club Sandwich,food_main,250,30,0,8,25,0,none,none,1,-0.7792,0,205
2025-08-25,Chicken Burger,food_main,280,20,0,8,25,0,none,none,1,-0.7792,0,205
2025-08-25,French Fries,food_snack,130,28,0,8,25,0,none,none,1,-0.7792,0,205
2025-08-25,Samosa,food_snack,40,29,0,8,25,0,none,none,1,-0.7792,0,205
2025-08-25,Chocolate Cake Slice,food_bakery,160,13,0,8,25,0,none,none,1,-0.7792,0,205
2025-08-25,Croissant,food_bakery,140,6,0,8,25,0,none,none,1,-0.7792,0,205
2025-08-26,Milk Tea (Dudh Chiya),beverage_hot,40,190,1,8,26,0,Teej,spike,1,-0.7683,0,206
2025-08-26,Masala Chiya,beverage_hot,50,110,1,8,26,0,Teej,spike,1,-0.7683,0,206
2025-08-26,Black Tea (Kalo Chiya),beverage_hot,30,50,1,8,26,0,Teej,spike,1,-0.7683,0,206
2025-08-26,Americano,beverage_hot,150,63,1,8,26,0,Teej,spike,1,-0.7683,0,206
2025-08-26,Cappuccino,beverage_hot,190,77,1,8,26,0,Teej,spike,1,-0.7683,0,206
2025-08-26,Cafe Latte,beverage_hot,200,51,1,8,26,0,Teej,spike,1,-0.7683,0,206
2025-08-26,Hot Chocolate,beverage_hot,180,33,1,8,26,0,Teej,spike,1,-0.7683,0,206
2025-08-26,Cold Coffee,beverage_cold,220,72,1,8,26,0,Teej,spike,1,-0.7683,0,206
2025-08-26,Iced Americano,beverage_cold,180,46,1,8,26,0,Teej,spike,1,-0.7683,0,206
2025-08-26,Lassi,beverage_cold,120,52,1,8,26,0,Teej,spike,1,-0.7683,0,206
2025-08-26,Fresh Lime Soda,beverage_cold,100,51,1,8,26,0,Teej,spike,1,-0.7683,0,206
2025-08-26,Veg Momo,food_main,160,75,1,8,26,0,Teej,spike,1,-0.7683,0,206
2025-08-26,Buff Momo,food_main,180,88,1,8,26,0,Teej,spike,1,-0.7683,0,206
2025-08-26,Chicken Chowmein,food_main,190,61,1,8,26,0,Teej,spike,1,-0.7683,0,206
2025-08-26,Veg Thukpa,food_main,170,32,1,8,26,0,Teej,spike,1,-0.7683,0,206
2025-08-26,Club Sandwich,food_main,250,44,1,8,26,0,Teej,spike,1,-0.7683,0,206
2025-08-26,Chicken Burger,food_main,280,39,1,8,26,0,Teej,spike,1,-0.7683,0,206
2025-08-26,French Fries,food_snack,130,57,1,8,26,0,Teej,spike,1,-0.7683,0,206
2025-08-26,Samosa,food_snack,40,35,1,8,26,0,Teej,spike,1,-0.7683,0,206
2025-08-26,Chocolate Cake Slice,food_bakery,160,24,1,8,26,0,Teej,spike,1,-0.7683,0,206
2025-08-26,Croissant,food_bakery,140,12,1,8,26,0,Teej,spike,1,-0.7683,0,206
2025-08-27,Milk Tea (Dudh Chiya),beverage_hot,40,119,2,8,27,0,none,none,1,-0.7572,0,207
2025-08-27,Masala Chiya,beverage_hot,50,94,2,8,27,0,none,none,1,-0.7572,0,207
2025-08-27,Black Tea (Kalo Chiya),beverage_hot,30,33,2,8,27,0,none,none,1,-0.7572,0,207
2025-08-27,Americano,beverage_hot,150,35,2,8,27,0,none,none,1,-0.7572,0,207
2025-08-27,Cappuccino,beverage_hot,190,53,2,8,27,0,none,none,1,-0.7572,0,207
2025-08-27,Cafe Latte,beverage_hot,200,47,2,8,27,0,none,none,1,-0.7572,0,207
2025-08-27,Hot Chocolate,beverage_hot,180,25,2,8,27,0,none,none,1,-0.7572,0,207
2025-08-27,Cold Coffee,beverage_cold,220,46,2,8,27,0,none,none,1,-0.7572,0,207
2025-08-27,Iced Americano,beverage_cold,180,27,2,8,27,0,none,none,1,-0.7572,0,207
2025-08-27,Lassi,beverage_cold,120,25,2,8,27,0,none,none,1,-0.7572,0,207
2025-08-27,Fresh Lime Soda,beverage_cold,100,40,2,8,27,0,none,none,1,-0.7572,0,207
2025-08-27,Veg Momo,food_main,160,56,2,8,27,0,none,none,1,-0.7572,0,207
2025-08-27,Buff Momo,food_main,180,56,2,8,27,0,none,none,1,-0.7572,0,207
2025-08-27,Chicken Chowmein,food_main,190,37,2,8,27,0,none,none,1,-0.7572,0,207
2025-08-27,Veg Thukpa,food_main,170,31,2,8,27,0,none,none,1,-0.7572,0,207
2025-08-27,Club Sandwich,food_main,250,18,2,8,27,0,none,none,1,-0.7572,0,207
2025-08-27,Chicken Burger,food_main,280,27,2,8,27,0,none,none,1,-0.7572,0,207
2025-08-27,French Fries,food_snack,130,23,2,8,27,0,none,none,1,-0.7572,0,207
2025-08-27,Samosa,food_snack,40,34,2,8,27,0,none,none,1,-0.7572,0,207
2025-08-27,Chocolate Cake Slice,food_bakery,160,9,2,8,27,0,none,none,1,-0.7572,0,207
2025-08-27,Croissant,food_bakery,140,14,2,8,27,0,none,none,1,-0.7572,0,207
2025-08-28,Milk Tea (Dudh Chiya),beverage_hot,40,160,3,8,28,0,none,none,1,-0.7459,0,208
2025-08-28,Masala Chiya,beverage_hot,50,93,3,8,28,0,none,none,1,-0.7459,0,208
2025-08-28,Black Tea (Kalo Chiya),beverage_hot,30,43,3,8,28,0,none,none,1,-0.7459,0,208
2025-08-28,Americano,beverage_hot,150,50,3,8,28,0,none,none,1,-0.7459,0,208
2025-08-28,Cappuccino,beverage_hot,190,56,3,8,28,0,none,none,1,-0.7459,0,208
2025-08-28,Cafe Latte,beverage_hot,200,38,3,8,28,0,none,none,1,-0.7459,0,208
2025-08-28,Hot Chocolate,beverage_hot,180,22,3,8,28,0,none,none,1,-0.7459,0,208
2025-08-28,Cold Coffee,beverage_cold,220,43,3,8,28,0,none,none,1,-0.7459,0,208
2025-08-28,Iced Americano,beverage_cold,180,26,3,8,28,0,none,none,1,-0.7459,0,208
2025-08-28,Lassi,beverage_cold,120,34,3,8,28,0,none,none,1,-0.7459,0,208
2025-08-28,Fresh Lime Soda,beverage_cold,100,35,3,8,28,0,none,none,1,-0.7459,0,208
2025-08-28,Veg Momo,food_main,160,71,3,8,28,0,none,none,1,-0.7459,0,208
2025-08-28,Buff Momo,food_main,180,63,3,8,28,0,none,none,1,-0.7459,0,208
2025-08-28,Chicken Chowmein,food_main,190,52,3,8,28,0,none,none,1,-0.7459,0,208
2025-08-28,Veg Thukpa,food_main,170,30,3,8,28,0,none,none,1,-0.7459,0,208
2025-08-28,Club Sandwich,food_main,250,32,3,8,28,0,none,none,1,-0.7459,0,208
2025-08-28,Chicken Burger,food_main,280,18,3,8,28,0,none,none,1,-0.7459,0,208
2025-08-28,French Fries,food_snack,130,50,3,8,28,0,none,none,1,-0.7459,0,208
2025-08-28,Samosa,food_snack,40,39,3,8,28,0,none,none,1,-0.7459,0,208
2025-08-28,Chocolate Cake Slice,food_bakery,160,23,3,8,28,0,none,none,1,-0.7459,0,208
2025-08-28,Croissant,food_bakery,140,11,3,8,28,0,none,none,1,-0.7459,0,208
2025-08-29,Milk Tea (Dudh Chiya),beverage_hot,40,164,4,8,29,0,none,none,1,-0.7343,0,209
2025-08-29,Masala Chiya,beverage_hot,50,99,4,8,29,0,none,none,1,-0.7343,0,209
2025-08-29,Black Tea (Kalo Chiya),beverage_hot,30,45,4,8,29,0,none,none,1,-0.7343,0,209
2025-08-29,Americano,beverage_hot,150,69,4,8,29,0,none,none,1,-0.7343,0,209
2025-08-29,Cappuccino,beverage_hot,190,54,4,8,29,0,none,none,1,-0.7343,0,209
2025-08-29,Cafe Latte,beverage_hot,200,53,4,8,29,0,none,none,1,-0.7343,0,209
2025-08-29,Hot Chocolate,beverage_hot,180,24,4,8,29,0,none,none,1,-0.7343,0,209
2025-08-29,Cold Coffee,beverage_cold,220,48,4,8,29,0,none,none,1,-0.7343,0,209
2025-08-29,Iced Americano,beverage_cold,180,35,4,8,29,0,none,none,1,-0.7343,0,209
2025-08-29,Lassi,beverage_cold,120,38,4,8,29,0,none,none,1,-0.7343,0,209
2025-08-29,Fresh Lime Soda,beverage_cold,100,43,4,8,29,0,none,none,1,-0.7343,0,209
2025-08-29,Veg Momo,food_main,160,68,4,8,29,0,none,none,1,-0.7343,0,209
2025-08-29,Buff Momo,food_main,180,58,4,8,29,0,none,none,1,-0.7343,0,209
2025-08-29,Chicken Chowmein,food_main,190,65,4,8,29,0,none,none,1,-0.7343,0,209
2025-08-29,Veg Thukpa,food_main,170,31,4,8,29,0,none,none,1,-0.7343,0,209
2025-08-29,Club Sandwich,food_main,250,29,4,8,29,0,none,none,1,-0.7343,0,209
2025-08-29,Chicken Burger,food_main,280,29,4,8,29,0,none,none,1,-0.7343,0,209
2025-08-29,French Fries,food_snack,130,34,4,8,29,0,none,none,1,-0.7343,0,209
2025-08-29,Samosa,food_snack,40,48,4,8,29,0,none,none,1,-0.7343,0,209
2025-08-29,Chocolate Cake Slice,food_bakery,160,26,4,8,29,0,none,none,1,-0.7343,0,209
2025-08-29,Croissant,food_bakery,140,8,4,8,29,0,none,none,1,-0.7343,0,209
2025-08-30,Milk Tea (Dudh Chiya),beverage_hot,40,142,5,8,30,1,none,none,1,-0.7225,0,210
2025-08-30,Masala Chiya,beverage_hot,50,98,5,8,30,1,none,none,1,-0.7225,0,210
2025-08-30,Black Tea (Kalo Chiya),beverage_hot,30,44,5,8,30,1,none,none,1,-0.7225,0,210
2025-08-30,Americano,beverage_hot,150,42,5,8,30,1,none,none,1,-0.7225,0,210
2025-08-30,Cappuccino,beverage_hot,190,69,5,8,30,1,none,none,1,-0.7225,0,210
2025-08-30,Cafe Latte,beverage_hot,200,53,5,8,30,1,none,none,1,-0.7225,0,210
2025-08-30,Hot Chocolate,beverage_hot,180,32,5,8,30,1,none,none,1,-0.7225,0,210
2025-08-30,Cold Coffee,beverage_cold,220,43,5,8,30,1,none,none,1,-0.7225,0,210
2025-08-30,Iced Americano,beverage_cold,180,26,5,8,30,1,none,none,1,-0.7225,0,210
2025-08-30,Lassi,beverage_cold,120,43,5,8,30,1,none,none,1,-0.7225,0,210
2025-08-30,Fresh Lime Soda,beverage_cold,100,42,5,8,30,1,none,none,1,-0.7225,0,210
2025-08-30,Veg Momo,food_main,160,62,5,8,30,1,none,none,1,-0.7225,0,210
2025-08-30,Buff Momo,food_main,180,76,5,8,30,1,none,none,1,-0.7225,0,210
2025-08-30,Chicken Chowmein,food_main,190,37,5,8,30,1,none,none,1,-0.7225,0,210
2025-08-30,Veg Thukpa,food_main,170,31,5,8,30,1,none,none,1,-0.7225,0,210
2025-08-30,Club Sandwich,food_main,250,25,5,8,30,1,none,none,1,-0.7225,0,210
2025-08-30,Chicken Burger,food_main,280,22,5,8,30,1,none,none,1,-0.7225,0,210
2025-08-30,French Fries,food_snack,130,47,5,8,30,1,none,none,1,-0.7225,0,210
2025-08-30,Samosa,food_snack,40,36,5,8,30,1,none,none,1,-0.7225,0,210
2025-08-30,Chocolate Cake Slice,food_bakery,160,20,5,8,30,1,none,none,1,-0.7225,0,210
2025-08-30,Croissant,food_bakery,140,24,5,8,30,1,none,none,1,-0.7225,0,210
2025-08-31,Milk Tea (Dudh Chiya),beverage_hot,40,137,6,8,31,0,none,none,1,-0.7105,0,211
2025-08-31,Masala Chiya,beverage_hot,50,87,6,8,31,0,none,none,1,-0.7105,0,211
2025-08-31,Black Tea (Kalo Chiya),beverage_hot,30,38,6,8,31,0,none,none,1,-0.7105,0,211
2025-08-31,Americano,beverage_hot,150,34,6,8,31,0,none,none,1,-0.7105,0,211
2025-08-31,Cappuccino,beverage_hot,190,39,6,8,31,0,none,none,1,-0.7105,0,211
2025-08-31,Cafe Latte,beverage_hot,200,36,6,8,31,0,none,none,1,-0.7105,0,211
2025-08-31,Hot Chocolate,beverage_hot,180,29,6,8,31,0,none,none,1,-0.7105,0,211
2025-08-31,Cold Coffee,beverage_cold,220,42,6,8,31,0,none,none,1,-0.7105,0,211
2025-08-31,Iced Americano,beverage_cold,180,36,6,8,31,0,none,none,1,-0.7105,0,211
2025-08-31,Lassi,beverage_cold,120,28,6,8,31,0,none,none,1,-0.7105,0,211
2025-08-31,Fresh Lime Soda,beverage_cold,100,49,6,8,31,0,none,none,1,-0.7105,0,211
2025-08-31,Veg Momo,food_main,160,68,6,8,31,0,none,none,1,-0.7105,0,211
2025-08-31,Buff Momo,food_main,180,65,6,8,31,0,none,none,1,-0.7105,0,211
2025-08-31,Chicken Chowmein,food_main,190,44,6,8,31,0,none,none,1,-0.7105,0,211
2025-08-31,Veg Thukpa,food_main,170,30,6,8,31,0,none,none,1,-0.7105,0,211
2025-08-31,Club Sandwich,food_main,250,31,6,8,31,0,none,none,1,-0.7105,0,211
2025-08-31,Chicken Burger,food_main,280,33,6,8,31,0,none,none,1,-0.7105,0,211
2025-08-31,French Fries,food_snack,130,32,6,8,31,0,none,none,1,-0.7105,0,211
2025-08-31,Samosa,food_snack,40,27,6,8,31,0,none,none,1,-0.7105,0,211
2025-08-31,Chocolate Cake Slice,food_bakery,160,16,6,8,31,0,none,none,1,-0.7105,0,211
2025-08-31,Croissant,food_bakery,140,9,6,8,31,0,none,none,1,-0.7105,0,211
2025-09-01,Milk Tea (Dudh Chiya),beverage_hot,40,130,0,9,1,0,none,none,0,-0.6983,0,212
2025-09-01,Masala Chiya,beverage_hot,50,75,0,9,1,0,none,none,0,-0.6983,0,212
2025-09-01,Black Tea (Kalo Chiya),beverage_hot,30,34,0,9,1,0,none,none,0,-0.6983,0,212
2025-09-01,Americano,beverage_hot,150,46,0,9,1,0,none,none,0,-0.6983,0,212
2025-09-01,Cappuccino,beverage_hot,190,40,0,9,1,0,none,none,0,-0.6983,0,212
2025-09-01,Cafe Latte,beverage_hot,200,43,0,9,1,0,none,none,0,-0.6983,0,212
2025-09-01,Hot Chocolate,beverage_hot,180,28,0,9,1,0,none,none,0,-0.6983,0,212
2025-09-01,Cold Coffee,beverage_cold,220,43,0,9,1,0,none,none,0,-0.6983,0,212
2025-09-01,Iced Americano,beverage_cold,180,34,0,9,1,0,none,none,0,-0.6983,0,212
2025-09-01,Lassi,beverage_cold,120,23,0,9,1,0,none,none,0,-0.6983,0,212
2025-09-01,Fresh Lime Soda,beverage_cold,100,35,0,9,1,0,none,none,0,-0.6983,0,212
2025-09-01,Veg Momo,food_main,160,77,0,9,1,0,none,none,0,-0.6983,0,212
2025-09-01,Buff Momo,food_main,180,65,0,9,1,0,none,none,0,-0.6983,0,212
2025-09-01,Chicken Chowmein,food_main,190,50,0,9,1,0,none,none,0,-0.6983,0,212
2025-09-01,Veg Thukpa,food_main,170,34,0,9,1,0,none,none,0,-0.6983,0,212
2025-09-01,Club Sandwich,food_main,250,23,0,9,1,0,none,none,0,-0.6983,0,212
2025-09-01,Chicken Burger,food_main,280,20,0,9,1,0,none,none,0,-0.6983,0,212
2025-09-01,French Fries,food_snack,130,42,0,9,1,0,none,none,0,-0.6983,0,212
2025-09-01,Samosa,food_snack,40,43,0,9,1,0,none,none,0,-0.6983,0,212
2025-09-01,Chocolate Cake Slice,food_bakery,160,24,0,9,1,0,none,none,0,-0.6983,0,212
2025-09-01,Croissant,food_bakery,140,10,0,9,1,0,none,none,0,-0.6983,0,212
2025-09-02,Milk Tea (Dudh Chiya),beverage_hot,40,155,1,9,2,0,none,none,0,-0.6859,0,213
2025-09-02,Masala Chiya,beverage_hot,50,113,1,9,2,0,none,none,0,-0.6859,0,213
2025-09-02,Black Tea (Kalo Chiya),beverage_hot,30,45,1,9,2,0,none,none,0,-0.6859,0,213
2025-09-02,Americano,beverage_hot,150,45,1,9,2,0,none,none,0,-0.6859,0,213
2025-09-02,Cappuccino,beverage_hot,190,61,1,9,2,0,none,none,0,-0.6859,0,213
2025-09-02,Cafe Latte,beverage_hot,200,38,1,9,2,0,none,none,0,-0.6859,0,213
2025-09-02,Hot Chocolate,beverage_hot,180,23,1,9,2,0,none,none,0,-0.6859,0,213
2025-09-02,Cold Coffee,beverage_cold,220,38,1,9,2,0,none,none,0,-0.6859,0,213
2025-09-02,Iced Americano,beverage_cold,180,42,1,9,2,0,none,none,0,-0.6859,0,213
2025-09-02,Lassi,beverage_cold,120,40,1,9,2,0,none,none,0,-0.6859,0,213
2025-09-02,Fresh Lime Soda,beverage_cold,100,44,1,9,2,0,none,none,0,-0.6859,0,213
2025-09-02,Veg Momo,food_main,160,56,1,9,2,0,none,none,0,-0.6859,0,213
2025-09-02,Buff Momo,food_main,180,86,1,9,2,0,none,none,0,-0.6859,0,213
2025-09-02,Chicken Chowmein,food_main,190,52,1,9,2,0,none,none,0,-0.6859,0,213
2025-09-02,Veg Thukpa,food_main,170,31,1,9,2,0,none,none,0,-0.6859,0,213
2025-09-02,Club Sandwich,food_main,250,31,1,9,2,0,none,none,0,-0.6859,0,213
2025-09-02,Chicken Burger,food_main,280,23,1,9,2,0,none,none,0,-0.6859,0,213
2025-09-02,French Fries,food_snack,130,34,1,9,2,0,none,none,0,-0.6859,0,213
2025-09-02,Samosa,food_snack,40,42,1,9,2,0,none,none,0,-0.6859,0,213
2025-09-02,Chocolate Cake Slice,food_bakery,160,18,1,9,2,0,none,none,0,-0.6859,0,213
2025-09-02,Croissant,food_bakery,140,18,1,9,2,0,none,none,0,-0.6859,0,213
2025-09-03,Milk Tea (Dudh Chiya),beverage_hot,40,135,2,9,3,0,none,none,0,-0.6733,0,214
2025-09-03,Masala Chiya,beverage_hot,50,91,2,9,3,0,none,none,0,-0.6733,0,214
2025-09-03,Black Tea (Kalo Chiya),beverage_hot,30,51,2,9,3,0,none,none,0,-0.6733,0,214
2025-09-03,Americano,beverage_hot,150,45,2,9,3,0,none,none,0,-0.6733,0,214
2025-09-03,Cappuccino,beverage_hot,190,46,2,9,3,0,none,none,0,-0.6733,0,214
2025-09-03,Cafe Latte,beverage_hot,200,56,2,9,3,0,none,none,0,-0.6733,0,214
2025-09-03,Hot Chocolate,beverage_hot,180,26,2,9,3,0,none,none,0,-0.6733,0,214
2025-09-03,Cold Coffee,beverage_cold,220,50,2,9,3,0,none,none,0,-0.6733,0,214
2025-09-03,Iced Americano,beverage_cold,180,24,2,9,3,0,none,none,0,-0.6733,0,214
2025-09-03,Lassi,beverage_cold,120,38,2,9,3,0,none,none,0,-0.6733,0,214
2025-09-03,Fresh Lime Soda,beverage_cold,100,38,2,9,3,0,none,none,0,-0.6733,0,214
2025-09-03,Veg Momo,food_main,160,65,2,9,3,0,none,none,0,-0.6733,0,214
2025-09-03,Buff Momo,food_main,180,78,2,9,3,0,none,none,0,-0.6733,0,214
2025-09-03,Chicken Chowmein,food_main,190,54,2,9,3,0,none,none,0,-0.6733,0,214
2025-09-03,Veg Thukpa,food_main,170,28,2,9,3,0,none,none,0,-0.6733,0,214
2025-09-03,Club Sandwich,food_main,250,31,2,9,3,0,none,none,0,-0.6733,0,214
2025-09-03,Chicken Burger,food_main,280,40,2,9,3,0,none,none,0,-0.6733,0,214
2025-09-03,French Fries,food_snack,130,47,2,9,3,0,none,none,0,-0.6733,0,214
2025-09-03,Samosa,food_snack,40,39,2,9,3,0,none,none,0,-0.6733,0,214
2025-09-03,Chocolate Cake Slice,food_bakery,160,16,2,9,3,0,none,none,0,-0.6733,0,214
2025-09-03,Croissant,food_bakery,140,12,2,9,3,0,none,none,0,-0.6733,0,214
2025-09-04,Milk Tea (Dudh Chiya),beverage_hot,40,154,3,9,4,0,none,none,0,-0.6605,0,215
2025-09-04,Masala Chiya,beverage_hot,50,107,3,9,4,0,none,none,0,-0.6605,0,215
2025-09-04,Black Tea (Kalo Chiya),beverage_hot,30,44,3,9,4,0,none,none,0,-0.6605,0,215
2025-09-04,Americano,beverage_hot,150,45,3,9,4,0,none,none,0,-0.6605,0,215
2025-09-04,Cappuccino,beverage_hot,190,60,3,9,4,0,none,none,0,-0.6605,0,215
2025-09-04,Cafe Latte,beverage_hot,200,50,3,9,4,0,none,none,0,-0.6605,0,215
2025-09-04,Hot Chocolate,beverage_hot,180,33,3,9,4,0,none,none,0,-0.6605,0,215
2025-09-04,Cold Coffee,beverage_cold,220,53,3,9,4,0,none,none,0,-0.6605,0,215
2025-09-04,Iced Americano,beverage_cold,180,39,3,9,4,0,none,none,0,-0.6605,0,215
2025-09-04,Lassi,beverage_cold,120,46,3,9,4,0,none,none,0,-0.6605,0,215
2025-09-04,Fresh Lime Soda,beverage_cold,100,39,3,9,4,0,none,none,0,-0.6605,0,215
2025-09-04,Veg Momo,food_main,160,69,3,9,4,0,none,none,0,-0.6605,0,215
2025-09-04,Buff Momo,food_main,180,82,3,9,4,0,none,none,0,-0.6605,0,215
2025-09-04,Chicken Chowmein,food_main,190,66,3,9,4,0,none,none,0,-0.6605,0,215
2025-09-04,Veg Thukpa,food_main,170,34,3,9,4,0,none,none,0,-0.6605,0,215
2025-09-04,Club Sandwich,food_main,250,30,3,9,4,0,none,none,0,-0.6605,0,215
2025-09-04,Chicken Burger,food_main,280,30,3,9,4,0,none,none,0,-0.6605,0,215
2025-09-04,French Fries,food_snack,130,42,3,9,4,0,none,none,0,-0.6605,0,215
2025-09-04,Samosa,food_snack,40,34,3,9,4,0,none,none,0,-0.6605,0,215
2025-09-04,Chocolate Cake Slice,food_bakery,160,20,3,9,4,0,none,none,0,-0.6605,0,215
2025-09-04,Croissant,food_bakery,140,17,3,9,4,0,none,none,0,-0.6605,0,215
2025-09-05,Milk Tea (Dudh Chiya),beverage_hot,40,192,4,9,5,0,none,none,0,-0.6474,0,216
2025-09-05,Masala Chiya,beverage_hot,50,110,4,9,5,0,none,none,0,-0.6474,0,216
2025-09-05,Black Tea (Kalo Chiya),beverage_hot,30,58,4,9,5,0,none,none,0,-0.6474,0,216
2025-09-05,Americano,beverage_hot,150,65,4,9,5,0,none,none,0,-0.6474,0,216
2025-09-05,Cappuccino,beverage_hot,190,54,4,9,5,0,none,none,0,-0.6474,0,216
2025-09-05,Cafe Latte,beverage_hot,200,62,4,9,5,0,none,none,0,-0.6474,0,216
2025-09-05,Hot Chocolate,beverage_hot,180,31,4,9,5,0,none,none,0,-0.6474,0,216
2025-09-05,Cold Coffee,beverage_cold,220,58,4,9,5,0,none,none,0,-0.6474,0,216
2025-09-05,Iced Americano,beverage_cold,180,45,4,9,5,0,none,none,0,-0.6474,0,216
2025-09-05,Lassi,beverage_cold,120,56,4,9,5,0,none,none,0,-0.6474,0,216
2025-09-05,Fresh Lime Soda,beverage_cold,100,60,4,9,5,0,none,none,0,-0.6474,0,216
2025-09-05,Veg Momo,food_main,160,92,4,9,5,0,none,none,0,-0.6474,0,216
2025-09-05,Buff Momo,food_main,180,79,4,9,5,0,none,none,0,-0.6474,0,216
2025-09-05,Chicken Chowmein,food_main,190,46,4,9,5,0,none,none,0,-0.6474,0,216
2025-09-05,Veg Thukpa,food_main,170,34,4,9,5,0,none,none,0,-0.6474,0,216
2025-09-05,Club Sandwich,food_main,250,33,4,9,5,0,none,none,0,-0.6474,0,216
2025-09-05,Chicken Burger,food_main,280,19,4,9,5,0,none,none,0,-0.6474,0,216
2025-09-05,French Fries,food_snack,130,54,4,9,5,0,none,none,0,-0.6474,0,216
2025-09-05,Samosa,food_snack,40,39,4,9,5,0,none,none,0,-0.6474,0,216
2025-09-05,Chocolate Cake Slice,food_bakery,160,17,4,9,5,0,none,none,0,-0.6474,0,216
2025-09-05,Croissant,food_bakery,140,18,4,9,5,0,none,none,0,-0.6474,0,216
2025-09-06,Milk Tea (Dudh Chiya),beverage_hot,40,304,5,9,6,1,Indra Jatra,spike,0,-0.6342,0,217
2025-09-06,Masala Chiya,beverage_hot,50,191,5,9,6,1,Indra Jatra,spike,0,-0.6342,0,217
2025-09-06,Black Tea (Kalo Chiya),beverage_hot,30,89,5,9,6,1,Indra Jatra,spike,0,-0.6342,0,217
2025-09-06,Americano,beverage_hot,150,86,5,9,6,1,Indra Jatra,spike,0,-0.6342,0,217
2025-09-06,Cappuccino,beverage_hot,190,91,5,9,6,1,Indra Jatra,spike,0,-0.6342,0,217
2025-09-06,Cafe Latte,beverage_hot,200,87,5,9,6,1,Indra Jatra,spike,0,-0.6342,0,217
2025-09-06,Hot Chocolate,beverage_hot,180,48,5,9,6,1,Indra Jatra,spike,0,-0.6342,0,217
2025-09-06,Cold Coffee,beverage_cold,220,100,5,9,6,1,Indra Jatra,spike,0,-0.6342,0,217
2025-09-06,Iced Americano,beverage_cold,180,58,5,9,6,1,Indra Jatra,spike,0,-0.6342,0,217
2025-09-06,Lassi,beverage_cold,120,76,5,9,6,1,Indra Jatra,spike,0,-0.6342,0,217
2025-09-06,Fresh Lime Soda,beverage_cold,100,75,5,9,6,1,Indra Jatra,spike,0,-0.6342,0,217
2025-09-06,Veg Momo,food_main,160,135,5,9,6,1,Indra Jatra,spike,0,-0.6342,0,217
2025-09-06,Buff Momo,food_main,180,138,5,9,6,1,Indra Jatra,spike,0,-0.6342,0,217
2025-09-06,Chicken Chowmein,food_main,190,103,5,9,6,1,Indra Jatra,spike,0,-0.6342,0,217
2025-09-06,Veg Thukpa,food_main,170,47,5,9,6,1,Indra Jatra,spike,0,-0.6342,0,217
2025-09-06,Club Sandwich,food_main,250,65,5,9,6,1,Indra Jatra,spike,0,-0.6342,0,217
2025-09-06,Chicken Burger,food_main,280,51,5,9,6,1,Indra Jatra,spike,0,-0.6342,0,217
2025-09-06,French Fries,food_snack,130,97,5,9,6,1,Indra Jatra,spike,0,-0.6342,0,217
2025-09-06,Samosa,food_snack,40,50,5,9,6,1,Indra Jatra,spike,0,-0.6342,0,217
2025-09-06,Chocolate Cake Slice,food_bakery,160,29,5,9,6,1,Indra Jatra,spike,0,-0.6342,0,217
2025-09-06,Croissant,food_bakery,140,32,5,9,6,1,Indra Jatra,spike,0,-0.6342,0,217
2025-09-07,Milk Tea (Dudh Chiya),beverage_hot,40,163,6,9,7,0,none,none,0,-0.6208,0,218
2025-09-07,Masala Chiya,beverage_hot,50,86,6,9,7,0,none,none,0,-0.6208,0,218
2025-09-07,Black Tea (Kalo Chiya),beverage_hot,30,41,6,9,7,0,none,none,0,-0.6208,0,218
2025-09-07,Americano,beverage_hot,150,31,6,9,7,0,none,none,0,-0.6208,0,218
2025-09-07,Cappuccino,beverage_hot,190,55,6,9,7,0,none,none,0,-0.6208,0,218
2025-09-07,Cafe Latte,beverage_hot,200,43,6,9,7,0,none,none,0,-0.6208,0,218
2025-09-07,Hot Chocolate,beverage_hot,180,27,6,9,7,0,none,none,0,-0.6208,0,218
2025-09-07,Cold Coffee,beverage_cold,220,46,6,9,7,0,none,none,0,-0.6208,0,218
2025-09-07,Iced Americano,beverage_cold,180,28,6,9,7,0,none,none,0,-0.6208,0,218
2025-09-07,Lassi,beverage_cold,120,42,6,9,7,0,none,none,0,-0.6208,0,218
2025-09-07,Fresh Lime Soda,beverage_cold,100,45,6,9,7,0,none,none,0,-0.6208,0,218
2025-09-07,Veg Momo,food_main,160,76,6,9,7,0,none,none,0,-0.6208,0,218
2025-09-07,Buff Momo,food_main,180,78,6,9,7,0,none,none,0,-0.6208,0,218
2025-09-07,Chicken Chowmein,food_main,190,45,6,9,7,0,none,none,0,-0.6208,0,218
2025-09-07,Veg Thukpa,food_main,170,25,6,9,7,0,none,none,0,-0.6208,0,218
2025-09-07,Club Sandwich,food_main,250,26,6,9,7,0,none,none,0,-0.6208,0,218
2025-09-07,Chicken Burger,food_main,280,28,6,9,7,0,none,none,0,-0.6208,0,218
2025-09-07,French Fries,food_snack,130,36,6,9,7,0,none,none,0,-0.6208,0,218
2025-09-07,Samosa,food_snack,40,37,6,9,7,0,none,none,0,-0.6208,0,218
2025-09-07,Chocolate Cake Slice,food_bakery,160,20,6,9,7,0,none,none,0,-0.6208,0,218
2025-09-07,Croissant,food_bakery,140,9,6,9,7,0,none,none,0,-0.6208,0,218
2025-09-08,Milk Tea (Dudh Chiya),beverage_hot,40,126,0,9,8,0,none,none,0,-0.6073,0,219
2025-09-08,Masala Chiya,beverage_hot,50,114,0,9,8,0,none,none,0,-0.6073,0,219
2025-09-08,Black Tea (Kalo Chiya),beverage_hot,30,29,0,9,8,0,none,none,0,-0.6073,0,219
2025-09-08,Americano,beverage_hot,150,31,0,9,8,0,none,none,0,-0.6073,0,219
2025-09-08,Cappuccino,beverage_hot,190,41,0,9,8,0,none,none,0,-0.6073,0,219
2025-09-08,Cafe Latte,beverage_hot,200,38,0,9,8,0,none,none,0,-0.6073,0,219
2025-09-08,Hot Chocolate,beverage_hot,180,31,0,9,8,0,none,none,0,-0.6073,0,219
2025-09-08,Cold Coffee,beverage_cold,220,43,0,9,8,0,none,none,0,-0.6073,0,219
2025-09-08,Iced Americano,beverage_cold,180,31,0,9,8,0,none,none,0,-0.6073,0,219
2025-09-08,Lassi,beverage_cold,120,29,0,9,8,0,none,none,0,-0.6073,0,219
2025-09-08,Fresh Lime Soda,beverage_cold,100,42,0,9,8,0,none,none,0,-0.6073,0,219
2025-09-08,Veg Momo,food_main,160,53,0,9,8,0,none,none,0,-0.6073,0,219
2025-09-08,Buff Momo,food_main,180,74,0,9,8,0,none,none,0,-0.6073,0,219
2025-09-08,Chicken Chowmein,food_main,190,50,0,9,8,0,none,none,0,-0.6073,0,219
2025-09-08,Veg Thukpa,food_main,170,28,0,9,8,0,none,none,0,-0.6073,0,219
2025-09-08,Club Sandwich,food_main,250,32,0,9,8,0,none,none,0,-0.6073,0,219
2025-09-08,Chicken Burger,food_main,280,25,0,9,8,0,none,none,0,-0.6073,0,219
2025-09-08,French Fries,food_snack,130,38,0,9,8,0,none,none,0,-0.6073,0,219
2025-09-08,Samosa,food_snack,40,36,0,9,8,0,none,none,0,-0.6073,0,219
2025-09-08,Chocolate Cake Slice,food_bakery,160,23,0,9,8,0,none,none,0,-0.6073,0,219
2025-09-08,Croissant,food_bakery,140,10,0,9,8,0,none,none,0,-0.6073,0,219
2025-09-09,Milk Tea (Dudh Chiya),beverage_hot,40,130,1,9,9,0,none,none,0,-0.5935,0,220
2025-09-09,Masala Chiya,beverage_hot,50,106,1,9,9,0,none,none,0,-0.5935,0,220
2025-09-09,Black Tea (Kalo Chiya),beverage_hot,30,43,1,9,9,0,none,none,0,-0.5935,0,220
2025-09-09,Americano,beverage_hot,150,35,1,9,9,0,none,none,0,-0.5935,0,220
2025-09-09,Cappuccino,beverage_hot,190,56,1,9,9,0,none,none,0,-0.5935,0,220
2025-09-09,Cafe Latte,beverage_hot,200,48,1,9,9,0,none,none,0,-0.5935,0,220
2025-09-09,Hot Chocolate,beverage_hot,180,17,1,9,9,0,none,none,0,-0.5935,0,220
2025-09-09,Cold Coffee,beverage_cold,220,46,1,9,9,0,none,none,0,-0.5935,0,220
2025-09-09,Iced Americano,beverage_cold,180,31,1,9,9,0,none,none,0,-0.5935,0,220
2025-09-09,Lassi,beverage_cold,120,33,1,9,9,0,none,none,0,-0.5935,0,220
2025-09-09,Fresh Lime Soda,beverage_cold,100,46,1,9,9,0,none,none,0,-0.5935,0,220
2025-09-09,Veg Momo,food_main,160,60,1,9,9,0,none,none,0,-0.5935,0,220
2025-09-09,Buff Momo,food_main,180,59,1,9,9,0,none,none,0,-0.5935,0,220
2025-09-09,Chicken Chowmein,food_main,190,48,1,9,9,0,none,none,0,-0.5935,0,220
2025-09-09,Veg Thukpa,food_main,170,18,1,9,9,0,none,none,0,-0.5935,0,220
2025-09-09,Club Sandwich,food_main,250,22,1,9,9,0,none,none,0,-0.5935,0,220
2025-09-09,Chicken Burger,food_main,280,31,1,9,9,0,none,none,0,-0.5935,0,220
2025-09-09,French Fries,food_snack,130,42,1,9,9,0,none,none,0,-0.5935,0,220
2025-09-09,Samosa,food_snack,40,44,1,9,9,0,none,none,0,-0.5935,0,220
2025-09-09,Chocolate Cake Slice,food_bakery,160,25,1,9,9,0,none,none,0,-0.5935,0,220
2025-09-09,Croissant,food_bakery,140,10,1,9,9,0,none,none,0,-0.5935,0,220
2025-09-10,Milk Tea (Dudh Chiya),beverage_hot,40,160,2,9,10,0,none,none,0,-0.5796,0,221
2025-09-10,Masala Chiya,beverage_hot,50,110,2,9,10,0,none,none,0,-0.5796,0,221
2025-09-10,Black Tea (Kalo Chiya),beverage_hot,30,37,2,9,10,0,none,none,0,-0.5796,0,221
2025-09-10,Americano,beverage_hot,150,52,2,9,10,0,none,none,0,-0.5796,0,221
2025-09-10,Cappuccino,beverage_hot,190,64,2,9,10,0,none,none,0,-0.5796,0,221
2025-09-10,Cafe Latte,beverage_hot,200,60,2,9,10,0,none,none,0,-0.5796,0,221
2025-09-10,Hot Chocolate,beverage_hot,180,27,2,9,10,0,none,none,0,-0.5796,0,221
2025-09-10,Cold Coffee,beverage_cold,220,45,2,9,10,0,none,none,0,-0.5796,0,221
2025-09-10,Iced Americano,beverage_cold,180,32,2,9,10,0,none,none,0,-0.5796,0,221
2025-09-10,Lassi,beverage_cold,120,28,2,9,10,0,none,none,0,-0.5796,0,221
2025-09-10,Fresh Lime Soda,beverage_cold,100,53,2,9,10,0,none,none,0,-0.5796,0,221
2025-09-10,Veg Momo,food_main,160,83,2,9,10,0,none,none,0,-0.5796,0,221
2025-09-10,Buff Momo,food_main,180,79,2,9,10,0,none,none,0,-0.5796,0,221
2025-09-10,Chicken Chowmein,food_main,190,49,2,9,10,0,none,none,0,-0.5796,0,221
2025-09-10,Veg Thukpa,food_main,170,26,2,9,10,0,none,none,0,-0.5796,0,221
2025-09-10,Club Sandwich,food_main,250,24,2,9,10,0,none,none,0,-0.5796,0,221
2025-09-10,Chicken Burger,food_main,280,31,2,9,10,0,none,none,0,-0.5796,0,221
2025-09-10,French Fries,food_snack,130,52,2,9,10,0,none,none,0,-0.5796,0,221
2025-09-10,Samosa,food_snack,40,45,2,9,10,0,none,none,0,-0.5796,0,221
2025-09-10,Chocolate Cake Slice,food_bakery,160,23,2,9,10,0,none,none,0,-0.5796,0,221
2025-09-10,Croissant,food_bakery,140,15,2,9,10,0,none,none,0,-0.5796,0,221
2025-09-11,Milk Tea (Dudh Chiya),beverage_hot,40,182,3,9,11,0,none,none,0,-0.5655,0,222
2025-09-11,Masala Chiya,beverage_hot,50,115,3,9,11,0,none,none,0,-0.5655,0,222
2025-09-11,Black Tea (Kalo Chiya),beverage_hot,30,50,3,9,11,0,none,none,0,-0.5655,0,222
2025-09-11,Americano,beverage_hot,150,42,3,9,11,0,none,none,0,-0.5655,0,222
2025-09-11,Cappuccino,beverage_hot,190,50,3,9,11,0,none,none,0,-0.5655,0,222
2025-09-11,Cafe Latte,beverage_hot,200,50,3,9,11,0,none,none,0,-0.5655,0,222
2025-09-11,Hot Chocolate,beverage_hot,180,28,3,9,11,0,none,none,0,-0.5655,0,222
2025-09-11,Cold Coffee,beverage_cold,220,32,3,9,11,0,none,none,0,-0.5655,0,222
2025-09-11,Iced Americano,beverage_cold,180,23,3,9,11,0,none,none,0,-0.5655,0,222
2025-09-11,Lassi,beverage_cold,120,35,3,9,11,0,none,none,0,-0.5655,0,222
2025-09-11,Fresh Lime Soda,beverage_cold,100,56,3,9,11,0,none,none,0,-0.5655,0,222
2025-09-11,Veg Momo,food_main,160,66,3,9,11,0,none,none,0,-0.5655,0,222
2025-09-11,Buff Momo,food_main,180,89,3,9,11,0,none,none,0,-0.5655,0,222
2025-09-11,Chicken Chowmein,food_main,190,50,3,9,11,0,none,none,0,-0.5655,0,222
2025-09-11,Veg Thukpa,food_main,170,30,3,9,11,0,none,none,0,-0.5655,0,222
2025-09-11,Club Sandwich,food_main,250,41,3,9,11,0,none,none,0,-0.5655,0,222
2025-09-11,Chicken Burger,food_main,280,25,3,9,11,0,none,none,0,-0.5655,0,222
2025-09-11,French Fries,food_snack,130,31,3,9,11,0,none,none,0,-0.5655,0,222
2025-09-11,Samosa,food_snack,40,37,3,9,11,0,none,none,0,-0.5655,0,222
2025-09-11,Chocolate Cake Slice,food_bakery,160,16,3,9,11,0,none,none,0,-0.5655,0,222
2025-09-11,Croissant,food_bakery,140,8,3,9,11,0,none,none,0,-0.5655,0,222
2025-09-12,Milk Tea (Dudh Chiya),beverage_hot,40,177,4,9,12,0,none,none,0,-0.5512,0,223
2025-09-12,Masala Chiya,beverage_hot,50,123,4,9,12,0,none,none,0,-0.5512,0,223
2025-09-12,Black Tea (Kalo Chiya),beverage_hot,30,55,4,9,12,0,none,none,0,-0.5512,0,223
2025-09-12,Americano,beverage_hot,150,56,4,9,12,0,none,none,0,-0.5512,0,223
2025-09-12,Cappuccino,beverage_hot,190,64,4,9,12,0,none,none,0,-0.5512,0,223
2025-09-12,Cafe Latte,beverage_hot,200,59,4,9,12,0,none,none,0,-0.5512,0,223
2025-09-12,Hot Chocolate,beverage_hot,180,34,4,9,12,0,none,none,0,-0.5512,0,223
2025-09-12,Cold Coffee,beverage_cold,220,37,4,9,12,0,none,none,0,-0.5512,0,223
2025-09-12,Iced Americano,beverage_cold,180,42,4,9,12,0,none,none,0,-0.5512,0,223
2025-09-12,Lassi,beverage_cold,120,47,4,9,12,0,none,none,0,-0.5512,0,223
2025-09-12,Fresh Lime Soda,beverage_cold,100,45,4,9,12,0,none,none,0,-0.5512,0,223
2025-09-12,Veg Momo,food_main,160,77,4,9,12,0,none,none,0,-0.5512,0,223
2025-09-12,Buff Momo,food_main,180,83,4,9,12,0,none,none,0,-0.5512,0,223
2025-09-12,Chicken Chowmein,food_main,190,60,4,9,12,0,none,none,0,-0.5512,0,223
2025-09-12,Veg Thukpa,food_main,170,27,4,9,12,0,none,none,0,-0.5512,0,223
2025-09-12,Club Sandwich,food_main,250,33,4,9,12,0,none,none,0,-0.5512,0,223
2025-09-12,Chicken Burger,food_main,280,35,4,9,12,0,none,none,0,-0.5512,0,223
2025-09-12,French Fries,food_snack,130,58,4,9,12,0,none,none,0,-0.5512,0,223
2025-09-12,Samosa,food_snack,40,29,4,9,12,0,none,none,0,-0.5512,0,223
2025-09-12,Chocolate Cake Slice,food_bakery,160,16,4,9,12,0,none,none,0,-0.5512,0,223
2025-09-12,Croissant,food_bakery,140,13,4,9,12,0,none,none,0,-0.5512,0,223
2025-09-13,Milk Tea (Dudh Chiya),beverage_hot,40,188,5,9,13,1,none,none,0,-0.5368,0,224
2025-09-13,Masala Chiya,beverage_hot,50,134,5,9,13,1,none,none,0,-0.5368,0,224
2025-09-13,Black Tea (Kalo Chiya),beverage_hot,30,65,5,9,13,1,none,none,0,-0.5368,0,224
2025-09-13,Americano,beverage_hot,150,59,5,9,13,1,none,none,0,-0.5368,0,224
2025-09-13,Cappuccino,beverage_hot,190,54,5,9,13,1,none,none,0,-0.5368,0,224
2025-09-13,Cafe Latte,beverage_hot,200,64,5,9,13,1,none,none,0,-0.5368,0,224
2025-09-13,Hot Chocolate,beverage_hot,180,40,5,9,13,1,none,none,0,-0.5368,0,224
2025-09-13,Cold Coffee,beverage_cold,220,70,5,9,13,1,none,none,0,-0.5368,0,224
2025-09-13,Iced Americano,beverage_cold,180,51,5,9,13,1,none,none,0,-0.5368,0,224
2025-09-13,Lassi,beverage_cold,120,49,5,9,13,1,none,none,0,-0.5368,0,224
2025-09-13,Fresh Lime Soda,beverage_cold,100,48,5,9,13,1,none,none,0,-0.5368,0,224
2025-09-13,Veg Momo,food_main,160,88,5,9,13,1,none,none,0,-0.5368,0,224
2025-09-13,Buff Momo,food_main,180,101,5,9,13,1,none,none,0,-0.5368,0,224
2025-09-13,Chicken Chowmein,food_main,190,78,5,9,13,1,none,none,0,-0.5368,0,224
2025-09-13,Veg Thukpa,food_main,170,41,5,9,13,1,none,none,0,-0.5368,0,224
2025-09-13,Club Sandwich,food_main,250,45,5,9,13,1,none,none,0,-0.5368,0,224
2025-09-13,Chicken Burger,food_main,280,39,5,9,13,1,none,none,0,-0.5368,0,224
2025-09-13,French Fries,food_snack,130,64,5,9,13,1,none,none,0,-0.5368,0,224
2025-09-13,Samosa,food_snack,40,47,5,9,13,1,none,none,0,-0.5368,0,224
2025-09-13,Chocolate Cake Slice,food_bakery,160,24,5,9,13,1,none,none,0,-0.5368,0,224
2025-09-13,Croissant,food_bakery,140,14,5,9,13,1,none,none,0,-0.5368,0,224
2025-09-14,Milk Tea (Dudh Chiya),beverage_hot,40,134,6,9,14,0,none,none,0,-0.5222,0,225
2025-09-14,Masala Chiya,beverage_hot,50,85,6,9,14,0,none,none,0,-0.5222,0,225
2025-09-14,Black Tea (Kalo Chiya),beverage_hot,30,46,6,9,14,0,none,none,0,-0.5222,0,225
2025-09-14,Americano,beverage_hot,150,43,6,9,14,0,none,none,0,-0.5222,0,225
2025-09-14,Cappuccino,beverage_hot,190,65,6,9,14,0,none,none,0,-0.5222,0,225
2025-09-14,Cafe Latte,beverage_hot,200,33,6,9,14,0,none,none,0,-0.5222,0,225
2025-09-14,Hot Chocolate,beverage_hot,180,26,6,9,14,0,none,none,0,-0.5222,0,225
2025-09-14,Cold Coffee,beverage_cold,220,41,6,9,14,0,none,none,0,-0.5222,0,225
2025-09-14,Iced Americano,beverage_cold,180,39,6,9,14,0,none,none,0,-0.5222,0,225
2025-09-14,Lassi,beverage_cold,120,42,6,9,14,0,none,none,0,-0.5222,0,225
2025-09-14,Fresh Lime Soda,beverage_cold,100,40,6,9,14,0,none,none,0,-0.5222,0,225
2025-09-14,Veg Momo,food_main,160,54,6,9,14,0,none,none,0,-0.5222,0,225
2025-09-14,Buff Momo,food_main,180,67,6,9,14,0,none,none,0,-0.5222,0,225
2025-09-14,Chicken Chowmein,food_main,190,41,6,9,14,0,none,none,0,-0.5222,0,225
2025-09-14,Veg Thukpa,food_main,170,27,6,9,14,0,none,none,0,-0.5222,0,225
2025-09-14,Club Sandwich,food_main,250,31,6,9,14,0,none,none,0,-0.5222,0,225
2025-09-14,Chicken Burger,food_main,280,23,6,9,14,0,none,none,0,-0.5222,0,225
2025-09-14,French Fries,food_snack,130,37,6,9,14,0,none,none,0,-0.5222,0,225
2025-09-14,Samosa,food_snack,40,28,6,9,14,0,none,none,0,-0.5222,0,225
2025-09-14,Chocolate Cake Slice,food_bakery,160,17,6,9,14,0,none,none,0,-0.5222,0,225
2025-09-14,Croissant,food_bakery,140,7,6,9,14,0,none,none,0,-0.5222,0,225
2025-09-15,Milk Tea (Dudh Chiya),beverage_hot,40,135,0,9,15,0,none,none,0,-0.5074,0,226
2025-09-15,Masala Chiya,beverage_hot,50,107,0,9,15,0,none,none,0,-0.5074,0,226
2025-09-15,Black Tea (Kalo Chiya),beverage_hot,30,45,0,9,15,0,none,none,0,-0.5074,0,226
2025-09-15,Americano,beverage_hot,150,35,0,9,15,0,none,none,0,-0.5074,0,226
2025-09-15,Cappuccino,beverage_hot,190,56,0,9,15,0,none,none,0,-0.5074,0,226
2025-09-15,Cafe Latte,beverage_hot,200,37,0,9,15,0,none,none,0,-0.5074,0,226
2025-09-15,Hot Chocolate,beverage_hot,180,20,0,9,15,0,none,none,0,-0.5074,0,226
2025-09-15,Cold Coffee,beverage_cold,220,49,0,9,15,0,none,none,0,-0.5074,0,226
2025-09-15,Iced Americano,beverage_cold,180,34,0,9,15,0,none,none,0,-0.5074,0,226
2025-09-15,Lassi,beverage_cold,120,40,0,9,15,0,none,none,0,-0.5074,0,226
2025-09-15,Fresh Lime Soda,beverage_cold,100,51,0,9,15,0,none,none,0,-0.5074,0,226
2025-09-15,Veg Momo,food_main,160,54,0,9,15,0,none,none,0,-0.5074,0,226
2025-09-15,Buff Momo,food_main,180,63,0,9,15,0,none,none,0,-0.5074,0,226
2025-09-15,Chicken Chowmein,food_main,190,45,0,9,15,0,none,none,0,-0.5074,0,226
2025-09-15,Veg Thukpa,food_main,170,25,0,9,15,0,none,none,0,-0.5074,0,226
2025-09-15,Club Sandwich,food_main,250,28,0,9,15,0,none,none,0,-0.5074,0,226
2025-09-15,Chicken Burger,food_main,280,29,0,9,15,0,none,none,0,-0.5074,0,226
2025-09-15,French Fries,food_snack,130,35,0,9,15,0,none,none,0,-0.5074,0,226
2025-09-15,Samosa,food_snack,40,32,0,9,15,0,none,none,0,-0.5074,0,226
2025-09-15,Chocolate Cake Slice,food_bakery,160,20,0,9,15,0,none,none,0,-0.5074,0,226
2025-09-15,Croissant,food_bakery,140,16,0,9,15,0,none,none,0,-0.5074,0,226
2025-09-16,Milk Tea (Dudh Chiya),beverage_hot,40,150,1,9,16,0,none,none,0,-0.4925,0,227
2025-09-16,Masala Chiya,beverage_hot,50,74,1,9,16,0,none,none,0,-0.4925,0,227
2025-09-16,Black Tea (Kalo Chiya),beverage_hot,30,47,1,9,16,0,none,none,0,-0.4925,0,227
2025-09-16,Americano,beverage_hot,150,40,1,9,16,0,none,none,0,-0.4925,0,227
2025-09-16,Cappuccino,beverage_hot,190,74,1,9,16,0,none,none,0,-0.4925,0,227
2025-09-16,Cafe Latte,beverage_hot,200,53,1,9,16,0,none,none,0,-0.4925,0,227
2025-09-16,Hot Chocolate,beverage_hot,180,35,1,9,16,0,none,none,0,-0.4925,0,227
2025-09-16,Cold Coffee,beverage_cold,220,49,1,9,16,0,none,none,0,-0.4925,0,227
2025-09-16,Iced Americano,beverage_cold,180,35,1,9,16,0,none,none,0,-0.4925,0,227
2025-09-16,Lassi,beverage_cold,120,40,1,9,16,0,none,none,0,-0.4925,0,227
2025-09-16,Fresh Lime Soda,beverage_cold,100,44,1,9,16,0,none,none,0,-0.4925,0,227
2025-09-16,Veg Momo,food_main,160,58,1,9,16,0,none,none,0,-0.4925,0,227
2025-09-16,Buff Momo,food_main,180,85,1,9,16,0,none,none,0,-0.4925,0,227
2025-09-16,Chicken Chowmein,food_main,190,47,1,9,16,0,none,none,0,-0.4925,0,227
2025-09-16,Veg Thukpa,food_main,170,34,1,9,16,0,none,none,0,-0.4925,0,227
2025-09-16,Club Sandwich,food_main,250,30,1,9,16,0,none,none,0,-0.4925,0,227
2025-09-16,Chicken Burger,food_main,280,30,1,9,16,0,none,none,0,-0.4925,0,227
2025-09-16,French Fries,food_snack,130,53,1,9,16,0,none,none,0,-0.4925,0,227
2025-09-16,Samosa,food_snack,40,36,1,9,16,0,none,none,0,-0.4925,0,227
2025-09-16,Chocolate Cake Slice,food_bakery,160,27,1,9,16,0,none,none,0,-0.4925,0,227
2025-09-16,Croissant,food_bakery,140,16,1,9,16,0,none,none,0,-0.4925,0,227
2025-09-17,Milk Tea (Dudh Chiya),beverage_hot,40,120,2,9,17,0,none,none,0,-0.4775,0,228
2025-09-17,Masala Chiya,beverage_hot,50,71,2,9,17,0,none,none,0,-0.4775,0,228
2025-09-17,Black Tea (Kalo Chiya),beverage_hot,30,32,2,9,17,0,none,none,0,-0.4775,0,228
2025-09-17,Americano,beverage_hot,150,45,2,9,17,0,none,none,0,-0.4775,0,228
2025-09-17,Cappuccino,beverage_hot,190,38,2,9,17,0,none,none,0,-0.4775,0,228
2025-09-17,Cafe Latte,beverage_hot,200,45,2,9,17,0,none,none,0,-0.4775,0,228
2025-09-17,Hot Chocolate,beverage_hot,180,22,2,9,17,0,none,none,0,-0.4775,0,228
2025-09-17,Cold Coffee,beverage_cold,220,47,2,9,17,0,none,none,0,-0.4775,0,228
2025-09-17,Iced Americano,beverage_cold,180,30,2,9,17,0,none,none,0,-0.4775,0,228
2025-09-17,Lassi,beverage_cold,120,22,2,9,17,0,none,none,0,-0.4775,0,228
2025-09-17,Fresh Lime Soda,beverage_cold,100,38,2,9,17,0,none,none,0,-0.4775,0,228
2025-09-17,Veg Momo,food_main,160,64,2,9,17,0,none,none,0,-0.4775,0,228
2025-09-17,Buff Momo,food_main,180,58,2,9,17,0,none,none,0,-0.4775,0,228
2025-09-17,Chicken Chowmein,food_main,190,39,2,9,17,0,none,none,0,-0.4775,0,228
2025-09-17,Veg Thukpa,food_main,170,20,2,9,17,0,none,none,0,-0.4775,0,228
2025-09-17,Club Sandwich,food_main,250,18,2,9,17,0,none,none,0,-0.4775,0,228
2025-09-17,Chicken Burger,food_main,280,24,2,9,17,0,none,none,0,-0.4775,0,228
2025-09-17,French Fries,food_snack,130,34,2,9,17,0,none,none,0,-0.4775,0,228
2025-09-17,Samosa,food_snack,40,36,2,9,17,0,none,none,0,-0.4775,0,228
2025-09-17,Chocolate Cake Slice,food_bakery,160,16,2,9,17,0,none,none,0,-0.4775,0,228
2025-09-17,Croissant,food_bakery,140,11,2,9,17,0,none,none,0,-0.4775,0,228
2025-09-18,Milk Tea (Dudh Chiya),beverage_hot,40,206,3,9,18,0,Dashain,pre_festival,0,-0.4623,0,229
2025-09-18,Masala Chiya,beverage_hot,50,147,3,9,18,0,Dashain,pre_festival,0,-0.4623,0,229
2025-09-18,Black Tea (Kalo Chiya),beverage_hot,30,64,3,9,18,0,Dashain,pre_festival,0,-0.4623,0,229
2025-09-18,Americano,beverage_hot,150,53,3,9,18,0,Dashain,pre_festival,0,-0.4623,0,229
2025-09-18,Cappuccino,beverage_hot,190,74,3,9,18,0,Dashain,pre_festival,0,-0.4623,0,229
2025-09-18,Cafe Latte,beverage_hot,200,58,3,9,18,0,Dashain,pre_festival,0,-0.4623,0,229
2025-09-18,Hot Chocolate,beverage_hot,180,39,3,9,18,0,Dashain,pre_festival,0,-0.4623,0,229
2025-09-18,Cold Coffee,beverage_cold,220,65,3,9,18,0,Dashain,pre_festival,0,-0.4623,0,229
2025-09-18,Iced Americano,beverage_cold,180,50,3,9,18,0,Dashain,pre_festival,0,-0.4623,0,229
2025-09-18,Lassi,beverage_cold,120,50,3,9,18,0,Dashain,pre_festival,0,-0.4623,0,229
2025-09-18,Fresh Lime Soda,beverage_cold,100,53,3,9,18,0,Dashain,pre_festival,0,-0.4623,0,229
2025-09-18,Veg Momo,food_main,160,88,3,9,18,0,Dashain,pre_festival,0,-0.4623,0,229
2025-09-18,Buff Momo,food_main,180,103,3,9,18,0,Dashain,pre_festival,0,-0.4623,0,229
2025-09-18,Chicken Chowmein,food_main,190,57,3,9,18,0,Dashain,pre_festival,0,-0.4623,0,229
2025-09-18,Veg Thukpa,food_main,170,33,3,9,18,0,Dashain,pre_festival,0,-0.4623,0,229
2025-09-18,Club Sandwich,food_main,250,39,3,9,18,0,Dashain,pre_festival,0,-0.4623,0,229
2025-09-18,Chicken Burger,food_main,280,28,3,9,18,0,Dashain,pre_festival,0,-0.4623,0,229
2025-09-18,French Fries,food_snack,130,64,3,9,18,0,Dashain,pre_festival,0,-0.4623,0,229
2025-09-18,Samosa,food_snack,40,55,3,9,18,0,Dashain,pre_festival,0,-0.4623,0,229
2025-09-18,Chocolate Cake Slice,food_bakery,160,17,3,9,18,0,Dashain,pre_festival,0,-0.4623,0,229
2025-09-18,Croissant,food_bakery,140,19,3,9,18,0,Dashain,pre_festival,0,-0.4623,0,229
2025-09-19,Milk Tea (Dudh Chiya),beverage_hot,40,207,4,9,19,0,Dashain,pre_festival,0,-0.447,0,230
2025-09-19,Masala Chiya,beverage_hot,50,118,4,9,19,0,Dashain,pre_festival,0,-0.447,0,230
2025-09-19,Black Tea (Kalo Chiya),beverage_hot,30,59,4,9,19,0,Dashain,pre_festival,0,-0.447,0,230
2025-09-19,Americano,beverage_hot,150,64,4,9,19,0,Dashain,pre_festival,0,-0.447,0,230
2025-09-19,Cappuccino,beverage_hot,190,84,4,9,19,0,Dashain,pre_festival,0,-0.447,0,230
2025-09-19,Cafe Latte,beverage_hot,200,67,4,9,19,0,Dashain,pre_festival,0,-0.447,0,230
2025-09-19,Hot Chocolate,beverage_hot,180,30,4,9,19,0,Dashain,pre_festival,0,-0.447,0,230
2025-09-19,Cold Coffee,beverage_cold,220,64,4,9,19,0,Dashain,pre_festival,0,-0.447,0,230
2025-09-19,Iced Americano,beverage_cold,180,47,4,9,19,0,Dashain,pre_festival,0,-0.447,0,230
2025-09-19,Lassi,beverage_cold,120,55,4,9,19,0,Dashain,pre_festival,0,-0.447,0,230
2025-09-19,Fresh Lime Soda,beverage_cold,100,47,4,9,19,0,Dashain,pre_festival,0,-0.447,0,230
2025-09-19,Veg Momo,food_main,160,86,4,9,19,0,Dashain,pre_festival,0,-0.447,0,230
2025-09-19,Buff Momo,food_main,180,104,4,9,19,0,Dashain,pre_festival,0,-0.447,0,230
2025-09-19,Chicken Chowmein,food_main,190,57,4,9,19,0,Dashain,pre_festival,0,-0.447,0,230
2025-09-19,Veg Thukpa,food_main,170,34,4,9,19,0,Dashain,pre_festival,0,-0.447,0,230
2025-09-19,Club Sandwich,food_main,250,36,4,9,19,0,Dashain,pre_festival,0,-0.447,0,230
2025-09-19,Chicken Burger,food_main,280,28,4,9,19,0,Dashain,pre_festival,0,-0.447,0,230
2025-09-19,French Fries,food_snack,130,68,4,9,19,0,Dashain,pre_festival,0,-0.447,0,230
2025-09-19,Samosa,food_snack,40,53,4,9,19,0,Dashain,pre_festival,0,-0.447,0,230
2025-09-19,Chocolate Cake Slice,food_bakery,160,22,4,9,19,0,Dashain,pre_festival,0,-0.447,0,230
2025-09-19,Croissant,food_bakery,140,19,4,9,19,0,Dashain,pre_festival,0,-0.447,0,230
2025-09-20,Milk Tea (Dudh Chiya),beverage_hot,40,271,5,9,20,1,Dashain,pre_festival,0,-0.4315,0,231
2025-09-20,Masala Chiya,beverage_hot,50,206,5,9,20,1,Dashain,pre_festival,0,-0.4315,0,231
2025-09-20,Black Tea (Kalo Chiya),beverage_hot,30,73,5,9,20,1,Dashain,pre_festival,0,-0.4315,0,231
2025-09-20,Americano,beverage_hot,150,75,5,9,20,1,Dashain,pre_festival,0,-0.4315,0,231
2025-09-20,Cappuccino,beverage_hot,190,109,5,9,20,1,Dashain,pre_festival,0,-0.4315,0,231
2025-09-20,Cafe Latte,beverage_hot,200,85,5,9,20,1,Dashain,pre_festival,0,-0.4315,0,231
2025-09-20,Hot Chocolate,beverage_hot,180,65,5,9,20,1,Dashain,pre_festival,0,-0.4315,0,231
2025-09-20,Cold Coffee,beverage_cold,220,89,5,9,20,1,Dashain,pre_festival,0,-0.4315,0,231
2025-09-20,Iced Americano,beverage_cold,180,63,5,9,20,1,Dashain,pre_festival,0,-0.4315,0,231
2025-09-20,Lassi,beverage_cold,120,65,5,9,20,1,Dashain,pre_festival,0,-0.4315,0,231
2025-09-20,Fresh Lime Soda,beverage_cold,100,88,5,9,20,1,Dashain,pre_festival,0,-0.4315,0,231
2025-09-20,Veg Momo,food_main,160,124,5,9,20,1,Dashain,pre_festival,0,-0.4315,0,231
2025-09-20,Buff Momo,food_main,180,164,5,9,20,1,Dashain,pre_festival,0,-0.4315,0,231
2025-09-20,Chicken Chowmein,food_main,190,87,5,9,20,1,Dashain,pre_festival,0,-0.4315,0,231
2025-09-20,Veg Thukpa,food_main,170,64,5,9,20,1,Dashain,pre_festival,0,-0.4315,0,231
2025-09-20,Club Sandwich,food_main,250,46,5,9,20,1,Dashain,pre_festival,0,-0.4315,0,231
2025-09-20,Chicken Burger,food_main,280,43,5,9,20,1,Dashain,pre_festival,0,-0.4315,0,231
2025-09-20,French Fries,food_snack,130,91,5,9,20,1,Dashain,pre_festival,0,-0.4315,0,231
2025-09-20,Samosa,food_snack,40,80,5,9,20,1,Dashain,pre_festival,0,-0.4315,0,231
2025-09-20,Chocolate Cake Slice,food_bakery,160,41,5,9,20,1,Dashain,pre_festival,0,-0.4315,0,231
2025-09-20,Croissant,food_bakery,140,21,5,9,20,1,Dashain,pre_festival,0,-0.4315,0,231
2025-09-21,Milk Tea (Dudh Chiya),beverage_hot,40,154,6,9,21,0,Dashain,pre_festival,0,-0.4159,0,232
2025-09-21,Masala Chiya,beverage_hot,50,103,6,9,21,0,Dashain,pre_festival,0,-0.4159,0,232
2025-09-21,Black Tea (Kalo Chiya),beverage_hot,30,46,6,9,21,0,Dashain,pre_festival,0,-0.4159,0,232
2025-09-21,Americano,beverage_hot,150,47,6,9,21,0,Dashain,pre_festival,0,-0.4159,0,232
2025-09-21,Cappuccino,beverage_hot,190,52,6,9,21,0,Dashain,pre_festival,0,-0.4159,0,232
2025-09-21,Cafe Latte,beverage_hot,200,59,6,9,21,0,Dashain,pre_festival,0,-0.4159,0,232
2025-09-21,Hot Chocolate,beverage_hot,180,25,6,9,21,0,Dashain,pre_festival,0,-0.4159,0,232
2025-09-21,Cold Coffee,beverage_cold,220,55,6,9,21,0,Dashain,pre_festival,0,-0.4159,0,232
2025-09-21,Iced Americano,beverage_cold,180,28,6,9,21,0,Dashain,pre_festival,0,-0.4159,0,232
2025-09-21,Lassi,beverage_cold,120,42,6,9,21,0,Dashain,pre_festival,0,-0.4159,0,232
2025-09-21,Fresh Lime Soda,beverage_cold,100,41,6,9,21,0,Dashain,pre_festival,0,-0.4159,0,232
2025-09-21,Veg Momo,food_main,160,57,6,9,21,0,Dashain,pre_festival,0,-0.4159,0,232
2025-09-21,Buff Momo,food_main,180,74,6,9,21,0,Dashain,pre_festival,0,-0.4159,0,232
2025-09-21,Chicken Chowmein,food_main,190,40,6,9,21,0,Dashain,pre_festival,0,-0.4159,0,232
2025-09-21,Veg Thukpa,food_main,170,36,6,9,21,0,Dashain,pre_festival,0,-0.4159,0,232
2025-09-21,Club Sandwich,food_main,250,31,6,9,21,0,Dashain,pre_festival,0,-0.4159,0,232
2025-09-21,Chicken Burger,food_main,280,28,6,9,21,0,Dashain,pre_festival,0,-0.4159,0,232
2025-09-21,French Fries,food_snack,130,50,6,9,21,0,Dashain,pre_festival,0,-0.4159,0,232
2025-09-21,Samosa,food_snack,40,60,6,9,21,0,Dashain,pre_festival,0,-0.4159,0,232
2025-09-21,Chocolate Cake Slice,food_bakery,160,15,6,9,21,0,Dashain,pre_festival,0,-0.4159,0,232
2025-09-21,Croissant,food_bakery,140,14,6,9,21,0,Dashain,pre_festival,0,-0.4159,0,232
2025-09-22,Milk Tea (Dudh Chiya),beverage_hot,40,95,0,9,22,0,Dashain,exodus,0,-0.4002,0,233
2025-09-22,Masala Chiya,beverage_hot,50,46,0,9,22,0,Dashain,exodus,0,-0.4002,0,233
2025-09-22,Black Tea (Kalo Chiya),beverage_hot,30,30,0,9,22,0,Dashain,exodus,0,-0.4002,0,233
2025-09-22,Americano,beverage_hot,150,29,0,9,22,0,Dashain,exodus,0,-0.4002,0,233
2025-09-22,Cappuccino,beverage_hot,190,23,0,9,22,0,Dashain,exodus,0,-0.4002,0,233
2025-09-22,Cafe Latte,beverage_hot,200,23,0,9,22,0,Dashain,exodus,0,-0.4002,0,233
2025-09-22,Hot Chocolate,beverage_hot,180,19,0,9,22,0,Dashain,exodus,0,-0.4002,0,233
2025-09-22,Cold Coffee,beverage_cold,220,25,0,9,22,0,Dashain,exodus,0,-0.4002,0,233
2025-09-22,Iced Americano,beverage_cold,180,18,0,9,22,0,Dashain,exodus,0,-0.4002,0,233
2025-09-22,Lassi,beverage_cold,120,18,0,9,22,0,Dashain,exodus,0,-0.4002,0,233
2025-09-22,Fresh Lime Soda,beverage_cold,100,29,0,9,22,0,Dashain,exodus,0,-0.4002,0,233
2025-09-22,Veg Momo,food_main,160,47,0,9,22,0,Dashain,exodus,0,-0.4002,0,233
2025-09-22,Buff Momo,food_main,180,32,0,9,22,0,Dashain,exodus,0,-0.4002,0,233
2025-09-22,Chicken Chowmein,food_main,190,24,0,9,22,0,Dashain,exodus,0,-0.4002,0,233
2025-09-22,Veg Thukpa,food_main,170,13,0,9,22,0,Dashain,exodus,0,-0.4002,0,233
2025-09-22,Club Sandwich,food_main,250,12,0,9,22,0,Dashain,exodus,0,-0.4002,0,233
2025-09-22,Chicken Burger,food_main,280,14,0,9,22,0,Dashain,exodus,0,-0.4002,0,233
2025-09-22,French Fries,food_snack,130,23,0,9,22,0,Dashain,exodus,0,-0.4002,0,233
2025-09-22,Samosa,food_snack,40,14,0,9,22,0,Dashain,exodus,0,-0.4002,0,233
2025-09-22,Chocolate Cake Slice,food_bakery,160,12,0,9,22,0,Dashain,exodus,0,-0.4002,0,233
2025-09-22,Croissant,food_bakery,140,8,0,9,22,0,Dashain,exodus,0,-0.4002,0,233
2025-09-23,Milk Tea (Dudh Chiya),beverage_hot,40,91,1,9,23,0,Dashain,exodus,0,-0.3844,0,234
2025-09-23,Masala Chiya,beverage_hot,50,71,1,9,23,0,Dashain,exodus,0,-0.3844,0,234
2025-09-23,Black Tea (Kalo Chiya),beverage_hot,30,27,1,9,23,0,Dashain,exodus,0,-0.3844,0,234
2025-09-23,Americano,beverage_hot,150,20,1,9,23,0,Dashain,exodus,0,-0.3844,0,234
2025-09-23,Cappuccino,beverage_hot,190,30,1,9,23,0,Dashain,exodus,0,-0.3844,0,234
2025-09-23,Cafe Latte,beverage_hot,200,19,1,9,23,0,Dashain,exodus,0,-0.3844,0,234
2025-09-23,Hot Chocolate,beverage_hot,180,20,1,9,23,0,Dashain,exodus,0,-0.3844,0,234
2025-09-23,Cold Coffee,beverage_cold,220,17,1,9,23,0,Dashain,exodus,0,-0.3844,0,234
2025-09-23,Iced Americano,beverage_cold,180,16,1,9,23,0,Dashain,exodus,0,-0.3844,0,234
2025-09-23,Lassi,beverage_cold,120,22,1,9,23,0,Dashain,exodus,0,-0.3844,0,234
2025-09-23,Fresh Lime Soda,beverage_cold,100,21,1,9,23,0,Dashain,exodus,0,-0.3844,0,234
2025-09-23,Veg Momo,food_main,160,40,1,9,23,0,Dashain,exodus,0,-0.3844,0,234
2025-09-23,Buff Momo,food_main,180,29,1,9,23,0,Dashain,exodus,0,-0.3844,0,234
2025-09-23,Chicken Chowmein,food_main,190,29,1,9,23,0,Dashain,exodus,0,-0.3844,0,234
2025-09-23,Veg Thukpa,food_main,170,11,1,9,23,0,Dashain,exodus,0,-0.3844,0,234
2025-09-23,Club Sandwich,food_main,250,20,1,9,23,0,Dashain,exodus,0,-0.3844,0,234
2025-09-23,Chicken Burger,food_main,280,15,1,9,23,0,Dashain,exodus,0,-0.3844,0,234
2025-09-23,French Fries,food_snack,130,33,1,9,23,0,Dashain,exodus,0,-0.3844,0,234
2025-09-23,Samosa,food_snack,40,25,1,9,23,0,Dashain,exodus,0,-0.3844,0,234
2025-09-23,Chocolate Cake Slice,food_bakery,160,11,1,9,23,0,Dashain,exodus,0,-0.3844,0,234
2025-09-23,Croissant,food_bakery,140,11,1,9,23,0,Dashain,exodus,0,-0.3844,0,234
2025-09-24,Milk Tea (Dudh Chiya),beverage_hot,40,110,2,9,24,0,Dashain,exodus,0,-0.3685,0,235
2025-09-24,Masala Chiya,beverage_hot,50,71,2,9,24,0,Dashain,exodus,0,-0.3685,0,235
2025-09-24,Black Tea (Kalo Chiya),beverage_hot,30,30,2,9,24,0,Dashain,exodus,0,-0.3685,0,235
2025-09-24,Americano,beverage_hot,150,46,2,9,24,0,Dashain,exodus,0,-0.3685,0,235
2025-09-24,Cappuccino,beverage_hot,190,38,2,9,24,0,Dashain,exodus,0,-0.3685,0,235
2025-09-24,Cafe Latte,beverage_hot,200,26,2,9,24,0,Dashain,exodus,0,-0.3685,0,235
2025-09-24,Hot Chocolate,beverage_hot,180,11,2,9,24,0,Dashain,exodus,0,-0.3685,0,235
2025-09-24,Cold Coffee,beverage_cold,220,30,2,9,24,0,Dashain,exodus,0,-0.3685,0,235
2025-09-24,Iced Americano,beverage_cold,180,18,2,9,24,0,Dashain,exodus,0,-0.3685,0,235
2025-09-24,Lassi,beverage_cold,120,22,2,9,24,0,Dashain,exodus,0,-0.3685,0,235
2025-09-24,Fresh Lime Soda,beverage_cold,100,32,2,9,24,0,Dashain,exodus,0,-0.3685,0,235
2025-09-24,Veg Momo,food_main,160,45,2,9,24,0,Dashain,exodus,0,-0.3685,0,235
2025-09-24,Buff Momo,food_main,180,41,2,9,24,0,Dashain,exodus,0,-0.3685,0,235
2025-09-24,Chicken Chowmein,food_main,190,37,2,9,24,0,Dashain,exodus,0,-0.3685,0,235
2025-09-24,Veg Thukpa,food_main,170,14,2,9,24,0,Dashain,exodus,0,-0.3685,0,235
2025-09-24,Club Sandwich,food_main,250,25,2,9,24,0,Dashain,exodus,0,-0.3685,0,235
2025-09-24,Chicken Burger,food_main,280,14,2,9,24,0,Dashain,exodus,0,-0.3685,0,235
2025-09-24,French Fries,food_snack,130,27,2,9,24,0,Dashain,exodus,0,-0.3685,0,235
2025-09-24,Samosa,food_snack,40,22,2,9,24,0,Dashain,exodus,0,-0.3685,0,235
2025-09-24,Chocolate Cake Slice,food_bakery,160,13,2,9,24,0,Dashain,exodus,0,-0.3685,0,235
2025-09-24,Croissant,food_bakery,140,7,2,9,24,0,Dashain,exodus,0,-0.3685,0,235
2025-09-25,Milk Tea (Dudh Chiya),beverage_hot,40,84,3,9,25,0,Dashain,exodus,0,-0.3524,0,236
2025-09-25,Masala Chiya,beverage_hot,50,62,3,9,25,0,Dashain,exodus,0,-0.3524,0,236
2025-09-25,Black Tea (Kalo Chiya),beverage_hot,30,15,3,9,25,0,Dashain,exodus,0,-0.3524,0,236
2025-09-25,Americano,beverage_hot,150,15,3,9,25,0,Dashain,exodus,0,-0.3524,0,236
2025-09-25,Cappuccino,beverage_hot,190,29,3,9,25,0,Dashain,exodus,0,-0.3524,0,236
2025-09-25,Cafe Latte,beverage_hot,200,29,3,9,25,0,Dashain,exodus,0,-0.3524,0,236
2025-09-25,Hot Chocolate,beverage_hot,180,13,3,9,25,0,Dashain,exodus,0,-0.3524,0,236
2025-09-25,Cold Coffee,beverage_cold,220,25,3,9,25,0,Dashain,exodus,0,-0.3524,0,236
2025-09-25,Iced Americano,beverage_cold,180,16,3,9,25,0,Dashain,exodus,0,-0.3524,0,236
2025-09-25,Lassi,beverage_cold,120,17,3,9,25,0,Dashain,exodus,0,-0.3524,0,236
2025-09-25,Fresh Lime Soda,beverage_cold,100,23,3,9,25,0,Dashain,exodus,0,-0.3524,0,236
2025-09-25,Veg Momo,food_main,160,42,3,9,25,0,Dashain,exodus,0,-0.3524,0,236
2025-09-25,Buff Momo,food_main,180,32,3,9,25,0,Dashain,exodus,0,-0.3524,0,236
2025-09-25,Chicken Chowmein,food_main,190,32,3,9,25,0,Dashain,exodus,0,-0.3524,0,236
2025-09-25,Veg Thukpa,food_main,170,8,3,9,25,0,Dashain,exodus,0,-0.3524,0,236
2025-09-25,Club Sandwich,food_main,250,8,3,9,25,0,Dashain,exodus,0,-0.3524,0,236
2025-09-25,Chicken Burger,food_main,280,11,3,9,25,0,Dashain,exodus,0,-0.3524,0,236
2025-09-25,French Fries,food_snack,130,21,3,9,25,0,Dashain,exodus,0,-0.3524,0,236
2025-09-25,Samosa,food_snack,40,20,3,9,25,0,Dashain,exodus,0,-0.3524,0,236
2025-09-25,Chocolate Cake Slice,food_bakery,160,7,3,9,25,0,Dashain,exodus,0,-0.3524,0,236
2025-09-25,Croissant,food_bakery,140,7,3,9,25,0,Dashain,exodus,0,-0.3524,0,236
2025-09-26,Milk Tea (Dudh Chiya),beverage_hot,40,95,4,9,26,0,Dashain,exodus,0,-0.3363,0,237
2025-09-26,Masala Chiya,beverage_hot,50,55,4,9,26,0,Dashain,exodus,0,-0.3363,0,237
2025-09-26,Black Tea (Kalo Chiya),beverage_hot,30,29,4,9,26,0,Dashain,exodus,0,-0.3363,0,237
2025-09-26,Americano,beverage_hot,150,37,4,9,26,0,Dashain,exodus,0,-0.3363,0,237
2025-09-26,Cappuccino,beverage_hot,190,40,4,9,26,0,Dashain,exodus,0,-0.3363,0,237
2025-09-26,Cafe Latte,beverage_hot,200,34,4,9,26,0,Dashain,exodus,0,-0.3363,0,237
2025-09-26,Hot Chocolate,beverage_hot,180,20,4,9,26,0,Dashain,exodus,0,-0.3363,0,237
2025-09-26,Cold Coffee,beverage_cold,220,37,4,9,26,0,Dashain,exodus,0,-0.3363,0,237
2025-09-26,Iced Americano,beverage_cold,180,24,4,9,26,0,Dashain,exodus,0,-0.3363,0,237
2025-09-26,Lassi,beverage_cold,120,20,4,9,26,0,Dashain,exodus,0,-0.3363,0,237
2025-09-26,Fresh Lime Soda,beverage_cold,100,37,4,9,26,0,Dashain,exodus,0,-0.3363,0,237
2025-09-26,Veg Momo,food_main,160,36,4,9,26,0,Dashain,exodus,0,-0.3363,0,237
2025-09-26,Buff Momo,food_main,180,49,4,9,26,0,Dashain,exodus,0,-0.3363,0,237
2025-09-26,Chicken Chowmein,food_main,190,26,4,9,26,0,Dashain,exodus,0,-0.3363,0,237
2025-09-26,Veg Thukpa,food_main,170,24,4,9,26,0,Dashain,exodus,0,-0.3363,0,237
2025-09-26,Club Sandwich,food_main,250,20,4,9,26,0,Dashain,exodus,0,-0.3363,0,237
2025-09-26,Chicken Burger,food_main,280,20,4,9,26,0,Dashain,exodus,0,-0.3363,0,237
2025-09-26,French Fries,food_snack,130,35,4,9,26,0,Dashain,exodus,0,-0.3363,0,237
2025-09-26,Samosa,food_snack,40,21,4,9,26,0,Dashain,exodus,0,-0.3363,0,237
2025-09-26,Chocolate Cake Slice,food_bakery,160,10,4,9,26,0,Dashain,exodus,0,-0.3363,0,237
2025-09-26,Croissant,food_bakery,140,4,4,9,26,0,Dashain,exodus,0,-0.3363,0,237
2025-09-27,Milk Tea (Dudh Chiya),beverage_hot,40,117,5,9,27,1,Dashain,exodus,0,-0.32,0,238
2025-09-27,Masala Chiya,beverage_hot,50,61,5,9,27,1,Dashain,exodus,0,-0.32,0,238
2025-09-27,Black Tea (Kalo Chiya),beverage_hot,30,32,5,9,27,1,Dashain,exodus,0,-0.32,0,238
2025-09-27,Americano,beverage_hot,150,33,5,9,27,1,Dashain,exodus,0,-0.32,0,238
2025-09-27,Cappuccino,beverage_hot,190,32,5,9,27,1,Dashain,exodus,0,-0.32,0,238
2025-09-27,Cafe Latte,beverage_hot,200,28,5,9,27,1,Dashain,exodus,0,-0.32,0,238
2025-09-27,Hot Chocolate,beverage_hot,180,23,5,9,27,1,Dashain,exodus,0,-0.32,0,238
2025-09-27,Cold Coffee,beverage_cold,220,35,5,9,27,1,Dashain,exodus,0,-0.32,0,238
2025-09-27,Iced Americano,beverage_cold,180,19,5,9,27,1,Dashain,exodus,0,-0.32,0,238
2025-09-27,Lassi,beverage_cold,120,27,5,9,27,1,Dashain,exodus,0,-0.32,0,238
2025-09-27,Fresh Lime Soda,beverage_cold,100,20,5,9,27,1,Dashain,exodus,0,-0.32,0,238
2025-09-27,Veg Momo,food_main,160,34,5,9,27,1,Dashain,exodus,0,-0.32,0,238
2025-09-27,Buff Momo,food_main,180,51,5,9,27,1,Dashain,exodus,0,-0.32,0,238
2025-09-27,Chicken Chowmein,food_main,190,31,5,9,27,1,Dashain,exodus,0,-0.32,0,238
2025-09-27,Veg Thukpa,food_main,170,22,5,9,27,1,Dashain,exodus,0,-0.32,0,238
2025-09-27,Club Sandwich,food_main,250,19,5,9,27,1,Dashain,exodus,0,-0.32,0,238
2025-09-27,Chicken Burger,food_main,280,20,5,9,27,1,Dashain,exodus,0,-0.32,0,238
2025-09-27,French Fries,food_snack,130,27,5,9,27,1,Dashain,exodus,0,-0.32,0,238
2025-09-27,Samosa,food_snack,40,31,5,9,27,1,Dashain,exodus,0,-0.32,0,238
2025-09-27,Chocolate Cake Slice,food_bakery,160,14,5,9,27,1,Dashain,exodus,0,-0.32,0,238
2025-09-27,Croissant,food_bakery,140,7,5,9,27,1,Dashain,exodus,0,-0.32,0,238
2025-09-28,Milk Tea (Dudh Chiya),beverage_hot,40,92,6,9,28,0,Dashain,exodus,0,-0.3037,0,239
2025-09-28,Masala Chiya,beverage_hot,50,64,6,9,28,0,Dashain,exodus,0,-0.3037,0,239
2025-09-28,Black Tea (Kalo Chiya),beverage_hot,30,28,6,9,28,0,Dashain,exodus,0,-0.3037,0,239
2025-09-28,Americano,beverage_hot,150,34,6,9,28,0,Dashain,exodus,0,-0.3037,0,239
2025-09-28,Cappuccino,beverage_hot,190,32,6,9,28,0,Dashain,exodus,0,-0.3037,0,239
2025-09-28,Cafe Latte,beverage_hot,200,24,6,9,28,0,Dashain,exodus,0,-0.3037,0,239
2025-09-28,Hot Chocolate,beverage_hot,180,9,6,9,28,0,Dashain,exodus,0,-0.3037,0,239
2025-09-28,Cold Coffee,beverage_cold,220,28,6,9,28,0,Dashain,exodus,0,-0.3037,0,239
2025-09-28,Iced Americano,beverage_cold,180,17,6,9,28,0,Dashain,exodus,0,-0.3037,0,239
2025-09-28,Lassi,beverage_cold,120,29,6,9,28,0,Dashain,exodus,0,-0.3037,0,239
2025-09-28,Fresh Lime Soda,beverage_cold,100,37,6,9,28,0,Dashain,exodus,0,-0.3037,0,239
2025-09-28,Veg Momo,food_main,160,33,6,9,28,0,Dashain,exodus,0,-0.3037,0,239
2025-09-28,Buff Momo,food_main,180,56,6,9,28,0,Dashain,exodus,0,-0.3037,0,239
2025-09-28,Chicken Chowmein,food_main,190,38,6,9,28,0,Dashain,exodus,0,-0.3037,0,239
2025-09-28,Veg Thukpa,food_main,170,16,6,9,28,0,Dashain,exodus,0,-0.3037,0,239
2025-09-28,Club Sandwich,food_main,250,17,6,9,28,0,Dashain,exodus,0,-0.3037,0,239
2025-09-28,Chicken Burger,food_main,280,19,6,9,28,0,Dashain,exodus,0,-0.3037,0,239
2025-09-28,French Fries,food_snack,130,25,6,9,28,0,Dashain,exodus,0,-0.3037,0,239
2025-09-28,Samosa,food_snack,40,24,6,9,28,0,Dashain,exodus,0,-0.3037,0,239
2025-09-28,Chocolate Cake Slice,food_bakery,160,9,6,9,28,0,Dashain,exodus,0,-0.3037,0,239
2025-09-28,Croissant,food_bakery,140,8,6,9,28,0,Dashain,exodus,0,-0.3037,0,239
2025-09-29,Milk Tea (Dudh Chiya),beverage_hot,40,79,0,9,29,0,Dashain,exodus,0,-0.2873,0,240
2025-09-29,Masala Chiya,beverage_hot,50,57,0,9,29,0,Dashain,exodus,0,-0.2873,0,240
2025-09-29,Black Tea (Kalo Chiya),beverage_hot,30,20,0,9,29,0,Dashain,exodus,0,-0.2873,0,240
2025-09-29,Americano,beverage_hot,150,21,0,9,29,0,Dashain,exodus,0,-0.2873,0,240
2025-09-29,Cappuccino,beverage_hot,190,25,0,9,29,0,Dashain,exodus,0,-0.2873,0,240
2025-09-29,Cafe Latte,beverage_hot,200,23,0,9,29,0,Dashain,exodus,0,-0.2873,0,240
2025-09-29,Hot Chocolate,beverage_hot,180,18,0,9,29,0,Dashain,exodus,0,-0.2873,0,240
2025-09-29,Cold Coffee,beverage_cold,220,24,0,9,29,0,Dashain,exodus,0,-0.2873,0,240
2025-09-29,Iced Americano,beverage_cold,180,24,0,9,29,0,Dashain,exodus,0,-0.2873,0,240
2025-09-29,Lassi,beverage_cold,120,14,0,9,29,0,Dashain,exodus,0,-0.2873,0,240
2025-09-29,Fresh Lime Soda,beverage_cold,100,26,0,9,29,0,Dashain,exodus,0,-0.2873,0,240
2025-09-29,Veg Momo,food_main,160,49,0,9,29,0,Dashain,exodus,0,-0.2873,0,240
2025-09-29,Buff Momo,food_main,180,46,0,9,29,0,Dashain,exodus,0,-0.2873,0,240
2025-09-29,Chicken Chowmein,food_main,190,31,0,9,29,0,Dashain,exodus,0,-0.2873,0,240
2025-09-29,Veg Thukpa,food_main,170,16,0,9,29,0,Dashain,exodus,0,-0.2873,0,240
2025-09-29,Club Sandwich,food_main,250,21,0,9,29,0,Dashain,exodus,0,-0.2873,0,240
2025-09-29,Chicken Burger,food_main,280,15,0,9,29,0,Dashain,exodus,0,-0.2873,0,240
2025-09-29,French Fries,food_snack,130,31,0,9,29,0,Dashain,exodus,0,-0.2873,0,240
2025-09-29,Samosa,food_snack,40,16,0,9,29,0,Dashain,exodus,0,-0.2873,0,240
2025-09-29,Chocolate Cake Slice,food_bakery,160,10,0,9,29,0,Dashain,exodus,0,-0.2873,0,240
2025-09-29,Croissant,food_bakery,140,5,0,9,29,0,Dashain,exodus,0,-0.2873,0,240
2025-09-30,Milk Tea (Dudh Chiya),beverage_hot,40,63,1,9,30,0,Dashain,exodus,0,-0.2707,0,241
2025-09-30,Masala Chiya,beverage_hot,50,65,1,9,30,0,Dashain,exodus,0,-0.2707,0,241
2025-09-30,Black Tea (Kalo Chiya),beverage_hot,30,22,1,9,30,0,Dashain,exodus,0,-0.2707,0,241
2025-09-30,Americano,beverage_hot,150,20,1,9,30,0,Dashain,exodus,0,-0.2707,0,241
2025-09-30,Cappuccino,beverage_hot,190,35,1,9,30,0,Dashain,exodus,0,-0.2707,0,241
2025-09-30,Cafe Latte,beverage_hot,200,25,1,9,30,0,Dashain,exodus,0,-0.2707,0,241
2025-09-30,Hot Chocolate,beverage_hot,180,11,1,9,30,0,Dashain,exodus,0,-0.2707,0,241
2025-09-30,Cold Coffee,beverage_cold,220,31,1,9,30,0,Dashain,exodus,0,-0.2707,0,241
2025-09-30,Iced Americano,beverage_cold,180,20,1,9,30,0,Dashain,exodus,0,-0.2707,0,241
2025-09-30,Lassi,beverage_cold,120,20,1,9,30,0,Dashain,exodus,0,-0.2707,0,241
2025-09-30,Fresh Lime Soda,beverage_cold,100,26,1,9,30,0,Dashain,exodus,0,-0.2707,0,241
2025-09-30,Veg Momo,food_main,160,41,1,9,30,0,Dashain,exodus,0,-0.2707,0,241
2025-09-30,Buff Momo,food_main,180,39,1,9,30,0,Dashain,exodus,0,-0.2707,0,241
2025-09-30,Chicken Chowmein,food_main,190,38,1,9,30,0,Dashain,exodus,0,-0.2707,0,241
2025-09-30,Veg Thukpa,food_main,170,10,1,9,30,0,Dashain,exodus,0,-0.2707,0,241
2025-09-30,Club Sandwich,food_main,250,19,1,9,30,0,Dashain,exodus,0,-0.2707,0,241
2025-09-30,Chicken Burger,food_main,280,6,1,9,30,0,Dashain,exodus,0,-0.2707,0,241
2025-09-30,French Fries,food_snack,130,28,1,9,30,0,Dashain,exodus,0,-0.2707,0,241
2025-09-30,Samosa,food_snack,40,27,1,9,30,0,Dashain,exodus,0,-0.2707,0,241
2025-09-30,Chocolate Cake Slice,food_bakery,160,6,1,9,30,0,Dashain,exodus,0,-0.2707,0,241
2025-09-30,Croissant,food_bakery,140,8,1,9,30,0,Dashain,exodus,0,-0.2707,0,241
2025-10-01,Milk Tea (Dudh Chiya),beverage_hot,40,100,2,10,1,0,Dashain,exodus,0,-0.2541,0,242
2025-10-01,Masala Chiya,beverage_hot,50,74,2,10,1,0,Dashain,exodus,0,-0.2541,0,242
2025-10-01,Black Tea (Kalo Chiya),beverage_hot,30,28,2,10,1,0,Dashain,exodus,0,-0.2541,0,242
2025-10-01,Americano,beverage_hot,150,29,2,10,1,0,Dashain,exodus,0,-0.2541,0,242
2025-10-01,Cappuccino,beverage_hot,190,32,2,10,1,0,Dashain,exodus,0,-0.2541,0,242
2025-10-01,Cafe Latte,beverage_hot,200,35,2,10,1,0,Dashain,exodus,0,-0.2541,0,242
2025-10-01,Hot Chocolate,beverage_hot,180,21,2,10,1,0,Dashain,exodus,0,-0.2541,0,242
2025-10-01,Cold Coffee,beverage_cold,220,34,2,10,1,0,Dashain,exodus,0,-0.2541,0,242
2025-10-01,Iced Americano,beverage_cold,180,25,2,10,1,0,Dashain,exodus,0,-0.2541,0,242
2025-10-01,Lassi,beverage_cold,120,19,2,10,1,0,Dashain,exodus,0,-0.2541,0,242
2025-10-01,Fresh Lime Soda,beverage_cold,100,24,2,10,1,0,Dashain,exodus,0,-0.2541,0,242
2025-10-01,Veg Momo,food_main,160,45,2,10,1,0,Dashain,exodus,0,-0.2541,0,242
2025-10-01,Buff Momo,food_main,180,32,2,10,1,0,Dashain,exodus,0,-0.2541,0,242
2025-10-01,Chicken Chowmein,food_main,190,35,2,10,1,0,Dashain,exodus,0,-0.2541,0,242
2025-10-01,Veg Thukpa,food_main,170,16,2,10,1,0,Dashain,exodus,0,-0.2541,0,242
2025-10-01,Club Sandwich,food_main,250,9,2,10,1,0,Dashain,exodus,0,-0.2541,0,242
2025-10-01,Chicken Burger,food_main,280,17,2,10,1,0,Dashain,exodus,0,-0.2541,0,242
2025-10-01,French Fries,food_snack,130,22,2,10,1,0,Dashain,exodus,0,-0.2541,0,242
2025-10-01,Samosa,food_snack,40,22,2,10,1,0,Dashain,exodus,0,-0.2541,0,242
2025-10-01,Chocolate Cake Slice,food_bakery,160,10,2,10,1,0,Dashain,exodus,0,-0.2541,0,242
2025-10-01,Croissant,food_bakery,140,12,2,10,1,0,Dashain,exodus,0,-0.2541,0,242
2025-10-02,Milk Tea (Dudh Chiya),beverage_hot,40,79,3,10,2,0,Dashain,exodus,0,-0.2375,0,243
2025-10-02,Masala Chiya,beverage_hot,50,64,3,10,2,0,Dashain,exodus,0,-0.2375,0,243
2025-10-02,Black Tea (Kalo Chiya),beverage_hot,30,35,3,10,2,0,Dashain,exodus,0,-0.2375,0,243
2025-10-02,Americano,beverage_hot,150,33,3,10,2,0,Dashain,exodus,0,-0.2375,0,243
2025-10-02,Cappuccino,beverage_hot,190,35,3,10,2,0,Dashain,exodus,0,-0.2375,0,243
2025-10-02,Cafe Latte,beverage_hot,200,28,3,10,2,0,Dashain,exodus,0,-0.2375,0,243
2025-10-02,Hot Chocolate,beverage_hot,180,12,3,10,2,0,Dashain,exodus,0,-0.2375,0,243
2025-10-02,Cold Coffee,beverage_cold,220,27,3,10,2,0,Dashain,exodus,0,-0.2375,0,243
2025-10-02,Iced Americano,beverage_cold,180,25,3,10,2,0,Dashain,exodus,0,-0.2375,0,243
2025-10-02,Lassi,beverage_cold,120,27,3,10,2,0,Dashain,exodus,0,-0.2375,0,243
2025-10-02,Fresh Lime Soda,beverage_cold,100,25,3,10,2,0,Dashain,exodus,0,-0.2375,0,243
2025-10-02,Veg Momo,food_main,160,37,3,10,2,0,Dashain,exodus,0,-0.2375,0,243
2025-10-02,Buff Momo,food_main,180,47,3,10,2,0,Dashain,exodus,0,-0.2375,0,243
2025-10-02,Chicken Chowmein,food_main,190,43,3,10,2,0,Dashain,exodus,0,-0.2375,0,243
2025-10-02,Veg Thukpa,food_main,170,17,3,10,2,0,Dashain,exodus,0,-0.2375,0,243
2025-10-02,Club Sandwich,food_main,250,16,3,10,2,0,Dashain,exodus,0,-0.2375,0,243
2025-10-02,Chicken Burger,food_main,280,18,3,10,2,0,Dashain,exodus,0,-0.2375,0,243
2025-10-02,French Fries,food_snack,130,32,3,10,2,0,Dashain,exodus,0,-0.2375,0,243
2025-10-02,Samosa,food_snack,40,29,3,10,2,0,Dashain,exodus,0,-0.2375,0,243
2025-10-02,Chocolate Cake Slice,food_bakery,160,7,3,10,2,0,Dashain,exodus,0,-0.2375,0,243
2025-10-02,Croissant,food_bakery,140,13,3,10,2,0,Dashain,exodus,0,-0.2375,0,243
2025-10-03,Milk Tea (Dudh Chiya),beverage_hot,40,107,4,10,3,0,Dashain,exodus,0,-0.2207,0,244
2025-10-03,Masala Chiya,beverage_hot,50,64,4,10,3,0,Dashain,exodus,0,-0.2207,0,244
2025-10-03,Black Tea (Kalo Chiya),beverage_hot,30,35,4,10,3,0,Dashain,exodus,0,-0.2207,0,244
2025-10-03,Americano,beverage_hot,150,36,4,10,3,0,Dashain,exodus,0,-0.2207,0,244
2025-10-03,Cappuccino,beverage_hot,190,48,4,10,3,0,Dashain,exodus,0,-0.2207,0,244
2025-10-03,Cafe Latte,beverage_hot,200,28,4,10,3,0,Dashain,exodus,0,-0.2207,0,244
2025-10-03,Hot Chocolate,beverage_hot,180,32,4,10,3,0,Dashain,exodus,0,-0.2207,0,244
2025-10-03,Cold Coffee,beverage_cold,220,18,4,10,3,0,Dashain,exodus,0,-0.2207,0,244
2025-10-03,Iced Americano,beverage_cold,180,24,4,10,3,0,Dashain,exodus,0,-0.2207,0,244
2025-10-03,Lassi,beverage_cold,120,27,4,10,3,0,Dashain,exodus,0,-0.2207,0,244
2025-10-03,Fresh Lime Soda,beverage_cold,100,29,4,10,3,0,Dashain,exodus,0,-0.2207,0,244
2025-10-03,Veg Momo,food_main,160,40,4,10,3,0,Dashain,exodus,0,-0.2207,0,244
2025-10-03,Buff Momo,food_main,180,43,4,10,3,0,Dashain,exodus,0,-0.2207,0,244
2025-10-03,Chicken Chowmein,food_main,190,24,4,10,3,0,Dashain,exodus,0,-0.2207,0,244
2025-10-03,Veg Thukpa,food_main,170,19,4,10,3,0,Dashain,exodus,0,-0.2207,0,244
2025-10-03,Club Sandwich,food_main,250,24,4,10,3,0,Dashain,exodus,0,-0.2207,0,244
2025-10-03,Chicken Burger,food_main,280,12,4,10,3,0,Dashain,exodus,0,-0.2207,0,244
2025-10-03,French Fries,food_snack,130,28,4,10,3,0,Dashain,exodus,0,-0.2207,0,244
2025-10-03,Samosa,food_snack,40,26,4,10,3,0,Dashain,exodus,0,-0.2207,0,244
2025-10-03,Chocolate Cake Slice,food_bakery,160,9,4,10,3,0,Dashain,exodus,0,-0.2207,0,244
2025-10-03,Croissant,food_bakery,140,11,4,10,3,0,Dashain,exodus,0,-0.2207,0,244
2025-10-04,Milk Tea (Dudh Chiya),beverage_hot,40,106,5,10,4,1,Dashain,exodus,0,-0.2039,0,245
2025-10-04,Masala Chiya,beverage_hot,50,80,5,10,4,1,Dashain,exodus,0,-0.2039,0,245
2025-10-04,Black Tea (Kalo Chiya),beverage_hot,30,32,5,10,4,1,Dashain,exodus,0,-0.2039,0,245
2025-10-04,Americano,beverage_hot,150,42,5,10,4,1,Dashain,exodus,0,-0.2039,0,245
2025-10-04,Cappuccino,beverage_hot,190,51,5,10,4,1,Dashain,exodus,0,-0.2039,0,245
2025-10-04,Cafe Latte,beverage_hot,200,43,5,10,4,1,Dashain,exodus,0,-0.2039,0,245
2025-10-04,Hot Chocolate,beverage_hot,180,24,5,10,4,1,Dashain,exodus,0,-0.2039,0,245
2025-10-04,Cold Coffee,beverage_cold,220,42,5,10,4,1,Dashain,exodus,0,-0.2039,0,245
2025-10-04,Iced Americano,beverage_cold,180,28,5,10,4,1,Dashain,exodus,0,-0.2039,0,245
2025-10-04,Lassi,beverage_cold,120,41,5,10,4,1,Dashain,exodus,0,-0.2039,0,245
2025-10-04,Fresh Lime Soda,beverage_cold,100,26,5,10,4,1,Dashain,exodus,0,-0.2039,0,245
2025-10-04,Veg Momo,food_main,160,47,5,10,4,1,Dashain,exodus,0,-0.2039,0,245
2025-10-04,Buff Momo,food_main,180,48,5,10,4,1,Dashain,exodus,0,-0.2039,0,245
2025-10-04,Chicken Chowmein,food_main,190,53,5,10,4,1,Dashain,exodus,0,-0.2039,0,245
2025-10-04,Veg Thukpa,food_main,170,26,5,10,4,1,Dashain,exodus,0,-0.2039,0,245
2025-10-04,Club Sandwich,food_main,250,21,5,10,4,1,Dashain,exodus,0,-0.2039,0,245
2025-10-04,Chicken Burger,food_main,280,14,5,10,4,1,Dashain,exodus,0,-0.2039,0,245
2025-10-04,French Fries,food_snack,130,41,5,10,4,1,Dashain,exodus,0,-0.2039,0,245
2025-10-04,Samosa,food_snack,40,33,5,10,4,1,Dashain,exodus,0,-0.2039,0,245
2025-10-04,Chocolate Cake Slice,food_bakery,160,15,5,10,4,1,Dashain,exodus,0,-0.2039,0,245
2025-10-04,Croissant,food_bakery,140,11,5,10,4,1,Dashain,exodus,0,-0.2039,0,245
2025-10-05,Milk Tea (Dudh Chiya),beverage_hot,40,72,6,10,5,0,Dashain,exodus,0,-0.187,0,246
2025-10-05,Masala Chiya,beverage_hot,50,41,6,10,5,0,Dashain,exodus,0,-0.187,0,246
2025-10-05,Black Tea (Kalo Chiya),beverage_hot,30,18,6,10,5,0,Dashain,exodus,0,-0.187,0,246
2025-10-05,Americano,beverage_hot,150,25,6,10,5,0,Dashain,exodus,0,-0.187,0,246
2025-10-05,Cappuccino,beverage_hot,190,26,6,10,5,0,Dashain,exodus,0,-0.187,0,246
2025-10-05,Cafe Latte,beverage_hot,200,33,6,10,5,0,Dashain,exodus,0,-0.187,0,246
2025-10-05,Hot Chocolate,beverage_hot,180,17,6,10,5,0,Dashain,exodus,0,-0.187,1,246
2025-10-05,Cold Coffee,beverage_cold,220,26,6,10,5,0,Dashain,exodus,0,-0.187,0,246
2025-10-05,Iced Americano,beverage_cold,180,21,6,10,5,0,Dashain,exodus,0,-0.187,0,246
2025-10-05,Lassi,beverage_cold,120,17,6,10,5,0,Dashain,exodus,0,-0.187,0,246
2025-10-05,Fresh Lime Soda,beverage_cold,100,21,6,10,5,0,Dashain,exodus,0,-0.187,0,246
2025-10-05,Veg Momo,food_main,160,36,6,10,5,0,Dashain,exodus,0,-0.187,0,246
2025-10-05,Buff Momo,food_main,180,50,6,10,5,0,Dashain,exodus,0,-0.187,0,246
2025-10-05,Chicken Chowmein,food_main,190,22,6,10,5,0,Dashain,exodus,0,-0.187,0,246
2025-10-05,Veg Thukpa,food_main,170,13,6,10,5,0,Dashain,exodus,0,-0.187,0,246
2025-10-05,Club Sandwich,food_main,250,11,6,10,5,0,Dashain,exodus,0,-0.187,0,246
2025-10-05,Chicken Burger,food_main,280,20,6,10,5,0,Dashain,exodus,0,-0.187,1,246
2025-10-05,French Fries,food_snack,130,26,6,10,5,0,Dashain,exodus,0,-0.187,0,246
2025-10-05,Samosa,food_snack,40,11,6,10,5,0,Dashain,exodus,0,-0.187,0,246
2025-10-05,Chocolate Cake Slice,food_bakery,160,5,6,10,5,0,Dashain,exodus,0,-0.187,0,246
2025-10-05,Croissant,food_bakery,140,13,6,10,5,0,Dashain,exodus,0,-0.187,0,246
2025-10-06,Milk Tea (Dudh Chiya),beverage_hot,40,68,0,10,6,0,Dashain,exodus,0,-0.1701,0,247
2025-10-06,Masala Chiya,beverage_hot,50,44,0,10,6,0,Dashain,exodus,0,-0.1701,0,247
2025-10-06,Black Tea (Kalo Chiya),beverage_hot,30,18,0,10,6,0,Dashain,exodus,0,-0.1701,0,247
2025-10-06,Americano,beverage_hot,150,24,0,10,6,0,Dashain,exodus,0,-0.1701,0,247
2025-10-06,Cappuccino,beverage_hot,190,34,0,10,6,0,Dashain,exodus,0,-0.1701,0,247
2025-10-06,Cafe Latte,beverage_hot,200,19,0,10,6,0,Dashain,exodus,0,-0.1701,0,247
2025-10-06,Hot Chocolate,beverage_hot,180,15,0,10,6,0,Dashain,exodus,0,-0.1701,1,247
2025-10-06,Cold Coffee,beverage_cold,220,27,0,10,6,0,Dashain,exodus,0,-0.1701,0,247
2025-10-06,Iced Americano,beverage_cold,180,17,0,10,6,0,Dashain,exodus,0,-0.1701,0,247
2025-10-06,Lassi,beverage_cold,120,12,0,10,6,0,Dashain,exodus,0,-0.1701,0,247
2025-10-06,Fresh Lime Soda,beverage_cold,100,23,0,10,6,0,Dashain,exodus,0,-0.1701,0,247
2025-10-06,Veg Momo,food_main,160,41,0,10,6,0,Dashain,exodus,0,-0.1701,0,247
2025-10-06,Buff Momo,food_main,180,26,0,10,6,0,Dashain,exodus,0,-0.1701,0,247
2025-10-06,Chicken Chowmein,food_main,190,19,0,10,6,0,Dashain,exodus,0,-0.1701,0,247
2025-10-06,Veg Thukpa,food_main,170,14,0,10,6,0,Dashain,exodus,0,-0.1701,0,247
2025-10-06,Club Sandwich,food_main,250,25,0,10,6,0,Dashain,exodus,0,-0.1701,0,247
2025-10-06,Chicken Burger,food_main,280,16,0,10,6,0,Dashain,exodus,0,-0.1701,1,247
2025-10-06,French Fries,food_snack,130,22,0,10,6,0,Dashain,exodus,0,-0.1701,0,247
2025-10-06,Samosa,food_snack,40,15,0,10,6,0,Dashain,exodus,0,-0.1701,0,247
2025-10-06,Chocolate Cake Slice,food_bakery,160,15,0,10,6,0,Dashain,exodus,0,-0.1701,0,247
2025-10-06,Croissant,food_bakery,140,2,0,10,6,0,Dashain,exodus,0,-0.1701,0,247
2025-10-07,Milk Tea (Dudh Chiya),beverage_hot,40,158,1,10,7,0,none,none,0,-0.1531,0,248
2025-10-07,Masala Chiya,beverage_hot,50,109,1,10,7,0,none,none,0,-0.1531,0,248
2025-10-07,Black Tea (Kalo Chiya),beverage_hot,30,42,1,10,7,0,none,none,0,-0.1531,0,248
2025-10-07,Americano,beverage_hot,150,42,1,10,7,0,none,none,0,-0.1531,0,248
2025-10-07,Cappuccino,beverage_hot,190,67,1,10,7,0,none,none,0,-0.1531,0,248
2025-10-07,Cafe Latte,beverage_hot,200,38,1,10,7,0,none,none,0,-0.1531,0,248
2025-10-07,Hot Chocolate,beverage_hot,180,26,1,10,7,0,none,none,0,-0.1531,1,248
2025-10-07,Cold Coffee,beverage_cold,220,50,1,10,7,0,none,none,0,-0.1531,0,248
2025-10-07,Iced Americano,beverage_cold,180,40,1,10,7,0,none,none,0,-0.1531,0,248
2025-10-07,Lassi,beverage_cold,120,32,1,10,7,0,none,none,0,-0.1531,0,248
2025-10-07,Fresh Lime Soda,beverage_cold,100,44,1,10,7,0,none,none,0,-0.1531,0,248
2025-10-07,Veg Momo,food_main,160,81,1,10,7,0,none,none,0,-0.1531,0,248
2025-10-07,Buff Momo,food_main,180,75,1,10,7,0,none,none,0,-0.1531,0,248
2025-10-07,Chicken Chowmein,food_main,190,56,1,10,7,0,none,none,0,-0.1531,0,248
2025-10-07,Veg Thukpa,food_main,170,22,1,10,7,0,none,none,0,-0.1531,0,248
2025-10-07,Club Sandwich,food_main,250,33,1,10,7,0,none,none,0,-0.1531,0,248
2025-10-07,Chicken Burger,food_main,280,27,1,10,7,0,none,none,0,-0.1531,1,248
2025-10-07,French Fries,food_snack,130,43,1,10,7,0,none,none,0,-0.1531,0,248
2025-10-07,Samosa,food_snack,40,24,1,10,7,0,none,none,0,-0.1531,0,248
2025-10-07,Chocolate Cake Slice,food_bakery,160,18,1,10,7,0,none,none,0,-0.1531,0,248
2025-10-07,Croissant,food_bakery,140,18,1,10,7,0,none,none,0,-0.1531,0,248
2025-10-08,Milk Tea (Dudh Chiya),beverage_hot,40,131,2,10,8,0,none,none,0,-0.1361,0,249
2025-10-08,Masala Chiya,beverage_hot,50,100,2,10,8,0,none,none,0,-0.1361,0,249
2025-10-08,Black Tea (Kalo Chiya),beverage_hot,30,44,2,10,8,0,none,none,0,-0.1361,0,249
2025-10-08,Americano,beverage_hot,150,50,2,10,8,0,none,none,0,-0.1361,0,249
2025-10-08,Cappuccino,beverage_hot,190,63,2,10,8,0,none,none,0,-0.1361,0,249
2025-10-08,Cafe Latte,beverage_hot,200,45,2,10,8,0,none,none,0,-0.1361,0,249
2025-10-08,Hot Chocolate,beverage_hot,180,30,2,10,8,0,none,none,0,-0.1361,1,249
2025-10-08,Cold Coffee,beverage_cold,220,46,2,10,8,0,none,none,0,-0.1361,0,249
2025-10-08,Iced Americano,beverage_cold,180,31,2,10,8,0,none,none,0,-0.1361,0,249
2025-10-08,Lassi,beverage_cold,120,25,2,10,8,0,none,none,0,-0.1361,0,249
2025-10-08,Fresh Lime Soda,beverage_cold,100,46,2,10,8,0,none,none,0,-0.1361,0,249
2025-10-08,Veg Momo,food_main,160,60,2,10,8,0,none,none,0,-0.1361,0,249
2025-10-08,Buff Momo,food_main,180,78,2,10,8,0,none,none,0,-0.1361,0,249
2025-10-08,Chicken Chowmein,food_main,190,41,2,10,8,0,none,none,0,-0.1361,0,249
2025-10-08,Veg Thukpa,food_main,170,28,2,10,8,0,none,none,0,-0.1361,0,249
2025-10-08,Club Sandwich,food_main,250,34,2,10,8,0,none,none,0,-0.1361,0,249
2025-10-08,Chicken Burger,food_main,280,22,2,10,8,0,none,none,0,-0.1361,1,249
2025-10-08,French Fries,food_snack,130,43,2,10,8,0,none,none,0,-0.1361,0,249
2025-10-08,Samosa,food_snack,40,31,2,10,8,0,none,none,0,-0.1361,0,249
2025-10-08,Chocolate Cake Slice,food_bakery,160,18,2,10,8,0,none,none,0,-0.1361,0,249
2025-10-08,Croissant,food_bakery,140,11,2,10,8,0,none,none,0,-0.1361,0,249
2025-10-09,Milk Tea (Dudh Chiya),beverage_hot,40,187,3,10,9,0,none,none,0,-0.1191,0,250
2025-10-09,Masala Chiya,beverage_hot,50,106,3,10,9,0,none,none,0,-0.1191,0,250
2025-10-09,Black Tea (Kalo Chiya),beverage_hot,30,41,3,10,9,0,none,none,0,-0.1191,0,250
2025-10-09,Americano,beverage_hot,150,59,3,10,9,0,none,none,0,-0.1191,0,250
2025-10-09,Cappuccino,beverage_hot,190,45,3,10,9,0,none,none,0,-0.1191,0,250
2025-10-09,Cafe Latte,beverage_hot,200,44,3,10,9,0,none,none,0,-0.1191,0,250
2025-10-09,Hot Chocolate,beverage_hot,180,36,3,10,9,0,none,none,0,-0.1191,1,250
2025-10-09,Cold Coffee,beverage_cold,220,50,3,10,9,0,none,none,0,-0.1191,0,250
2025-10-09,Iced Americano,beverage_cold,180,25,3,10,9,0,none,none,0,-0.1191,0,250
2025-10-09,Lassi,beverage_cold,120,33,3,10,9,0,none,none,0,-0.1191,0,250
2025-10-09,Fresh Lime Soda,beverage_cold,100,44,3,10,9,0,none,none,0,-0.1191,0,250
2025-10-09,Veg Momo,food_main,160,67,3,10,9,0,none,none,0,-0.1191,0,250
2025-10-09,Buff Momo,food_main,180,62,3,10,9,0,none,none,0,-0.1191,0,250
2025-10-09,Chicken Chowmein,food_main,190,49,3,10,9,0,none,none,0,-0.1191,0,250
2025-10-09,Veg Thukpa,food_main,170,31,3,10,9,0,none,none,0,-0.1191,0,250
2025-10-09,Club Sandwich,food_main,250,24,3,10,9,0,none,none,0,-0.1191,0,250
2025-10-09,Chicken Burger,food_main,280,33,3,10,9,0,none,none,0,-0.1191,1,250
2025-10-09,French Fries,food_snack,130,38,3,10,9,0,none,none,0,-0.1191,0,250
2025-10-09,Samosa,food_snack,40,41,3,10,9,0,none,none,0,-0.1191,0,250
2025-10-09,Chocolate Cake Slice,food_bakery,160,12,3,10,9,0,none,none,0,-0.1191,0,250
2025-10-09,Croissant,food_bakery,140,21,3,10,9,0,none,none,0,-0.1191,0,250
2025-10-10,Milk Tea (Dudh Chiya),beverage_hot,40,169,4,10,10,0,none,none,0,-0.102,0,251
2025-10-10,Masala Chiya,beverage_hot,50,95,4,10,10,0,none,none,0,-0.102,0,251
2025-10-10,Black Tea (Kalo Chiya),beverage_hot,30,38,4,10,10,0,none,none,0,-0.102,0,251
2025-10-10,Americano,beverage_hot,150,50,4,10,10,0,none,none,0,-0.102,0,251
2025-10-10,Cappuccino,beverage_hot,190,57,4,10,10,0,none,none,0,-0.102,0,251
2025-10-10,Cafe Latte,beverage_hot,200,54,4,10,10,0,none,none,0,-0.102,0,251
2025-10-10,Hot Chocolate,beverage_hot,180,41,4,10,10,0,none,none,0,-0.102,1,251
2025-10-10,Cold Coffee,beverage_cold,220,48,4,10,10,0,none,none,0,-0.102,0,251
2025-10-10,Iced Americano,beverage_cold,180,31,4,10,10,0,none,none,0,-0.102,0,251
2025-10-10,Lassi,beverage_cold,120,38,4,10,10,0,none,none,0,-0.102,0,251
2025-10-10,Fresh Lime Soda,beverage_cold,100,44,4,10,10,0,none,none,0,-0.102,0,251
2025-10-10,Veg Momo,food_main,160,64,4,10,10,0,none,none,0,-0.102,0,251
2025-10-10,Buff Momo,food_main,180,94,4,10,10,0,none,none,0,-0.102,0,251
2025-10-10,Chicken Chowmein,food_main,190,53,4,10,10,0,none,none,0,-0.102,0,251
2025-10-10,Veg Thukpa,food_main,170,18,4,10,10,0,none,none,0,-0.102,0,251
2025-10-10,Club Sandwich,food_main,250,27,4,10,10,0,none,none,0,-0.102,0,251
2025-10-10,Chicken Burger,food_main,280,32,4,10,10,0,none,none,0,-0.102,1,251
2025-10-10,French Fries,food_snack,130,39,4,10,10,0,none,none,0,-0.102,0,251
2025-10-10,Samosa,food_snack,40,39,4,10,10,0,none,none,0,-0.102,0,251
2025-10-10,Chocolate Cake Slice,food_bakery,160,23,4,10,10,0,none,none,0,-0.102,0,251
2025-10-10,Croissant,food_bakery,140,14,4,10,10,0,none,none,0,-0.102,0,251
2025-10-11,Milk Tea (Dudh Chiya),beverage_hot,40,200,5,10,11,1,none,none,0,-0.0848,0,252
2025-10-11,Masala Chiya,beverage_hot,50,133,5,10,11,1,none,none,0,-0.0848,0,252
2025-10-11,Black Tea (Kalo Chiya),beverage_hot,30,51,5,10,11,1,none,none,0,-0.0848,0,252
2025-10-11,Americano,beverage_hot,150,58,5,10,11,1,none,none,0,-0.0848,0,252
2025-10-11,Cappuccino,beverage_hot,190,74,5,10,11,1,none,none,0,-0.0848,0,252
2025-10-11,Cafe Latte,beverage_hot,200,63,5,10,11,1,none,none,0,-0.0848,0,252
2025-10-11,Hot Chocolate,beverage_hot,180,38,5,10,11,1,none,none,0,-0.0848,1,252
2025-10-11,Cold Coffee,beverage_cold,220,49,5,10,11,1,none,none,0,-0.0848,0,252
2025-10-11,Iced Americano,beverage_cold,180,49,5,10,11,1,none,none,0,-0.0848,0,252
2025-10-11,Lassi,beverage_cold,120,52,5,10,11,1,none,none,0,-0.0848,0,252
2025-10-11,Fresh Lime Soda,beverage_cold,100,55,5,10,11,1,none,none,0,-0.0848,0,252
2025-10-11,Veg Momo,food_main,160,74,5,10,11,1,none,none,0,-0.0848,0,252
2025-10-11,Buff Momo,food_main,180,87,5,10,11,1,none,none,0,-0.0848,0,252
2025-10-11,Chicken Chowmein,food_main,190,58,5,10,11,1,none,none,0,-0.0848,0,252
2025-10-11,Veg Thukpa,food_main,170,32,5,10,11,1,none,none,0,-0.0848,0,252
2025-10-11,Club Sandwich,food_main,250,46,5,10,11,1,none,none,0,-0.0848,0,252
2025-10-11,Chicken Burger,food_main,280,43,5,10,11,1,none,none,0,-0.0848,1,252
2025-10-11,French Fries,food_snack,130,58,5,10,11,1,none,none,0,-0.0848,0,252
2025-10-11,Samosa,food_snack,40,50,5,10,11,1,none,none,0,-0.0848,0,252
2025-10-11,Chocolate Cake Slice,food_bakery,160,22,5,10,11,1,none,none,0,-0.0848,0,252
2025-10-11,Croissant,food_bakery,140,21,5,10,11,1,none,none,0,-0.0848,0,252
2025-10-12,Milk Tea (Dudh Chiya),beverage_hot,40,129,6,10,12,0,none,none,0,-0.0677,0,253
2025-10-12,Masala Chiya,beverage_hot,50,84,6,10,12,0,none,none,0,-0.0677,0,253
2025-10-12,Black Tea (Kalo Chiya),beverage_hot,30,46,6,10,12,0,none,none,0,-0.0677,0,253
2025-10-12,Americano,beverage_hot,150,46,6,10,12,0,none,none,0,-0.0677,0,253
2025-10-12,Cappuccino,beverage_hot,190,39,6,10,12,0,none,none,0,-0.0677,0,253
2025-10-12,Cafe Latte,beverage_hot,200,44,6,10,12,0,none,none,0,-0.0677,0,253
2025-10-12,Hot Chocolate,beverage_hot,180,27,6,10,12,0,none,none,0,-0.0677,1,253
2025-10-12,Cold Coffee,beverage_cold,220,38,6,10,12,0,none,none,0,-0.0677,0,253
2025-10-12,Iced Americano,beverage_cold,180,34,6,10,12,0,none,none,0,-0.0677,0,253
2025-10-12,Lassi,beverage_cold,120,38,6,10,12,0,none,none,0,-0.0677,0,253
2025-10-12,Fresh Lime Soda,beverage_cold,100,32,6,10,12,0,none,none,0,-0.0677,0,253
2025-10-12,Veg Momo,food_main,160,61,6,10,12,0,none,none,0,-0.0677,0,253
2025-10-12,Buff Momo,food_main,180,78,6,10,12,0,none,none,0,-0.0677,0,253
2025-10-12,Chicken Chowmein,food_main,190,33,6,10,12,0,none,none,0,-0.0677,0,253
2025-10-12,Veg Thukpa,food_main,170,17,6,10,12,0,none,none,0,-0.0677,0,253
2025-10-12,Club Sandwich,food_main,250,17,6,10,12,0,none,none,0,-0.0677,0,253
2025-10-12,Chicken Burger,food_main,280,15,6,10,12,0,none,none,0,-0.0677,1,253
2025-10-12,French Fries,food_snack,130,34,6,10,12,0,none,none,0,-0.0677,0,253
2025-10-12,Samosa,food_snack,40,35,6,10,12,0,none,none,0,-0.0677,0,253
2025-10-12,Chocolate Cake Slice,food_bakery,160,21,6,10,12,0,none,none,0,-0.0677,0,253
2025-10-12,Croissant,food_bakery,140,12,6,10,12,0,none,none,0,-0.0677,0,253
2025-10-13,Milk Tea (Dudh Chiya),beverage_hot,40,157,0,10,13,0,none,none,0,-0.0505,0,254
2025-10-13,Masala Chiya,beverage_hot,50,82,0,10,13,0,none,none,0,-0.0505,0,254
2025-10-13,Black Tea (Kalo Chiya),beverage_hot,30,27,0,10,13,0,none,none,0,-0.0505,0,254
2025-10-13,Americano,beverage_hot,150,51,0,10,13,0,none,none,0,-0.0505,0,254
2025-10-13,Cappuccino,beverage_hot,190,46,0,10,13,0,none,none,0,-0.0505,0,254
2025-10-13,Cafe Latte,beverage_hot,200,44,0,10,13,0,none,none,0,-0.0505,0,254
2025-10-13,Hot Chocolate,beverage_hot,180,25,0,10,13,0,none,none,0,-0.0505,1,254
2025-10-13,Cold Coffee,beverage_cold,220,45,0,10,13,0,none,none,0,-0.0505,0,254
2025-10-13,Iced Americano,beverage_cold,180,36,0,10,13,0,none,none,0,-0.0505,0,254
2025-10-13,Lassi,beverage_cold,120,40,0,10,13,0,none,none,0,-0.0505,0,254
2025-10-13,Fresh Lime Soda,beverage_cold,100,38,0,10,13,0,none,none,0,-0.0505,0,254
2025-10-13,Veg Momo,food_main,160,44,0,10,13,0,none,none,0,-0.0505,0,254
2025-10-13,Buff Momo,food_main,180,64,0,10,13,0,none,none,0,-0.0505,0,254
2025-10-13,Chicken Chowmein,food_main,190,46,0,10,13,0,none,none,0,-0.0505,0,254
2025-10-13,Veg Thukpa,food_main,170,22,0,10,13,0,none,none,0,-0.0505,0,254
2025-10-13,Club Sandwich,food_main,250,31,0,10,13,0,none,none,0,-0.0505,0,254
2025-10-13,Chicken Burger,food_main,280,31,0,10,13,0,none,none,0,-0.0505,1,254
2025-10-13,French Fries,food_snack,130,42,0,10,13,0,none,none,0,-0.0505,0,254
2025-10-13,Samosa,food_snack,40,33,0,10,13,0,none,none,0,-0.0505,0,254
2025-10-13,Chocolate Cake Slice,food_bakery,160,23,0,10,13,0,none,none,0,-0.0505,0,254
2025-10-13,Croissant,food_bakery,140,17,0,10,13,0,none,none,0,-0.0505,0,254
2025-10-14,Milk Tea (Dudh Chiya),beverage_hot,40,202,1,10,14,0,Tihar,pre_festival,0,-0.0333,0,255
2025-10-14,Masala Chiya,beverage_hot,50,130,1,10,14,0,Tihar,pre_festival,0,-0.0333,0,255
2025-10-14,Black Tea (Kalo Chiya),beverage_hot,30,49,1,10,14,0,Tihar,pre_festival,0,-0.0333,0,255
2025-10-14,Americano,beverage_hot,150,52,1,10,14,0,Tihar,pre_festival,0,-0.0333,0,255
2025-10-14,Cappuccino,beverage_hot,190,67,1,10,14,0,Tihar,pre_festival,0,-0.0333,0,255
2025-10-14,Cafe Latte,beverage_hot,200,59,1,10,14,0,Tihar,pre_festival,0,-0.0333,0,255
2025-10-14,Hot Chocolate,beverage_hot,180,42,1,10,14,0,Tihar,pre_festival,0,-0.0333,1,255
2025-10-14,Cold Coffee,beverage_cold,220,67,1,10,14,0,Tihar,pre_festival,0,-0.0333,0,255
2025-10-14,Iced Americano,beverage_cold,180,35,1,10,14,0,Tihar,pre_festival,0,-0.0333,0,255
2025-10-14,Lassi,beverage_cold,120,50,1,10,14,0,Tihar,pre_festival,0,-0.0333,0,255
2025-10-14,Fresh Lime Soda,beverage_cold,100,57,1,10,14,0,Tihar,pre_festival,0,-0.0333,0,255
2025-10-14,Veg Momo,food_main,160,87,1,10,14,0,Tihar,pre_festival,0,-0.0333,0,255
2025-10-14,Buff Momo,food_main,180,103,1,10,14,0,Tihar,pre_festival,0,-0.0333,0,255
2025-10-14,Chicken Chowmein,food_main,190,48,1,10,14,0,Tihar,pre_festival,0,-0.0333,0,255
2025-10-14,Veg Thukpa,food_main,170,33,1,10,14,0,Tihar,pre_festival,0,-0.0333,0,255
2025-10-14,Club Sandwich,food_main,250,36,1,10,14,0,Tihar,pre_festival,0,-0.0333,0,255
2025-10-14,Chicken Burger,food_main,280,47,1,10,14,0,Tihar,pre_festival,0,-0.0333,1,255
2025-10-14,French Fries,food_snack,130,60,1,10,14,0,Tihar,pre_festival,0,-0.0333,0,255
2025-10-14,Samosa,food_snack,40,50,1,10,14,0,Tihar,pre_festival,0,-0.0333,0,255
2025-10-14,Chocolate Cake Slice,food_bakery,160,18,1,10,14,0,Tihar,pre_festival,0,-0.0333,0,255
2025-10-14,Croissant,food_bakery,140,13,1,10,14,0,Tihar,pre_festival,0,-0.0333,0,255
2025-10-15,Milk Tea (Dudh Chiya),beverage_hot,40,208,2,10,15,0,Tihar,pre_festival,0,-0.0161,0,256
2025-10-15,Masala Chiya,beverage_hot,50,131,2,10,15,0,Tihar,pre_festival,0,-0.0161,0,256
2025-10-15,Black Tea (Kalo Chiya),beverage_hot,30,51,2,10,15,0,Tihar,pre_festival,0,-0.0161,0,256
2025-10-15,Americano,beverage_hot,150,66,2,10,15,0,Tihar,pre_festival,0,-0.0161,0,256
2025-10-15,Cappuccino,beverage_hot,190,66,2,10,15,0,Tihar,pre_festival,0,-0.0161,0,256
2025-10-15,Cafe Latte,beverage_hot,200,45,2,10,15,0,Tihar,pre_festival,0,-0.0161,0,256
2025-10-15,Hot Chocolate,beverage_hot,180,51,2,10,15,0,Tihar,pre_festival,0,-0.0161,1,256
2025-10-15,Cold Coffee,beverage_cold,220,73,2,10,15,0,Tihar,pre_festival,0,-0.0161,0,256
2025-10-15,Iced Americano,beverage_cold,180,52,2,10,15,0,Tihar,pre_festival,0,-0.0161,0,256
2025-10-15,Lassi,beverage_cold,120,43,2,10,15,0,Tihar,pre_festival,0,-0.0161,0,256
2025-10-15,Fresh Lime Soda,beverage_cold,100,52,2,10,15,0,Tihar,pre_festival,0,-0.0161,0,256
2025-10-15,Veg Momo,food_main,160,95,2,10,15,0,Tihar,pre_festival,0,-0.0161,0,256
2025-10-15,Buff Momo,food_main,180,90,2,10,15,0,Tihar,pre_festival,0,-0.0161,0,256
2025-10-15,Chicken Chowmein,food_main,190,74,2,10,15,0,Tihar,pre_festival,0,-0.0161,0,256
2025-10-15,Veg Thukpa,food_main,170,39,2,10,15,0,Tihar,pre_festival,0,-0.0161,0,256
2025-10-15,Club Sandwich,food_main,250,35,2,10,15,0,Tihar,pre_festival,0,-0.0161,0,256
2025-10-15,Chicken Burger,food_main,280,41,2,10,15,0,Tihar,pre_festival,0,-0.0161,1,256
2025-10-15,French Fries,food_snack,130,57,2,10,15,0,Tihar,pre_festival,0,-0.0161,0,256
2025-10-15,Samosa,food_snack,40,53,2,10,15,0,Tihar,pre_festival,0,-0.0161,0,256
2025-10-15,Chocolate Cake Slice,food_bakery,160,22,2,10,15,0,Tihar,pre_festival,0,-0.0161,0,256
2025-10-15,Croissant,food_bakery,140,18,2,10,15,0,Tihar,pre_festival,0,-0.0161,0,256
2025-10-16,Milk Tea (Dudh Chiya),beverage_hot,40,226,3,10,16,0,Tihar,pre_festival,0,0.0011,0,257
2025-10-16,Masala Chiya,beverage_hot,50,137,3,10,16,0,Tihar,pre_festival,0,0.0011,0,257
2025-10-16,Black Tea (Kalo Chiya),beverage_hot,30,56,3,10,16,0,Tihar,pre_festival,0,0.0011,0,257
2025-10-16,Americano,beverage_hot,150,55,3,10,16,0,Tihar,pre_festival,0,0.0011,0,257
2025-10-16,Cappuccino,beverage_hot,190,73,3,10,16,0,Tihar,pre_festival,0,0.0011,0,257
2025-10-16,Cafe Latte,beverage_hot,200,62,3,10,16,0,Tihar,pre_festival,0,0.0011,0,257
2025-10-16,Hot Chocolate,beverage_hot,180,41,3,10,16,0,Tihar,pre_festival,0,0.0011,1,257
2025-10-16,Cold Coffee,beverage_cold,220,61,3,10,16,0,Tihar,pre_festival,0,0.0011,0,257
2025-10-16,Iced Americano,beverage_cold,180,36,3,10,16,0,Tihar,pre_festival,0,0.0011,0,257
2025-10-16,Lassi,beverage_cold,120,57,3,10,16,0,Tihar,pre_festival,0,0.0011,0,257
2025-10-16,Fresh Lime Soda,beverage_cold,100,59,3,10,16,0,Tihar,pre_festival,0,0.0011,0,257
2025-10-16,Veg Momo,food_main,160,77,3,10,16,0,Tihar,pre_festival,0,0.0011,0,257
2025-10-16,Buff Momo,food_main,180,112,3,10,16,0,Tihar,pre_festival,0,0.0011,0,257
2025-10-16,Chicken Chowmein,food_main,190,61,3,10,16,0,Tihar,pre_festival,0,0.0011,0,257
2025-10-16,Veg Thukpa,food_main,170,27,3,10,16,0,Tihar,pre_festival,0,0.0011,0,257
2025-10-16,Club Sandwich,food_main,250,35,3,10,16,0,Tihar,pre_festival,0,0.0011,0,257
2025-10-16,Chicken Burger,food_main,280,42,3,10,16,0,Tihar,pre_festival,0,0.0011,1,257
2025-10-16,French Fries,food_snack,130,60,3,10,16,0,Tihar,pre_festival,0,0.0011,0,257
2025-10-16,Samosa,food_snack,40,37,3,10,16,0,Tihar,pre_festival,0,0.0011,0,257
2025-10-16,Chocolate Cake Slice,food_bakery,160,29,3,10,16,0,Tihar,pre_festival,0,0.0011,0,257
2025-10-16,Croissant,food_bakery,140,22,3,10,16,0,Tihar,pre_festival,0,0.0011,0,257
2025-10-17,Milk Tea (Dudh Chiya),beverage_hot,40,258,4,10,17,0,Tihar,pre_festival,0,0.0183,0,258
2025-10-17,Masala Chiya,beverage_hot,50,157,4,10,17,0,Tihar,pre_festival,0,0.0183,0,258
2025-10-17,Black Tea (Kalo Chiya),beverage_hot,30,74,4,10,17,0,Tihar,pre_festival,0,0.0183,0,258
2025-10-17,Americano,beverage_hot,150,64,4,10,17,0,Tihar,pre_festival,0,0.0183,0,258
2025-10-17,Cappuccino,beverage_hot,190,101,4,10,17,0,Tihar,pre_festival,0,0.0183,0,258
2025-10-17,Cafe Latte,beverage_hot,200,85,4,10,17,0,Tihar,pre_festival,0,0.0183,0,258
2025-10-17,Hot Chocolate,beverage_hot,180,74,4,10,17,0,Tihar,pre_festival,0,0.0183,1,258
2025-10-17,Cold Coffee,beverage_cold,220,69,4,10,17,0,Tihar,pre_festival,0,0.0183,0,258
2025-10-17,Iced Americano,beverage_cold,180,50,4,10,17,0,Tihar,pre_festival,0,0.0183,0,258
2025-10-17,Lassi,beverage_cold,120,57,4,10,17,0,Tihar,pre_festival,0,0.0183,0,258
2025-10-17,Fresh Lime Soda,beverage_cold,100,70,4,10,17,0,Tihar,pre_festival,0,0.0183,0,258
2025-10-17,Veg Momo,food_main,160,103,4,10,17,0,Tihar,pre_festival,0,0.0183,0,258
2025-10-17,Buff Momo,food_main,180,122,4,10,17,0,Tihar,pre_festival,0,0.0183,0,258
2025-10-17,Chicken Chowmein,food_main,190,70,4,10,17,0,Tihar,pre_festival,0,0.0183,0,258
2025-10-17,Veg Thukpa,food_main,170,49,4,10,17,0,Tihar,pre_festival,0,0.0183,0,258
2025-10-17,Club Sandwich,food_main,250,36,4,10,17,0,Tihar,pre_festival,0,0.0183,0,258
2025-10-17,Chicken Burger,food_main,280,41,4,10,17,0,Tihar,pre_festival,0,0.0183,1,258
2025-10-17,French Fries,food_snack,130,71,4,10,17,0,Tihar,pre_festival,0,0.0183,0,258
2025-10-17,Samosa,food_snack,40,50,4,10,17,0,Tihar,pre_festival,0,0.0183,0,258
2025-10-17,Chocolate Cake Slice,food_bakery,160,34,4,10,17,0,Tihar,pre_festival,0,0.0183,0,258
2025-10-17,Croissant,food_bakery,140,19,4,10,17,0,Tihar,pre_festival,0,0.0183,0,258
2025-10-18,Milk Tea (Dudh Chiya),beverage_hot,40,127,5,10,18,1,Tihar,exodus,0,0.0355,0,259
2025-10-18,Masala Chiya,beverage_hot,50,80,5,10,18,1,Tihar,exodus,0,0.0355,0,259
2025-10-18,Black Tea (Kalo Chiya),beverage_hot,30,48,5,10,18,1,Tihar,exodus,0,0.0355,0,259
2025-10-18,Americano,beverage_hot,150,34,5,10,18,1,Tihar,exodus,0,0.0355,0,259
2025-10-18,Cappuccino,beverage_hot,190,51,5,10,18,1,Tihar,exodus,0,0.0355,0,259
2025-10-18,Cafe Latte,beverage_hot,200,43,5,10,18,1,Tihar,exodus,0,0.0355,0,259
2025-10-18,Hot Chocolate,beverage_hot,180,27,5,10,18,1,Tihar,exodus,0,0.0355,1,259
2025-10-18,Cold Coffee,beverage_cold,220,39,5,10,18,1,Tihar,exodus,0,0.0355,0,259
2025-10-18,Iced Americano,beverage_cold,180,31,5,10,18,1,Tihar,exodus,0,0.0355,0,259
2025-10-18,Lassi,beverage_cold,120,29,5,10,18,1,Tihar,exodus,0,0.0355,0,259
2025-10-18,Fresh Lime Soda,beverage_cold,100,42,5,10,18,1,Tihar,exodus,0,0.0355,0,259
2025-10-18,Veg Momo,food_main,160,50,5,10,18,1,Tihar,exodus,0,0.0355,0,259
2025-10-18,Buff Momo,food_main,180,63,5,10,18,1,Tihar,exodus,0,0.0355,0,259
2025-10-18,Chicken Chowmein,food_main,190,31,5,10,18,1,Tihar,exodus,0,0.0355,0,259
2025-10-18,Veg Thukpa,food_main,170,20,5,10,18,1,Tihar,exodus,0,0.0355,0,259
2025-10-18,Club Sandwich,food_main,250,28,5,10,18,1,Tihar,exodus,0,0.0355,0,259
2025-10-18,Chicken Burger,food_main,280,22,5,10,18,1,Tihar,exodus,0,0.0355,1,259
2025-10-18,French Fries,food_snack,130,47,5,10,18,1,Tihar,exodus,0,0.0355,0,259
2025-10-18,Samosa,food_snack,40,34,5,10,18,1,Tihar,exodus,0,0.0355,0,259
2025-10-18,Chocolate Cake Slice,food_bakery,160,18,5,10,18,1,Tihar,exodus,0,0.0355,0,259
2025-10-18,Croissant,food_bakery,140,15,5,10,18,1,Tihar,exodus,0,0.0355,0,259
2025-10-19,Milk Tea (Dudh Chiya),beverage_hot,40,75,6,10,19,0,Tihar,exodus,0,0.0527,0,260
2025-10-19,Masala Chiya,beverage_hot,50,64,6,10,19,0,Tihar,exodus,0,0.0527,0,260
2025-10-19,Black Tea (Kalo Chiya),beverage_hot,30,24,6,10,19,0,Tihar,exodus,0,0.0527,0,260
2025-10-19,Americano,beverage_hot,150,21,6,10,19,0,Tihar,exodus,0,0.0527,0,260
2025-10-19,Cappuccino,beverage_hot,190,21,6,10,19,0,Tihar,exodus,0,0.0527,0,260
2025-10-19,Cafe Latte,beverage_hot,200,27,6,10,19,0,Tihar,exodus,0,0.0527,0,260
2025-10-19,Hot Chocolate,beverage_hot,180,19,6,10,19,0,Tihar,exodus,0,0.0527,1,260
2025-10-19,Cold Coffee,beverage_cold,220,26,6,10,19,0,Tihar,exodus,0,0.0527,0,260
2025-10-19,Iced Americano,beverage_cold,180,15,6,10,19,0,Tihar,exodus,0,0.0527,0,260
2025-10-19,Lassi,beverage_cold,120,12,6,10,19,0,Tihar,exodus,0,0.0527,0,260
2025-10-19,Fresh Lime Soda,beverage_cold,100,19,6,10,19,0,Tihar,exodus,0,0.0527,0,260
2025-10-19,Veg Momo,food_main,160,32,6,10,19,0,Tihar,exodus,0,0.0527,0,260
2025-10-19,Buff Momo,food_main,180,37,6,10,19,0,Tihar,exodus,0,0.0527,0,260
2025-10-19,Chicken Chowmein,food_main,190,33,6,10,19,0,Tihar,exodus,0,0.0527,0,260
2025-10-19,Veg Thukpa,food_main,170,14,6,10,19,0,Tihar,exodus,0,0.0527,0,260
2025-10-19,Club Sandwich,food_main,250,18,6,10,19,0,Tihar,exodus,0,0.0527,0,260
2025-10-19,Chicken Burger,food_main,280,11,6,10,19,0,Tihar,exodus,0,0.0527,1,260
2025-10-19,French Fries,food_snack,130,21,6,10,19,0,Tihar,exodus,0,0.0527,0,260
2025-10-19,Samosa,food_snack,40,14,6,10,19,0,Tihar,exodus,0,0.0527,0,260
2025-10-19,Chocolate Cake Slice,food_bakery,160,15,6,10,19,0,Tihar,exodus,0,0.0527,0,260
2025-10-19,Croissant,food_bakery,140,3,6,10,19,0,Tihar,exodus,0,0.0527,0,260
2025-10-20,Milk Tea (Dudh Chiya),beverage_hot,40,72,0,10,20,0,Tihar,exodus,0,0.0698,0,261
2025-10-20,Masala Chiya,beverage_hot,50,59,0,10,20,0,Tihar,exodus,0,0.0698,0,261
2025-10-20,Black Tea (Kalo Chiya),beverage_hot,30,24,0,10,20,0,Tihar,exodus,0,0.0698,0,261
2025-10-20,Americano,beverage_hot,150,25,0,10,20,0,Tihar,exodus,0,0.0698,0,261
2025-10-20,Cappuccino,beverage_hot,190,37,0,10,20,0,Tihar,exodus,0,0.0698,0,261
2025-10-20,Cafe Latte,beverage_hot,200,44,0,10,20,0,Tihar,exodus,0,0.0698,0,261
2025-10-20,Hot Chocolate,beverage_hot,180,15,0,10,20,0,Tihar,exodus,0,0.0698,1,261
2025-10-20,Cold Coffee,beverage_cold,220,20,0,10,20,0,Tihar,exodus,0,0.0698,0,261
2025-10-20,Iced Americano,beverage_cold,180,22,0,10,20,0,Tihar,exodus,0,0.0698,0,261
2025-10-20,Lassi,beverage_cold,120,17,0,10,20,0,Tihar,exodus,0,0.0698,0,261
2025-10-20,Fresh Lime Soda,beverage_cold,100,25,0,10,20,0,Tihar,exodus,0,0.0698,0,261
2025-10-20,Veg Momo,food_main,160,37,0,10,20,0,Tihar,exodus,0,0.0698,0,261
2025-10-20,Buff Momo,food_main,180,43,0,10,20,0,Tihar,exodus,0,0.0698,0,261
2025-10-20,Chicken Chowmein,food_main,190,43,0,10,20,0,Tihar,exodus,0,0.0698,0,261
2025-10-20,Veg Thukpa,food_main,170,18,0,10,20,0,Tihar,exodus,0,0.0698,0,261
2025-10-20,Club Sandwich,food_main,250,17,0,10,20,0,Tihar,exodus,0,0.0698,0,261
2025-10-20,Chicken Burger,food_main,280,19,0,10,20,0,Tihar,exodus,0,0.0698,1,261
2025-10-20,French Fries,food_snack,130,37,0,10,20,0,Tihar,exodus,0,0.0698,0,261
2025-10-20,Samosa,food_snack,40,20,0,10,20,0,Tihar,exodus,0,0.0698,0,261
2025-10-20,Chocolate Cake Slice,food_bakery,160,10,0,10,20,0,Tihar,exodus,0,0.0698,0,261
2025-10-20,Croissant,food_bakery,140,10,0,10,20,0,Tihar,exodus,0,0.0698,0,261
2025-10-21,Milk Tea (Dudh Chiya),beverage_hot,40,77,1,10,21,0,Tihar,exodus,0,0.087,0,262
2025-10-21,Masala Chiya,beverage_hot,50,53,1,10,21,0,Tihar,exodus,0,0.087,0,262
2025-10-21,Black Tea (Kalo Chiya),beverage_hot,30,23,1,10,21,0,Tihar,exodus,0,0.087,0,262
2025-10-21,Americano,beverage_hot,150,24,1,10,21,0,Tihar,exodus,0,0.087,0,262
2025-10-21,Cappuccino,beverage_hot,190,32,1,10,21,0,Tihar,exodus,0,0.087,0,262
2025-10-21,Cafe Latte,beverage_hot,200,23,1,10,21,0,Tihar,exodus,0,0.087,0,262
2025-10-21,Hot Chocolate,beverage_hot,180,14,1,10,21,0,Tihar,exodus,0,0.087,1,262
2025-10-21,Cold Coffee,beverage_cold,220,15,1,10,21,0,Tihar,exodus,0,0.087,0,262
2025-10-21,Iced Americano,beverage_cold,180,17,1,10,21,0,Tihar,exodus,0,0.087,0,262
2025-10-21,Lassi,beverage_cold,120,17,1,10,21,0,Tihar,exodus,0,0.087,0,262
2025-10-21,Fresh Lime Soda,beverage_cold,100,21,1,10,21,0,Tihar,exodus,0,0.087,0,262
2025-10-21,Veg Momo,food_main,160,45,1,10,21,0,Tihar,exodus,0,0.087,0,262
2025-10-21,Buff Momo,food_main,180,40,1,10,21,0,Tihar,exodus,0,0.087,0,262
2025-10-21,Chicken Chowmein,food_main,190,26,1,10,21,0,Tihar,exodus,0,0.087,0,262
2025-10-21,Veg Thukpa,food_main,170,21,1,10,21,0,Tihar,exodus,0,0.087,0,262
2025-10-21,Club Sandwich,food_main,250,13,1,10,21,0,Tihar,exodus,0,0.087,0,262
2025-10-21,Chicken Burger,food_main,280,15,1,10,21,0,Tihar,exodus,0,0.087,1,262
2025-10-21,French Fries,food_snack,130,25,1,10,21,0,Tihar,exodus,0,0.087,0,262
2025-10-21,Samosa,food_snack,40,25,1,10,21,0,Tihar,exodus,0,0.087,0,262
2025-10-21,Chocolate Cake Slice,food_bakery,160,7,1,10,21,0,Tihar,exodus,0,0.087,0,262
2025-10-21,Croissant,food_bakery,140,5,1,10,21,0,Tihar,exodus,0,0.087,0,262
2025-10-22,Milk Tea (Dudh Chiya),beverage_hot,40,106,2,10,22,0,Tihar,exodus,0,0.1041,0,263
2025-10-22,Masala Chiya,beverage_hot,50,66,2,10,22,0,Tihar,exodus,0,0.1041,0,263
2025-10-22,Black Tea (Kalo Chiya),beverage_hot,30,26,2,10,22,0,Tihar,exodus,0,0.1041,0,263
2025-10-22,Americano,beverage_hot,150,29,2,10,22,0,Tihar,exodus,0,0.1041,0,263
2025-10-22,Cappuccino,beverage_hot,190,31,2,10,22,0,Tihar,exodus,0,0.1041,0,263
2025-10-22,Cafe Latte,beverage_hot,200,19,2,10,22,0,Tihar,exodus,0,0.1041,0,263
2025-10-22,Hot Chocolate,beverage_hot,180,32,2,10,22,0,Tihar,exodus,0,0.1041,1,263
2025-10-22,Cold Coffee,beverage_cold,220,30,2,10,22,0,Tihar,exodus,0,0.1041,0,263
2025-10-22,Iced Americano,beverage_cold,180,31,2,10,22,0,Tihar,exodus,0,0.1041,0,263
2025-10-22,Lassi,beverage_cold,120,21,2,10,22,0,Tihar,exodus,0,0.1041,0,263
2025-10-22,Fresh Lime Soda,beverage_cold,100,32,2,10,22,0,Tihar,exodus,0,0.1041,0,263
2025-10-22,Veg Momo,food_main,160,53,2,10,22,0,Tihar,exodus,0,0.1041,0,263
2025-10-22,Buff Momo,food_main,180,38,2,10,22,0,Tihar,exodus,0,0.1041,0,263
2025-10-22,Chicken Chowmein,food_main,190,38,2,10,22,0,Tihar,exodus,0,0.1041,0,263
2025-10-22,Veg Thukpa,food_main,170,15,2,10,22,0,Tihar,exodus,0,0.1041,0,263
2025-10-22,Club Sandwich,food_main,250,12,2,10,22,0,Tihar,exodus,0,0.1041,0,263
2025-10-22,Chicken Burger,food_main,280,20,2,10,22,0,Tihar,exodus,0,0.1041,1,263
2025-10-22,French Fries,food_snack,130,50,2,10,22,0,Tihar,exodus,0,0.1041,0,263
2025-10-22,Samosa,food_snack,40,25,2,10,22,0,Tihar,exodus,0,0.1041,0,263
2025-10-22,Chocolate Cake Slice,food_bakery,160,15,2,10,22,0,Tihar,exodus,0,0.1041,0,263
2025-10-22,Croissant,food_bakery,140,7,2,10,22,0,Tihar,exodus,0,0.1041,0,263
2025-10-23,Milk Tea (Dudh Chiya),beverage_hot,40,76,3,10,23,0,Tihar,exodus,0,0.1212,0,264
2025-10-23,Masala Chiya,beverage_hot,50,51,3,10,23,0,Tihar,exodus,0,0.1212,0,264
2025-10-23,Black Tea (Kalo Chiya),beverage_hot,30,30,3,10,23,0,Tihar,exodus,0,0.1212,0,264
2025-10-23,Americano,beverage_hot,150,18,3,10,23,0,Tihar,exodus,0,0.1212,0,264
2025-10-23,Cappuccino,beverage_hot,190,25,3,10,23,0,Tihar,exodus,0,0.1212,0,264
2025-10-23,Cafe Latte,beverage_hot,200,35,3,10,23,0,Tihar,exodus,0,0.1212,0,264
2025-10-23,Hot Chocolate,beverage_hot,180,19,3,10,23,0,Tihar,exodus,0,0.1212,1,264
2025-10-23,Cold Coffee,beverage_cold,220,25,3,10,23,0,Tihar,exodus,0,0.1212,0,264
2025-10-23,Iced Americano,beverage_cold,180,27,3,10,23,0,Tihar,exodus,0,0.1212,0,264
2025-10-23,Lassi,beverage_cold,120,19,3,10,23,0,Tihar,exodus,0,0.1212,0,264
2025-10-23,Fresh Lime Soda,beverage_cold,100,30,3,10,23,0,Tihar,exodus,0,0.1212,0,264
2025-10-23,Veg Momo,food_main,160,44,3,10,23,0,Tihar,exodus,0,0.1212,0,264
2025-10-23,Buff Momo,food_main,180,35,3,10,23,0,Tihar,exodus,0,0.1212,0,264
2025-10-23,Chicken Chowmein,food_main,190,29,3,10,23,0,Tihar,exodus,0,0.1212,0,264
2025-10-23,Veg Thukpa,food_main,170,22,3,10,23,0,Tihar,exodus,0,0.1212,0,264
2025-10-23,Club Sandwich,food_main,250,19,3,10,23,0,Tihar,exodus,0,0.1212,0,264
2025-10-23,Chicken Burger,food_main,280,14,3,10,23,0,Tihar,exodus,0,0.1212,1,264
2025-10-23,French Fries,food_snack,130,27,3,10,23,0,Tihar,exodus,0,0.1212,0,264
2025-10-23,Samosa,food_snack,40,20,3,10,23,0,Tihar,exodus,0,0.1212,0,264
2025-10-23,Chocolate Cake Slice,food_bakery,160,11,3,10,23,0,Tihar,exodus,0,0.1212,0,264
2025-10-23,Croissant,food_bakery,140,8,3,10,23,0,Tihar,exodus,0,0.1212,0,264
2025-10-24,Milk Tea (Dudh Chiya),beverage_hot,40,180,4,10,24,0,none,none,0,0.1383,0,265
2025-10-24,Masala Chiya,beverage_hot,50,107,4,10,24,0,none,none,0,0.1383,0,265
2025-10-24,Black Tea (Kalo Chiya),beverage_hot,30,61,4,10,24,0,none,none,0,0.1383,0,265
2025-10-24,Americano,beverage_hot,150,67,4,10,24,0,none,none,0,0.1383,0,265
2025-10-24,Cappuccino,beverage_hot,190,49,4,10,24,0,none,none,0,0.1383,0,265
2025-10-24,Cafe Latte,beverage_hot,200,58,4,10,24,0,none,none,0,0.1383,0,265
2025-10-24,Hot Chocolate,beverage_hot,180,41,4,10,24,0,none,none,0,0.1383,0,265
2025-10-24,Cold Coffee,beverage_cold,220,61,4,10,24,0,none,none,0,0.1383,0,265
2025-10-24,Iced Americano,beverage_cold,180,50,4,10,24,0,none,none,0,0.1383,0,265
2025-10-24,Lassi,beverage_cold,120,50,4,10,24,0,none,none,0,0.1383,0,265
2025-10-24,Fresh Lime Soda,beverage_cold,100,36,4,10,24,0,none,none,0,0.1383,0,265
2025-10-24,Veg Momo,food_main,160,76,4,10,24,0,none,none,0,0.1383,0,265
2025-10-24,Buff Momo,food_main,180,86,4,10,24,0,none,none,0,0.1383,0,265
2025-10-24,Chicken Chowmein,food_main,190,67,4,10,24,0,none,none,0,0.1383,0,265
2025-10-24,Veg Thukpa,food_main,170,32,4,10,24,0,none,none,0,0.1383,0,265
2025-10-24,Club Sandwich,food_main,250,37,4,10,24,0,none,none,0,0.1383,0,265
2025-10-24,Chicken Burger,food_main,280,28,4,10,24,0,none,none,0,0.1383,0,265
2025-10-24,French Fries,food_snack,130,51,4,10,24,0,none,none,0,0.1383,0,265
2025-10-24,Samosa,food_snack,40,51,4,10,24,0,none,none,0,0.1383,0,265
2025-10-24,Chocolate Cake Slice,food_bakery,160,20,4,10,24,0,none,none,0,0.1383,0,265
2025-10-24,Croissant,food_bakery,140,10,4,10,24,0,none,none,0,0.1383,0,265
2025-10-25,Milk Tea (Dudh Chiya),beverage_hot,40,226,5,10,25,1,none,none,0,0.1553,0,266
2025-10-25,Masala Chiya,beverage_hot,50,141,5,10,25,1,none,none,0,0.1553,0,266
2025-10-25,Black Tea (Kalo Chiya),beverage_hot,30,75,5,10,25,1,none,none,0,0.1553,0,266
2025-10-25,Americano,beverage_hot,150,69,5,10,25,1,none,none,0,0.1553,0,266
2025-10-25,Cappuccino,beverage_hot,190,85,5,10,25,1,none,none,0,0.1553,0,266
2025-10-25,Cafe Latte,beverage_hot,200,71,5,10,25,1,none,none,0,0.1553,0,266
2025-10-25,Hot Chocolate,beverage_hot,180,37,5,10,25,1,none,none,0,0.1553,0,266
2025-10-25,Cold Coffee,beverage_cold,220,78,5,10,25,1,none,none,0,0.1553,0,266
2025-10-25,Iced Americano,beverage_cold,180,49,5,10,25,1,none,none,0,0.1553,0,266
2025-10-25,Lassi,beverage_cold,120,60,5,10,25,1,none,none,0,0.1553,0,266
2025-10-25,Fresh Lime Soda,beverage_cold,100,66,5,10,25,1,none,none,0,0.1553,0,266
2025-10-25,Veg Momo,food_main,160,98,5,10,25,1,none,none,0,0.1553,0,266
2025-10-25,Buff Momo,food_main,180,106,5,10,25,1,none,none,0,0.1553,0,266
2025-10-25,Chicken Chowmein,food_main,190,69,5,10,25,1,none,none,0,0.1553,0,266
2025-10-25,Veg Thukpa,food_main,170,44,5,10,25,1,none,none,0,0.1553,0,266
2025-10-25,Club Sandwich,food_main,250,42,5,10,25,1,none,none,0,0.1553,0,266
2025-10-25,Chicken Burger,food_main,280,37,5,10,25,1,none,none,0,0.1553,0,266
2025-10-25,French Fries,food_snack,130,58,5,10,25,1,none,none,0,0.1553,0,266
2025-10-25,Samosa,food_snack,40,44,5,10,25,1,none,none,0,0.1553,0,266
2025-10-25,Chocolate Cake Slice,food_bakery,160,24,5,10,25,1,none,none,0,0.1553,0,266
2025-10-25,Croissant,food_bakery,140,17,5,10,25,1,none,none,0,0.1553,0,266
2025-10-26,Milk Tea (Dudh Chiya),beverage_hot,40,129,6,10,26,0,none,none,0,0.1722,0,267
2025-10-26,Masala Chiya,beverage_hot,50,91,6,10,26,0,none,none,0,0.1722,0,267
2025-10-26,Black Tea (Kalo Chiya),beverage_hot,30,42,6,10,26,0,none,none,0,0.1722,0,267
2025-10-26,Americano,beverage_hot,150,44,6,10,26,0,none,none,0,0.1722,0,267
2025-10-26,Cappuccino,beverage_hot,190,43,6,10,26,0,none,none,0,0.1722,0,267
2025-10-26,Cafe Latte,beverage_hot,200,50,6,10,26,0,none,none,0,0.1722,0,267
2025-10-26,Hot Chocolate,beverage_hot,180,21,6,10,26,0,none,none,0,0.1722,0,267
2025-10-26,Cold Coffee,beverage_cold,220,40,6,10,26,0,none,none,0,0.1722,0,267
2025-10-26,Iced Americano,beverage_cold,180,37,6,10,26,0,none,none,0,0.1722,0,267
2025-10-26,Lassi,beverage_cold,120,35,6,10,26,0,none,none,0,0.1722,0,267
2025-10-26,Fresh Lime Soda,beverage_cold,100,39,6,10,26,0,none,none,0,0.1722,0,267
2025-10-26,Veg Momo,food_main,160,50,6,10,26,0,none,none,0,0.1722,0,267
2025-10-26,Buff Momo,food_main,180,75,6,10,26,0,none,none,0,0.1722,0,267
2025-10-26,Chicken Chowmein,food_main,190,51,6,10,26,0,none,none,0,0.1722,0,267
2025-10-26,Veg Thukpa,food_main,170,27,6,10,26,0,none,none,0,0.1722,0,267
2025-10-26,Club Sandwich,food_main,250,26,6,10,26,0,none,none,0,0.1722,0,267
2025-10-26,Chicken Burger,food_main,280,21,6,10,26,0,none,none,0,0.1722,0,267
2025-10-26,French Fries,food_snack,130,40,6,10,26,0,none,none,0,0.1722,0,267
2025-10-26,Samosa,food_snack,40,40,6,10,26,0,none,none,0,0.1722,0,267
2025-10-26,Chocolate Cake Slice,food_bakery,160,13,6,10,26,0,none,none,0,0.1722,0,267
2025-10-26,Croissant,food_bakery,140,10,6,10,26,0,none,none,0,0.1722,0,267
2025-10-27,Milk Tea (Dudh Chiya),beverage_hot,40,188,0,10,27,0,Chhath,holiday,0,0.1892,0,268
2025-10-27,Masala Chiya,beverage_hot,50,114,0,10,27,0,Chhath,holiday,0,0.1892,0,268
2025-10-27,Black Tea (Kalo Chiya),beverage_hot,30,47,0,10,27,0,Chhath,holiday,0,0.1892,0,268
2025-10-27,Americano,beverage_hot,150,55,0,10,27,0,Chhath,holiday,0,0.1892,0,268
2025-10-27,Cappuccino,beverage_hot,190,65,0,10,27,0,Chhath,holiday,0,0.1892,0,268
2025-10-27,Cafe Latte,beverage_hot,200,46,0,10,27,0,Chhath,holiday,0,0.1892,0,268
2025-10-27,Hot Chocolate,beverage_hot,180,25,0,10,27,0,Chhath,holiday,0,0.1892,0,268
2025-10-27,Cold Coffee,beverage_cold,220,52,0,10,27,0,Chhath,holiday,0,0.1892,0,268
2025-10-27,Iced Americano,beverage_cold,180,38,0,10,27,0,Chhath,holiday,0,0.1892,0,268
2025-10-27,Lassi,beverage_cold,120,36,0,10,27,0,Chhath,holiday,0,0.1892,0,268
2025-10-27,Fresh Lime Soda,beverage_cold,100,37,0,10,27,0,Chhath,holiday,0,0.1892,0,268
2025-10-27,Veg Momo,food_main,160,78,0,10,27,0,Chhath,holiday,0,0.1892,0,268
2025-10-27,Buff Momo,food_main,180,74,0,10,27,0,Chhath,holiday,0,0.1892,0,268
2025-10-27,Chicken Chowmein,food_main,190,55,0,10,27,0,Chhath,holiday,0,0.1892,0,268
2025-10-27,Veg Thukpa,food_main,170,26,0,10,27,0,Chhath,holiday,0,0.1892,0,268
2025-10-27,Club Sandwich,food_main,250,25,0,10,27,0,Chhath,holiday,0,0.1892,0,268
2025-10-27,Chicken Burger,food_main,280,26,0,10,27,0,Chhath,holiday,0,0.1892,0,268
2025-10-27,French Fries,food_snack,130,41,0,10,27,0,Chhath,holiday,0,0.1892,0,268
2025-10-27,Samosa,food_snack,40,46,0,10,27,0,Chhath,holiday,0,0.1892,0,268
2025-10-27,Chocolate Cake Slice,food_bakery,160,18,0,10,27,0,Chhath,holiday,0,0.1892,0,268
2025-10-27,Croissant,food_bakery,140,9,0,10,27,0,Chhath,holiday,0,0.1892,0,268
2025-10-28,Milk Tea (Dudh Chiya),beverage_hot,40,152,1,10,28,0,none,none,0,0.206,0,269
2025-10-28,Masala Chiya,beverage_hot,50,103,1,10,28,0,none,none,0,0.206,0,269
2025-10-28,Black Tea (Kalo Chiya),beverage_hot,30,52,1,10,28,0,none,none,0,0.206,0,269
2025-10-28,Americano,beverage_hot,150,51,1,10,28,0,none,none,0,0.206,0,269
2025-10-28,Cappuccino,beverage_hot,190,58,1,10,28,0,none,none,0,0.206,0,269
2025-10-28,Cafe Latte,beverage_hot,200,45,1,10,28,0,none,none,0,0.206,0,269
2025-10-28,Hot Chocolate,beverage_hot,180,34,1,10,28,0,none,none,0,0.206,0,269
2025-10-28,Cold Coffee,beverage_cold,220,59,1,10,28,0,none,none,0,0.206,0,269
2025-10-28,Iced Americano,beverage_cold,180,36,1,10,28,0,none,none,0,0.206,0,269
2025-10-28,Lassi,beverage_cold,120,36,1,10,28,0,none,none,0,0.206,0,269
2025-10-28,Fresh Lime Soda,beverage_cold,100,54,1,10,28,0,none,none,0,0.206,0,269
2025-10-28,Veg Momo,food_main,160,63,1,10,28,0,none,none,0,0.206,0,269
2025-10-28,Buff Momo,food_main,180,73,1,10,28,0,none,none,0,0.206,0,269
2025-10-28,Chicken Chowmein,food_main,190,55,1,10,28,0,none,none,0,0.206,0,269
2025-10-28,Veg Thukpa,food_main,170,37,1,10,28,0,none,none,0,0.206,0,269
2025-10-28,Club Sandwich,food_main,250,29,1,10,28,0,none,none,0,0.206,0,269
2025-10-28,Chicken Burger,food_main,280,29,1,10,28,0,none,none,0,0.206,0,269
2025-10-28,French Fries,food_snack,130,53,1,10,28,0,none,none,0,0.206,0,269
2025-10-28,Samosa,food_snack,40,47,1,10,28,0,none,none,0,0.206,0,269
2025-10-28,Chocolate Cake Slice,food_bakery,160,31,1,10,28,0,none,none,0,0.206,0,269
2025-10-28,Croissant,food_bakery,140,12,1,10,28,0,none,none,0,0.206,0,269
2025-10-29,Milk Tea (Dudh Chiya),beverage_hot,40,147,2,10,29,0,none,none,0,0.2228,0,270
2025-10-29,Masala Chiya,beverage_hot,50,99,2,10,29,0,none,none,0,0.2228,0,270
2025-10-29,Black Tea (Kalo Chiya),beverage_hot,30,39,2,10,29,0,none,none,0,0.2228,0,270
2025-10-29,Americano,beverage_hot,150,50,2,10,29,0,none,none,0,0.2228,0,270
2025-10-29,Cappuccino,beverage_hot,190,54,2,10,29,0,none,none,0,0.2228,0,270
2025-10-29,Cafe Latte,beverage_hot,200,44,2,10,29,0,none,none,0,0.2228,0,270
2025-10-29,Hot Chocolate,beverage_hot,180,21,2,10,29,0,none,none,0,0.2228,0,270
2025-10-29,Cold Coffee,beverage_cold,220,52,2,10,29,0,none,none,0,0.2228,0,270
2025-10-29,Iced Americano,beverage_cold,180,30,2,10,29,0,none,none,0,0.2228,0,270
2025-10-29,Lassi,beverage_cold,120,35,2,10,29,0,none,none,0,0.2228,0,270
2025-10-29,Fresh Lime Soda,beverage_cold,100,42,2,10,29,0,none,none,0,0.2228,0,270
2025-10-29,Veg Momo,food_main,160,58,2,10,29,0,none,none,0,0.2228,0,270
2025-10-29,Buff Momo,food_main,180,88,2,10,29,0,none,none,0,0.2228,0,270
2025-10-29,Chicken Chowmein,food_main,190,50,2,10,29,0,none,none,0,0.2228,0,270
2025-10-29,Veg Thukpa,food_main,170,28,2,10,29,0,none,none,0,0.2228,0,270
2025-10-29,Club Sandwich,food_main,250,35,2,10,29,0,none,none,0,0.2228,0,270
2025-10-29,Chicken Burger,food_main,280,28,2,10,29,0,none,none,0,0.2228,0,270
2025-10-29,French Fries,food_snack,130,37,2,10,29,0,none,none,0,0.2228,0,270
2025-10-29,Samosa,food_snack,40,30,2,10,29,0,none,none,0,0.2228,0,270
2025-10-29,Chocolate Cake Slice,food_bakery,160,14,2,10,29,0,none,none,0,0.2228,0,270
2025-10-29,Croissant,food_bakery,140,16,2,10,29,0,none,none,0,0.2228,0,270
2025-10-30,Milk Tea (Dudh Chiya),beverage_hot,40,158,3,10,30,0,none,none,0,0.2396,0,271
2025-10-30,Masala Chiya,beverage_hot,50,100,3,10,30,0,none,none,0,0.2396,0,271
2025-10-30,Black Tea (Kalo Chiya),beverage_hot,30,53,3,10,30,0,none,none,0,0.2396,0,271
2025-10-30,Americano,beverage_hot,150,46,3,10,30,0,none,none,0,0.2396,0,271
2025-10-30,Cappuccino,beverage_hot,190,60,3,10,30,0,none,none,0,0.2396,0,271
2025-10-30,Cafe Latte,beverage_hot,200,46,3,10,30,0,none,none,0,0.2396,0,271
2025-10-30,Hot Chocolate,beverage_hot,180,29,3,10,30,0,none,none,0,0.2396,0,271
2025-10-30,Cold Coffee,beverage_cold,220,51,3,10,30,0,none,none,0,0.2396,0,271
2025-10-30,Iced Americano,beverage_cold,180,30,3,10,30,0,none,none,0,0.2396,0,271
2025-10-30,Lassi,beverage_cold,120,37,3,10,30,0,none,none,0,0.2396,0,271
2025-10-30,Fresh Lime Soda,beverage_cold,100,41,3,10,30,0,none,none,0,0.2396,0,271
2025-10-30,Veg Momo,food_main,160,66,3,10,30,0,none,none,0,0.2396,0,271
2025-10-30,Buff Momo,food_main,180,82,3,10,30,0,none,none,0,0.2396,0,271
2025-10-30,Chicken Chowmein,food_main,190,59,3,10,30,0,none,none,0,0.2396,0,271
2025-10-30,Veg Thukpa,food_main,170,28,3,10,30,0,none,none,0,0.2396,0,271
2025-10-30,Club Sandwich,food_main,250,35,3,10,30,0,none,none,0,0.2396,0,271
2025-10-30,Chicken Burger,food_main,280,29,3,10,30,0,none,none,0,0.2396,0,271
2025-10-30,French Fries,food_snack,130,43,3,10,30,0,none,none,0,0.2396,0,271
2025-10-30,Samosa,food_snack,40,35,3,10,30,0,none,none,0,0.2396,0,271
2025-10-30,Chocolate Cake Slice,food_bakery,160,25,3,10,30,0,none,none,0,0.2396,0,271
2025-10-30,Croissant,food_bakery,140,16,3,10,30,0,none,none,0,0.2396,0,271
2025-10-31,Milk Tea (Dudh Chiya),beverage_hot,40,203,4,10,31,0,none,none,0,0.2562,0,272
2025-10-31,Masala Chiya,beverage_hot,50,103,4,10,31,0,none,none,0,0.2562,0,272
2025-10-31,Black Tea (Kalo Chiya),beverage_hot,30,56,4,10,31,0,none,none,0,0.2562,0,272
2025-10-31,Americano,beverage_hot,150,51,4,10,31,0,none,none,0,0.2562,0,272
2025-10-31,Cappuccino,beverage_hot,190,74,4,10,31,0,none,none,0,0.2562,0,272
2025-10-31,Cafe Latte,beverage_hot,200,62,4,10,31,0,none,none,0,0.2562,0,272
2025-10-31,Hot Chocolate,beverage_hot,180,36,4,10,31,0,none,none,0,0.2562,0,272
2025-10-31,Cold Coffee,beverage_cold,220,57,4,10,31,0,none,none,0,0.2562,0,272
2025-10-31,Iced Americano,beverage_cold,180,46,4,10,31,0,none,none,0,0.2562,0,272
2025-10-31,Lassi,beverage_cold,120,39,4,10,31,0,none,none,0,0.2562,0,272
2025-10-31,Fresh Lime Soda,beverage_cold,100,47,4,10,31,0,none,none,0,0.2562,0,272
2025-10-31,Veg Momo,food_main,160,67,4,10,31,0,none,none,0,0.2562,0,272
2025-10-31,Buff Momo,food_main,180,86,4,10,31,0,none,none,0,0.2562,0,272
2025-10-31,Chicken Chowmein,food_main,190,55,4,10,31,0,none,none,0,0.2562,0,272
2025-10-31,Veg Thukpa,food_main,170,42,4,10,31,0,none,none,0,0.2562,0,272
2025-10-31,Club Sandwich,food_main,250,32,4,10,31,0,none,none,0,0.2562,0,272
2025-10-31,Chicken Burger,food_main,280,41,4,10,31,0,none,none,0,0.2562,0,272
2025-10-31,French Fries,food_snack,130,42,4,10,31,0,none,none,0,0.2562,0,272
2025-10-31,Samosa,food_snack,40,32,4,10,31,0,none,none,0,0.2562,0,272
2025-10-31,Chocolate Cake Slice,food_bakery,160,18,4,10,31,0,none,none,0,0.2562,0,272
2025-10-31,Croissant,food_bakery,140,12,4,10,31,0,none,none,0,0.2562,0,272
2025-11-01,Milk Tea (Dudh Chiya),beverage_hot,40,223,5,11,1,1,none,none,0,0.2728,0,273
2025-11-01,Masala Chiya,beverage_hot,50,132,5,11,1,1,none,none,0,0.2728,0,273
2025-11-01,Black Tea (Kalo Chiya),beverage_hot,30,66,5,11,1,1,none,none,0,0.2728,0,273
2025-11-01,Americano,beverage_hot,150,74,5,11,1,1,none,none,0,0.2728,0,273
2025-11-01,Cappuccino,beverage_hot,190,90,5,11,1,1,none,none,0,0.2728,0,273
2025-11-01,Cafe Latte,beverage_hot,200,90,5,11,1,1,none,none,0,0.2728,0,273
2025-11-01,Hot Chocolate,beverage_hot,180,56,5,11,1,1,none,none,0,0.2728,0,273
2025-11-01,Cold Coffee,beverage_cold,220,70,5,11,1,1,none,none,0,0.2728,0,273
2025-11-01,Iced Americano,beverage_cold,180,65,5,11,1,1,none,none,0,0.2728,0,273
2025-11-01,Lassi,beverage_cold,120,64,5,11,1,1,none,none,0,0.2728,0,273
2025-11-01,Fresh Lime Soda,beverage_cold,100,67,5,11,1,1,none,none,0,0.2728,0,273
2025-11-01,Veg Momo,food_main,160,93,5,11,1,1,none,none,0,0.2728,0,273
2025-11-01,Buff Momo,food_main,180,114,5,11,1,1,none,none,0,0.2728,0,273
2025-11-01,Chicken Chowmein,food_main,190,79,5,11,1,1,none,none,0,0.2728,0,273
2025-11-01,Veg Thukpa,food_main,170,42,5,11,1,1,none,none,0,0.2728,0,273
2025-11-01,Club Sandwich,food_main,250,40,5,11,1,1,none,none,0,0.2728,0,273
2025-11-01,Chicken Burger,food_main,280,46,5,11,1,1,none,none,0,0.2728,0,273
2025-11-01,French Fries,food_snack,130,65,5,11,1,1,none,none,0,0.2728,0,273
2025-11-01,Samosa,food_snack,40,47,5,11,1,1,none,none,0,0.2728,0,273
2025-11-01,Chocolate Cake Slice,food_bakery,160,33,5,11,1,1,none,none,0,0.2728,0,273
2025-11-01,Croissant,food_bakery,140,16,5,11,1,1,none,none,0,0.2728,0,273
2025-11-02,Milk Tea (Dudh Chiya),beverage_hot,40,145,6,11,2,0,none,none,0,0.2893,0,274
2025-11-02,Masala Chiya,beverage_hot,50,96,6,11,2,0,none,none,0,0.2893,0,274
2025-11-02,Black Tea (Kalo Chiya),beverage_hot,30,42,6,11,2,0,none,none,0,0.2893,0,274
2025-11-02,Americano,beverage_hot,150,53,6,11,2,0,none,none,0,0.2893,0,274
2025-11-02,Cappuccino,beverage_hot,190,61,6,11,2,0,none,none,0,0.2893,0,274
2025-11-02,Cafe Latte,beverage_hot,200,48,6,11,2,0,none,none,0,0.2893,0,274
2025-11-02,Hot Chocolate,beverage_hot,180,30,6,11,2,0,none,none,0,0.2893,0,274
2025-11-02,Cold Coffee,beverage_cold,220,44,6,11,2,0,none,none,0,0.2893,0,274
2025-11-02,Iced Americano,beverage_cold,180,31,6,11,2,0,none,none,0,0.2893,0,274
2025-11-02,Lassi,beverage_cold,120,37,6,11,2,0,none,none,0,0.2893,0,274
2025-11-02,Fresh Lime Soda,beverage_cold,100,49,6,11,2,0,none,none,0,0.2893,0,274
2025-11-02,Veg Momo,food_main,160,86,6,11,2,0,none,none,0,0.2893,0,274
2025-11-02,Buff Momo,food_main,180,76,6,11,2,0,none,none,0,0.2893,0,274
2025-11-02,Chicken Chowmein,food_main,190,54,6,11,2,0,none,none,0,0.2893,0,274
2025-11-02,Veg Thukpa,food_main,170,36,6,11,2,0,none,none,0,0.2893,0,274
2025-11-02,Club Sandwich,food_main,250,34,6,11,2,0,none,none,0,0.2893,0,274
2025-11-02,Chicken Burger,food_main,280,21,6,11,2,0,none,none,0,0.2893,0,274
2025-11-02,French Fries,food_snack,130,47,6,11,2,0,none,none,0,0.2893,0,274
2025-11-02,Samosa,food_snack,40,37,6,11,2,0,none,none,0,0.2893,0,274
2025-11-02,Chocolate Cake Slice,food_bakery,160,20,6,11,2,0,none,none,0,0.2893,0,274
2025-11-02,Croissant,food_bakery,140,16,6,11,2,0,none,none,0,0.2893,0,274
2025-11-03,Milk Tea (Dudh Chiya),beverage_hot,40,135,0,11,3,0,none,none,0,0.3057,0,275
2025-11-03,Masala Chiya,beverage_hot,50,97,0,11,3,0,none,none,0,0.3057,0,275
2025-11-03,Black Tea (Kalo Chiya),beverage_hot,30,35,0,11,3,0,none,none,0,0.3057,0,275
2025-11-03,Americano,beverage_hot,150,61,0,11,3,0,none,none,0,0.3057,0,275
2025-11-03,Cappuccino,beverage_hot,190,43,0,11,3,0,none,none,0,0.3057,0,275
2025-11-03,Cafe Latte,beverage_hot,200,53,0,11,3,0,none,none,0,0.3057,0,275
2025-11-03,Hot Chocolate,beverage_hot,180,26,0,11,3,0,none,none,0,0.3057,0,275
2025-11-03,Cold Coffee,beverage_cold,220,60,0,11,3,0,none,none,0,0.3057,0,275
2025-11-03,Iced Americano,beverage_cold,180,46,0,11,3,0,none,none,0,0.3057,0,275
2025-11-03,Lassi,beverage_cold,120,34,0,11,3,0,none,none,0,0.3057,0,275
2025-11-03,Fresh Lime Soda,beverage_cold,100,49,0,11,3,0,none,none,0,0.3057,0,275
2025-11-03,Veg Momo,food_main,160,73,0,11,3,0,none,none,0,0.3057,0,275
2025-11-03,Buff Momo,food_main,180,69,0,11,3,0,none,none,0,0.3057,0,275
2025-11-03,Chicken Chowmein,food_main,190,55,0,11,3,0,none,none,0,0.3057,0,275
2025-11-03,Veg Thukpa,food_main,170,20,0,11,3,0,none,none,0,0.3057,0,275
2025-11-03,Club Sandwich,food_main,250,29,0,11,3,0,none,none,0,0.3057,0,275
2025-11-03,Chicken Burger,food_main,280,22,0,11,3,0,none,none,0,0.3057,0,275
2025-11-03,French Fries,food_snack,130,51,0,11,3,0,none,none,0,0.3057,0,275
2025-11-03,Samosa,food_snack,40,36,0,11,3,0,none,none,0,0.3057,0,275
2025-11-03,Chocolate Cake Slice,food_bakery,160,26,0,11,3,0,none,none,0,0.3057,0,275
2025-11-03,Croissant,food_bakery,140,13,0,11,3,0,none,none,0,0.3057,0,275
2025-11-04,Milk Tea (Dudh Chiya),beverage_hot,40,141,1,11,4,0,none,none,0,0.3221,0,276
2025-11-04,Masala Chiya,beverage_hot,50,98,1,11,4,0,none,none,0,0.3221,0,276
2025-11-04,Black Tea (Kalo Chiya),beverage_hot,30,45,1,11,4,0,none,none,0,0.3221,0,276
2025-11-04,Americano,beverage_hot,150,40,1,11,4,0,none,none,0,0.3221,0,276
2025-11-04,Cappuccino,beverage_hot,190,52,1,11,4,0,none,none,0,0.3221,0,276
2025-11-04,Cafe Latte,beverage_hot,200,57,1,11,4,0,none,none,0,0.3221,0,276
2025-11-04,Hot Chocolate,beverage_hot,180,28,1,11,4,0,none,none,0,0.3221,0,276
2025-11-04,Cold Coffee,beverage_cold,220,48,1,11,4,0,none,none,0,0.3221,0,276
2025-11-04,Iced Americano,beverage_cold,180,40,1,11,4,0,none,none,0,0.3221,0,276
2025-11-04,Lassi,beverage_cold,120,33,1,11,4,0,none,none,0,0.3221,0,276
2025-11-04,Fresh Lime Soda,beverage_cold,100,40,1,11,4,0,none,none,0,0.3221,0,276
2025-11-04,Veg Momo,food_main,160,49,1,11,4,0,none,none,0,0.3221,0,276
2025-11-04,Buff Momo,food_main,180,72,1,11,4,0,none,none,0,0.3221,0,276
2025-11-04,Chicken Chowmein,food_main,190,49,1,11,4,0,none,none,0,0.3221,0,276
2025-11-04,Veg Thukpa,food_main,170,30,1,11,4,0,none,none,0,0.3221,0,276
2025-11-04,Club Sandwich,food_main,250,23,1,11,4,0,none,none,0,0.3221,0,276
2025-11-04,Chicken Burger,food_main,280,25,1,11,4,0,none,none,0,0.3221,0,276
2025-11-04,French Fries,food_snack,130,38,1,11,4,0,none,none,0,0.3221,0,276
2025-11-04,Samosa,food_snack,40,39,1,11,4,0,none,none,0,0.3221,0,276
2025-11-04,Chocolate Cake Slice,food_bakery,160,20,1,11,4,0,none,none,0,0.3221,0,276
2025-11-04,Croissant,food_bakery,140,12,1,11,4,0,none,none,0,0.3221,0,276
2025-11-05,Milk Tea (Dudh Chiya),beverage_hot,40,163,2,11,5,0,none,none,0,0.3383,0,277
2025-11-05,Masala Chiya,beverage_hot,50,105,2,11,5,0,none,none,0,0.3383,0,277
2025-11-05,Black Tea (Kalo Chiya),beverage_hot,30,48,2,11,5,0,none,none,0,0.3383,0,277
2025-11-05,Americano,beverage_hot,150,59,2,11,5,0,none,none,0,0.3383,0,277
2025-11-05,Cappuccino,beverage_hot,190,50,2,11,5,0,none,none,0,0.3383,0,277
2025-11-05,Cafe Latte,beverage_hot,200,55,2,11,5,0,none,none,0,0.3383,0,277
2025-11-05,Hot Chocolate,beverage_hot,180,32,2,11,5,0,none,none,0,0.3383,0,277
2025-11-05,Cold Coffee,beverage_cold,220,47,2,11,5,0,none,none,0,0.3383,0,277
2025-11-05,Iced Americano,beverage_cold,180,41,2,11,5,0,none,none,0,0.3383,0,277
2025-11-05,Lassi,beverage_cold,120,43,2,11,5,0,none,none,0,0.3383,0,277
2025-11-05,Fresh Lime Soda,beverage_cold,100,51,2,11,5,0,none,none,0,0.3383,0,277
2025-11-05,Veg Momo,food_main,160,78,2,11,5,0,none,none,0,0.3383,0,277
2025-11-05,Buff Momo,food_main,180,78,2,11,5,0,none,none,0,0.3383,0,277
2025-11-05,Chicken Chowmein,food_main,190,60,2,11,5,0,none,none,0,0.3383,0,277
2025-11-05,Veg Thukpa,food_main,170,26,2,11,5,0,none,none,0,0.3383,0,277
2025-11-05,Club Sandwich,food_main,250,35,2,11,5,0,none,none,0,0.3383,0,277
2025-11-05,Chicken Burger,food_main,280,22,2,11,5,0,none,none,0,0.3383,0,277
2025-11-05,French Fries,food_snack,130,54,2,11,5,0,none,none,0,0.3383,0,277
2025-11-05,Samosa,food_snack,40,45,2,11,5,0,none,none,0,0.3383,0,277
2025-11-05,Chocolate Cake Slice,food_bakery,160,22,2,11,5,0,none,none,0,0.3383,0,277
2025-11-05,Croissant,food_bakery,140,14,2,11,5,0,none,none,0,0.3383,0,277
2025-11-06,Milk Tea (Dudh Chiya),beverage_hot,40,153,3,11,6,0,none,none,0,0.3545,0,278
2025-11-06,Masala Chiya,beverage_hot,50,104,3,11,6,0,none,none,0,0.3545,0,278
2025-11-06,Black Tea (Kalo Chiya),beverage_hot,30,41,3,11,6,0,none,none,0,0.3545,0,278
2025-11-06,Americano,beverage_hot,150,54,3,11,6,0,none,none,0,0.3545,0,278
2025-11-06,Cappuccino,beverage_hot,190,67,3,11,6,0,none,none,0,0.3545,0,278
2025-11-06,Cafe Latte,beverage_hot,200,51,3,11,6,0,none,none,0,0.3545,0,278
2025-11-06,Hot Chocolate,beverage_hot,180,31,3,11,6,0,none,none,0,0.3545,0,278
2025-11-06,Cold Coffee,beverage_cold,220,46,3,11,6,0,none,none,0,0.3545,0,278
2025-11-06,Iced Americano,beverage_cold,180,38,3,11,6,0,none,none,0,0.3545,0,278
2025-11-06,Lassi,beverage_cold,120,39,3,11,6,0,none,none,0,0.3545,0,278
2025-11-06,Fresh Lime Soda,beverage_cold,100,53,3,11,6,0,none,none,0,0.3545,0,278
2025-11-06,Veg Momo,food_main,160,81,3,11,6,0,none,none,0,0.3545,0,278
2025-11-06,Buff Momo,food_main,180,84,3,11,6,0,none,none,0,0.3545,0,278
2025-11-06,Chicken Chowmein,food_main,190,55,3,11,6,0,none,none,0,0.3545,0,278
2025-11-06,Veg Thukpa,food_main,170,30,3,11,6,0,none,none,0,0.3545,0,278
2025-11-06,Club Sandwich,food_main,250,41,3,11,6,0,none,none,0,0.3545,0,278
2025-11-06,Chicken Burger,food_main,280,28,3,11,6,0,none,none,0,0.3545,0,278
2025-11-06,French Fries,food_snack,130,62,3,11,6,0,none,none,0,0.3545,0,278
2025-11-06,Samosa,food_snack,40,53,3,11,6,0,none,none,0,0.3545,0,278
2025-11-06,Chocolate Cake Slice,food_bakery,160,21,3,11,6,0,none,none,0,0.3545,0,278
2025-11-06,Croissant,food_bakery,140,14,3,11,6,0,none,none,0,0.3545,0,278
2025-11-07,Milk Tea (Dudh Chiya),beverage_hot,40,181,4,11,7,0,none,none,0,0.3705,0,279
2025-11-07,Masala Chiya,beverage_hot,50,134,4,11,7,0,none,none,0,0.3705,0,279
2025-11-07,Black Tea (Kalo Chiya),beverage_hot,30,53,4,11,7,0,none,none,0,0.3705,0,279
2025-11-07,Americano,beverage_hot,150,68,4,11,7,0,none,none,0,0.3705,0,279
2025-11-07,Cappuccino,beverage_hot,190,75,4,11,7,0,none,none,0,0.3705,0,279
2025-11-07,Cafe Latte,beverage_hot,200,45,4,11,7,0,none,none,0,0.3705,0,279
2025-11-07,Hot Chocolate,beverage_hot,180,34,4,11,7,0,none,none,0,0.3705,0,279
2025-11-07,Cold Coffee,beverage_cold,220,61,4,11,7,0,none,none,0,0.3705,0,279
2025-11-07,Iced Americano,beverage_cold,180,46,4,11,7,0,none,none,0,0.3705,0,279
2025-11-07,Lassi,beverage_cold,120,39,4,11,7,0,none,none,0,0.3705,0,279
2025-11-07,Fresh Lime Soda,beverage_cold,100,56,4,11,7,0,none,none,0,0.3705,0,279
2025-11-07,Veg Momo,food_main,160,76,4,11,7,0,none,none,0,0.3705,0,279
2025-11-07,Buff Momo,food_main,180,81,4,11,7,0,none,none,0,0.3705,0,279
2025-11-07,Chicken Chowmein,food_main,190,69,4,11,7,0,none,none,0,0.3705,0,279
2025-11-07,Veg Thukpa,food_main,170,31,4,11,7,0,none,none,0,0.3705,0,279
2025-11-07,Club Sandwich,food_main,250,33,4,11,7,0,none,none,0,0.3705,0,279
2025-11-07,Chicken Burger,food_main,280,26,4,11,7,0,none,none,0,0.3705,0,279
2025-11-07,French Fries,food_snack,130,56,4,11,7,0,none,none,0,0.3705,0,279
2025-11-07,Samosa,food_snack,40,56,4,11,7,0,none,none,0,0.3705,0,279
2025-11-07,Chocolate Cake Slice,food_bakery,160,25,4,11,7,0,none,none,0,0.3705,0,279
2025-11-07,Croissant,food_bakery,140,15,4,11,7,0,none,none,0,0.3705,0,279
2025-11-08,Milk Tea (Dudh Chiya),beverage_hot,40,202,5,11,8,1,none,none,0,0.3864,0,280
2025-11-08,Masala Chiya,beverage_hot,50,129,5,11,8,1,none,none,0,0.3864,0,280
2025-11-08,Black Tea (Kalo Chiya),beverage_hot,30,43,5,11,8,1,none,none,0,0.3864,0,280
2025-11-08,Americano,beverage_hot,150,76,5,11,8,1,none,none,0,0.3864,0,280
2025-11-08,Cappuccino,beverage_hot,190,66,5,11,8,1,none,none,0,0.3864,0,280
2025-11-08,Cafe Latte,beverage_hot,200,83,5,11,8,1,none,none,0,0.3864,0,280
2025-11-08,Hot Chocolate,beverage_hot,180,39,5,11,8,1,none,none,0,0.3864,0,280
2025-11-08,Cold Coffee,beverage_cold,220,58,5,11,8,1,none,none,0,0.3864,0,280
2025-11-08,Iced Americano,beverage_cold,180,48,5,11,8,1,none,none,0,0.3864,0,280
2025-11-08,Lassi,beverage_cold,120,58,5,11,8,1,none,none,0,0.3864,0,280
2025-11-08,Fresh Lime Soda,beverage_cold,100,62,5,11,8,1,none,none,0,0.3864,0,280
2025-11-08,Veg Momo,food_main,160,88,5,11,8,1,none,none,0,0.3864,0,280
2025-11-08,Buff Momo,food_main,180,97,5,11,8,1,none,none,0,0.3864,0,280
2025-11-08,Chicken Chowmein,food_main,190,81,5,11,8,1,none,none,0,0.3864,0,280
2025-11-08,Veg Thukpa,food_main,170,37,5,11,8,1,none,none,0,0.3864,0,280
2025-11-08,Club Sandwich,food_main,250,40,5,11,8,1,none,none,0,0.3864,0,280
2025-11-08,Chicken Burger,food_main,280,28,5,11,8,1,none,none,0,0.3864,0,280
2025-11-08,French Fries,food_snack,130,59,5,11,8,1,none,none,0,0.3864,0,280
2025-11-08,Samosa,food_snack,40,49,5,11,8,1,none,none,0,0.3864,0,280
2025-11-08,Chocolate Cake Slice,food_bakery,160,32,5,11,8,1,none,none,0,0.3864,0,280
2025-11-08,Croissant,food_bakery,140,18,5,11,8,1,none,none,0,0.3864,0,280
2025-11-09,Milk Tea (Dudh Chiya),beverage_hot,40,154,6,11,9,0,none,none,0,0.4022,0,281
2025-11-09,Masala Chiya,beverage_hot,50,111,6,11,9,0,none,none,0,0.4022,0,281
2025-11-09,Black Tea (Kalo Chiya),beverage_hot,30,52,6,11,9,0,none,none,0,0.4022,0,281
2025-11-09,Americano,beverage_hot,150,39,6,11,9,0,none,none,0,0.4022,0,281
2025-11-09,Cappuccino,beverage_hot,190,52,6,11,9,0,none,none,0,0.4022,0,281
2025-11-09,Cafe Latte,beverage_hot,200,40,6,11,9,0,none,none,0,0.4022,0,281
2025-11-09,Hot Chocolate,beverage_hot,180,35,6,11,9,0,none,none,0,0.4022,0,281
2025-11-09,Cold Coffee,beverage_cold,220,36,6,11,9,0,none,none,0,0.4022,0,281
2025-11-09,Iced Americano,beverage_cold,180,36,6,11,9,0,none,none,0,0.4022,0,281
2025-11-09,Lassi,beverage_cold,120,31,6,11,9,0,none,none,0,0.4022,0,281
2025-11-09,Fresh Lime Soda,beverage_cold,100,52,6,11,9,0,none,none,0,0.4022,0,281
2025-11-09,Veg Momo,food_main,160,71,6,11,9,0,none,none,0,0.4022,0,281
2025-11-09,Buff Momo,food_main,180,76,6,11,9,0,none,none,0,0.4022,0,281
2025-11-09,Chicken Chowmein,food_main,190,52,6,11,9,0,none,none,0,0.4022,0,281
2025-11-09,Veg Thukpa,food_main,170,34,6,11,9,0,none,none,0,0.4022,0,281
2025-11-09,Club Sandwich,food_main,250,34,6,11,9,0,none,none,0,0.4022,0,281
2025-11-09,Chicken Burger,food_main,280,44,6,11,9,0,none,none,0,0.4022,0,281
2025-11-09,French Fries,food_snack,130,39,6,11,9,0,none,none,0,0.4022,0,281
2025-11-09,Samosa,food_snack,40,42,6,11,9,0,none,none,0,0.4022,0,281
2025-11-09,Chocolate Cake Slice,food_bakery,160,18,6,11,9,0,none,none,0,0.4022,0,281
2025-11-09,Croissant,food_bakery,140,19,6,11,9,0,none,none,0,0.4022,0,281
2025-11-10,Milk Tea (Dudh Chiya),beverage_hot,40,152,0,11,10,0,none,none,0,0.4179,0,282
2025-11-10,Masala Chiya,beverage_hot,50,109,0,11,10,0,none,none,0,0.4179,0,282
2025-11-10,Black Tea (Kalo Chiya),beverage_hot,30,56,0,11,10,0,none,none,0,0.4179,0,282
2025-11-10,Americano,beverage_hot,150,58,0,11,10,0,none,none,0,0.4179,0,282
2025-11-10,Cappuccino,beverage_hot,190,65,0,11,10,0,none,none,0,0.4179,0,282
2025-11-10,Cafe Latte,beverage_hot,200,51,0,11,10,0,none,none,0,0.4179,0,282
2025-11-10,Hot Chocolate,beverage_hot,180,25,0,11,10,0,none,none,0,0.4179,0,282
2025-11-10,Cold Coffee,beverage_cold,220,58,0,11,10,0,none,none,0,0.4179,0,282
2025-11-10,Iced Americano,beverage_cold,180,37,0,11,10,0,none,none,0,0.4179,0,282
2025-11-10,Lassi,beverage_cold,120,25,0,11,10,0,none,none,0,0.4179,0,282
2025-11-10,Fresh Lime Soda,beverage_cold,100,53,0,11,10,0,none,none,0,0.4179,0,282
2025-11-10,Veg Momo,food_main,160,78,0,11,10,0,none,none,0,0.4179,0,282
2025-11-10,Buff Momo,food_main,180,80,0,11,10,0,none,none,0,0.4179,0,282
2025-11-10,Chicken Chowmein,food_main,190,42,0,11,10,0,none,none,0,0.4179,0,282
2025-11-10,Veg Thukpa,food_main,170,35,0,11,10,0,none,none,0,0.4179,0,282
2025-11-10,Club Sandwich,food_main,250,29,0,11,10,0,none,none,0,0.4179,0,282
2025-11-10,Chicken Burger,food_main,280,29,0,11,10,0,none,none,0,0.4179,0,282
2025-11-10,French Fries,food_snack,130,40,0,11,10,0,none,none,0,0.4179,0,282
2025-11-10,Samosa,food_snack,40,33,0,11,10,0,none,none,0,0.4179,0,282
2025-11-10,Chocolate Cake Slice,food_bakery,160,21,0,11,10,0,none,none,0,0.4179,0,282
2025-11-10,Croissant,food_bakery,140,20,0,11,10,0,none,none,0,0.4179,0,282
2025-11-11,Milk Tea (Dudh Chiya),beverage_hot,40,121,1,11,11,0,none,none,0,0.4335,0,283
2025-11-11,Masala Chiya,beverage_hot,50,80,1,11,11,0,none,none,0,0.4335,0,283
2025-11-11,Black Tea (Kalo Chiya),beverage_hot,30,39,1,11,11,0,none,none,0,0.4335,0,283
2025-11-11,Americano,beverage_hot,150,29,1,11,11,0,none,none,0,0.4335,0,283
2025-11-11,Cappuccino,beverage_hot,190,44,1,11,11,0,none,none,0,0.4335,0,283
2025-11-11,Cafe Latte,beverage_hot,200,45,1,11,11,0,none,none,0,0.4335,0,283
2025-11-11,Hot Chocolate,beverage_hot,180,23,1,11,11,0,none,none,0,0.4335,0,283
2025-11-11,Cold Coffee,beverage_cold,220,39,1,11,11,0,none,none,0,0.4335,0,283
2025-11-11,Iced Americano,beverage_cold,180,25,1,11,11,0,none,none,0,0.4335,0,283
2025-11-11,Lassi,beverage_cold,120,38,1,11,11,0,none,none,0,0.4335,0,283
2025-11-11,Fresh Lime Soda,beverage_cold,100,38,1,11,11,0,none,none,0,0.4335,0,283
2025-11-11,Veg Momo,food_main,160,64,1,11,11,0,none,none,0,0.4335,0,283
2025-11-11,Buff Momo,food_main,180,62,1,11,11,0,none,none,0,0.4335,0,283
2025-11-11,Chicken Chowmein,food_main,190,43,1,11,11,0,none,none,0,0.4335,0,283
2025-11-11,Veg Thukpa,food_main,170,18,1,11,11,0,none,none,0,0.4335,0,283
2025-11-11,Club Sandwich,food_main,250,25,1,11,11,0,none,none,0,0.4335,0,283
2025-11-11,Chicken Burger,food_main,280,28,1,11,11,0,none,none,0,0.4335,0,283
2025-11-11,French Fries,food_snack,130,46,1,11,11,0,none,none,0,0.4335,0,283
2025-11-11,Samosa,food_snack,40,29,1,11,11,0,none,none,0,0.4335,0,283
2025-11-11,Chocolate Cake Slice,food_bakery,160,11,1,11,11,0,none,none,0,0.4335,0,283
2025-11-11,Croissant,food_bakery,140,16,1,11,11,0,none,none,0,0.4335,0,283
2025-11-12,Milk Tea (Dudh Chiya),beverage_hot,40,148,2,11,12,0,none,none,0,0.4489,0,284
2025-11-12,Masala Chiya,beverage_hot,50,93,2,11,12,0,none,none,0,0.4489,0,284
2025-11-12,Black Tea (Kalo Chiya),beverage_hot,30,61,2,11,12,0,none,none,0,0.4489,0,284
2025-11-12,Americano,beverage_hot,150,43,2,11,12,0,none,none,0,0.4489,0,284
2025-11-12,Cappuccino,beverage_hot,190,48,2,11,12,0,none,none,0,0.4489,0,284
2025-11-12,Cafe Latte,beverage_hot,200,43,2,11,12,0,none,none,0,0.4489,0,284
2025-11-12,Hot Chocolate,beverage_hot,180,31,2,11,12,0,none,none,0,0.4489,0,284
2025-11-12,Cold Coffee,beverage_cold,220,33,2,11,12,0,none,none,0,0.4489,0,284
2025-11-12,Iced Americano,beverage_cold,180,23,2,11,12,0,none,none,0,0.4489,0,284
2025-11-12,Lassi,beverage_cold,120,36,2,11,12,0,none,none,0,0.4489,0,284
2025-11-12,Fresh Lime Soda,beverage_cold,100,50,2,11,12,0,none,none,0,0.4489,0,284
2025-11-12,Veg Momo,food_main,160,68,2,11,12,0,none,none,0,0.4489,0,284
2025-11-12,Buff Momo,food_main,180,76,2,11,12,0,none,none,0,0.4489,0,284
2025-11-12,Chicken Chowmein,food_main,190,52,2,11,12,0,none,none,0,0.4489,0,284
2025-11-12,Veg Thukpa,food_main,170,21,2,11,12,0,none,none,0,0.4489,0,284
2025-11-12,Club Sandwich,food_main,250,26,2,11,12,0,none,none,0,0.4489,0,284
2025-11-12,Chicken Burger,food_main,280,39,2,11,12,0,none,none,0,0.4489,0,284
2025-11-12,French Fries,food_snack,130,34,2,11,12,0,none,none,0,0.4489,0,284
2025-11-12,Samosa,food_snack,40,32,2,11,12,0,none,none,0,0.4489,0,284
2025-11-12,Chocolate Cake Slice,food_bakery,160,13,2,11,12,0,none,none,0,0.4489,0,284
2025-11-12,Croissant,food_bakery,140,11,2,11,12,0,none,none,0,0.4489,0,284
2025-11-13,Milk Tea (Dudh Chiya),beverage_hot,40,178,3,11,13,0,none,none,0,0.4642,0,285
2025-11-13,Masala Chiya,beverage_hot,50,116,3,11,13,0,none,none,0,0.4642,0,285
2025-11-13,Black Tea (Kalo Chiya),beverage_hot,30,57,3,11,13,0,none,none,0,0.4642,0,285
2025-11-13,Americano,beverage_hot,150,51,3,11,13,0,none,none,0,0.4642,0,285
2025-11-13,Cappuccino,beverage_hot,190,60,3,11,13,0,none,none,0,0.4642,0,285
2025-11-13,Cafe Latte,beverage_hot,200,46,3,11,13,0,none,none,0,0.4642,0,285
2025-11-13,Hot Chocolate,beverage_hot,180,27,3,11,13,0,none,none,0,0.4642,0,285
2025-11-13,Cold Coffee,beverage_cold,220,52,3,11,13,0,none,none,0,0.4642,0,285
2025-11-13,Iced Americano,beverage_cold,180,46,3,11,13,0,none,none,0,0.4642,0,285
2025-11-13,Lassi,beverage_cold,120,39,3,11,13,0,none,none,0,0.4642,0,285
2025-11-13,Fresh Lime Soda,beverage_cold,100,49,3,11,13,0,none,none,0,0.4642,0,285
2025-11-13,Veg Momo,food_main,160,76,3,11,13,0,none,none,0,0.4642,0,285
2025-11-13,Buff Momo,food_main,180,68,3,11,13,0,none,none,0,0.4642,0,285
2025-11-13,Chicken Chowmein,food_main,190,61,3,11,13,0,none,none,0,0.4642,0,285
2025-11-13,Veg Thukpa,food_main,170,35,3,11,13,0,none,none,0,0.4642,0,285
2025-11-13,Club Sandwich,food_main,250,25,3,11,13,0,none,none,0,0.4642,0,285
2025-11-13,Chicken Burger,food_main,280,25,3,11,13,0,none,none,0,0.4642,0,285
2025-11-13,French Fries,food_snack,130,50,3,11,13,0,none,none,0,0.4642,0,285
2025-11-13,Samosa,food_snack,40,30,3,11,13,0,none,none,0,0.4642,0,285
2025-11-13,Chocolate Cake Slice,food_bakery,160,27,3,11,13,0,none,none,0,0.4642,0,285
2025-11-13,Croissant,food_bakery,140,12,3,11,13,0,none,none,0,0.4642,0,285
2025-11-14,Milk Tea (Dudh Chiya),beverage_hot,40,174,4,11,14,0,none,none,0,0.4794,0,286
2025-11-14,Masala Chiya,beverage_hot,50,104,4,11,14,0,none,none,0,0.4794,0,286
2025-11-14,Black Tea (Kalo Chiya),beverage_hot,30,41,4,11,14,0,none,none,0,0.4794,0,286
2025-11-14,Americano,beverage_hot,150,52,4,11,14,0,none,none,0,0.4794,0,286
2025-11-14,Cappuccino,beverage_hot,190,69,4,11,14,0,none,none,0,0.4794,0,286
2025-11-14,Cafe Latte,beverage_hot,200,50,4,11,14,0,none,none,0,0.4794,0,286
2025-11-14,Hot Chocolate,beverage_hot,180,21,4,11,14,0,none,none,0,0.4794,0,286
2025-11-14,Cold Coffee,beverage_cold,220,47,4,11,14,0,none,none,0,0.4794,0,286
2025-11-14,Iced Americano,beverage_cold,180,31,4,11,14,0,none,none,0,0.4794,0,286
2025-11-14,Lassi,beverage_cold,120,38,4,11,14,0,none,none,0,0.4794,0,286
2025-11-14,Fresh Lime Soda,beverage_cold,100,41,4,11,14,0,none,none,0,0.4794,0,286
2025-11-14,Veg Momo,food_main,160,75,4,11,14,0,none,none,0,0.4794,0,286
2025-11-14,Buff Momo,food_main,180,85,4,11,14,0,none,none,0,0.4794,0,286
2025-11-14,Chicken Chowmein,food_main,190,54,4,11,14,0,none,none,0,0.4794,0,286
2025-11-14,Veg Thukpa,food_main,170,23,4,11,14,0,none,none,0,0.4794,0,286
2025-11-14,Club Sandwich,food_main,250,29,4,11,14,0,none,none,0,0.4794,0,286
2025-11-14,Chicken Burger,food_main,280,32,4,11,14,0,none,none,0,0.4794,0,286
2025-11-14,French Fries,food_snack,130,44,4,11,14,0,none,none,0,0.4794,0,286
2025-11-14,Samosa,food_snack,40,23,4,11,14,0,none,none,0,0.4794,0,286
2025-11-14,Chocolate Cake Slice,food_bakery,160,14,4,11,14,0,none,none,0,0.4794,0,286
2025-11-14,Croissant,food_bakery,140,14,4,11,14,0,none,none,0,0.4794,0,286
2025-11-15,Milk Tea (Dudh Chiya),beverage_hot,40,200,5,11,15,1,none,none,0,0.4944,0,287
2025-11-15,Masala Chiya,beverage_hot,50,125,5,11,15,1,none,none,0,0.4944,0,287
2025-11-15,Black Tea (Kalo Chiya),beverage_hot,30,59,5,11,15,1,none,none,0,0.4944,0,287
2025-11-15,Americano,beverage_hot,150,61,5,11,15,1,none,none,0,0.4944,0,287
2025-11-15,Cappuccino,beverage_hot,190,86,5,11,15,1,none,none,0,0.4944,0,287
2025-11-15,Cafe Latte,beverage_hot,200,67,5,11,15,1,none,none,0,0.4944,0,287
2025-11-15,Hot Chocolate,beverage_hot,180,35,5,11,15,1,none,none,0,0.4944,0,287
2025-11-15,Cold Coffee,beverage_cold,220,64,5,11,15,1,none,none,0,0.4944,0,287
2025-11-15,Iced Americano,beverage_cold,180,44,5,11,15,1,none,none,0,0.4944,0,287
2025-11-15,Lassi,beverage_cold,120,65,5,11,15,1,none,none,0,0.4944,0,287
2025-11-15,Fresh Lime Soda,beverage_cold,100,60,5,11,15,1,none,none,0,0.4944,0,287
2025-11-15,Veg Momo,food_main,160,99,5,11,15,1,none,none,0,0.4944,0,287
2025-11-15,Buff Momo,food_main,180,98,5,11,15,1,none,none,0,0.4944,0,287
2025-11-15,Chicken Chowmein,food_main,190,65,5,11,15,1,none,none,0,0.4944,0,287
2025-11-15,Veg Thukpa,food_main,170,39,5,11,15,1,none,none,0,0.4944,0,287
2025-11-15,Club Sandwich,food_main,250,33,5,11,15,1,none,none,0,0.4944,0,287
2025-11-15,Chicken Burger,food_main,280,31,5,11,15,1,none,none,0,0.4944,0,287
2025-11-15,French Fries,food_snack,130,58,5,11,15,1,none,none,0,0.4944,0,287
2025-11-15,Samosa,food_snack,40,49,5,11,15,1,none,none,0,0.4944,0,287
2025-11-15,Chocolate Cake Slice,food_bakery,160,22,5,11,15,1,none,none,0,0.4944,0,287
2025-11-15,Croissant,food_bakery,140,26,5,11,15,1,none,none,0,0.4944,0,287
2025-11-16,Milk Tea (Dudh Chiya),beverage_hot,40,177,6,11,16,0,none,none,0,0.5093,0,288
2025-11-16,Masala Chiya,beverage_hot,50,117,6,11,16,0,none,none,0,0.5093,0,288
2025-11-16,Black Tea (Kalo Chiya),beverage_hot,30,51,6,11,16,0,none,none,0,0.5093,0,288
2025-11-16,Americano,beverage_hot,150,57,6,11,16,0,none,none,0,0.5093,0,288
2025-11-16,Cappuccino,beverage_hot,190,67,6,11,16,0,none,none,0,0.5093,0,288
2025-11-16,Cafe Latte,beverage_hot,200,42,6,11,16,0,none,none,0,0.5093,0,288
2025-11-16,Hot Chocolate,beverage_hot,180,22,6,11,16,0,none,none,0,0.5093,0,288
2025-11-16,Cold Coffee,beverage_cold,220,69,6,11,16,0,none,none,0,0.5093,0,288
2025-11-16,Iced Americano,beverage_cold,180,34,6,11,16,0,none,none,0,0.5093,0,288
2025-11-16,Lassi,beverage_cold,120,47,6,11,16,0,none,none,0,0.5093,0,288
2025-11-16,Fresh Lime Soda,beverage_cold,100,41,6,11,16,0,none,none,0,0.5093,0,288
2025-11-16,Veg Momo,food_main,160,56,6,11,16,0,none,none,0,0.5093,0,288
2025-11-16,Buff Momo,food_main,180,92,6,11,16,0,none,none,0,0.5093,0,288
2025-11-16,Chicken Chowmein,food_main,190,54,6,11,16,0,none,none,0,0.5093,0,288
2025-11-16,Veg Thukpa,food_main,170,28,6,11,16,0,none,none,0,0.5093,0,288
2025-11-16,Club Sandwich,food_main,250,30,6,11,16,0,none,none,0,0.5093,0,288
2025-11-16,Chicken Burger,food_main,280,39,6,11,16,0,none,none,0,0.5093,0,288
2025-11-16,French Fries,food_snack,130,54,6,11,16,0,none,none,0,0.5093,0,288
2025-11-16,Samosa,food_snack,40,37,6,11,16,0,none,none,0,0.5093,0,288
2025-11-16,Chocolate Cake Slice,food_bakery,160,21,6,11,16,0,none,none,0,0.5093,0,288
2025-11-16,Croissant,food_bakery,140,12,6,11,16,0,none,none,0,0.5093,0,288
2025-11-17,Milk Tea (Dudh Chiya),beverage_hot,40,156,0,11,17,0,none,none,0,0.524,0,289
2025-11-17,Masala Chiya,beverage_hot,50,83,0,11,17,0,none,none,0,0.524,0,289
2025-11-17,Black Tea (Kalo Chiya),beverage_hot,30,57,0,11,17,0,none,none,0,0.524,0,289
2025-11-17,Americano,beverage_hot,150,55,0,11,17,0,none,none,0,0.524,0,289
2025-11-17,Cappuccino,beverage_hot,190,48,0,11,17,0,none,none,0,0.524,0,289
2025-11-17,Cafe Latte,beverage_hot,200,46,0,11,17,0,none,none,0,0.524,0,289
2025-11-17,Hot Chocolate,beverage_hot,180,28,0,11,17,0,none,none,0,0.524,0,289
2025-11-17,Cold Coffee,beverage_cold,220,53,0,11,17,0,none,none,0,0.524,0,289
2025-11-17,Iced Americano,beverage_cold,180,27,0,11,17,0,none,none,0,0.524,0,289
2025-11-17,Lassi,beverage_cold,120,49,0,11,17,0,none,none,0,0.524,0,289
2025-11-17,Fresh Lime Soda,beverage_cold,100,46,0,11,17,0,none,none,0,0.524,0,289
2025-11-17,Veg Momo,food_main,160,66,0,11,17,0,none,none,0,0.524,0,289
2025-11-17,Buff Momo,food_main,180,78,0,11,17,0,none,none,0,0.524,0,289
2025-11-17,Chicken Chowmein,food_main,190,56,0,11,17,0,none,none,0,0.524,0,289
2025-11-17,Veg Thukpa,food_main,170,27,0,11,17,0,none,none,0,0.524,0,289
2025-11-17,Club Sandwich,food_main,250,31,0,11,17,0,none,none,0,0.524,0,289
2025-11-17,Chicken Burger,food_main,280,26,0,11,17,0,none,none,0,0.524,0,289
2025-11-17,French Fries,food_snack,130,45,0,11,17,0,none,none,0,0.524,0,289
2025-11-17,Samosa,food_snack,40,33,0,11,17,0,none,none,0,0.524,0,289
2025-11-17,Chocolate Cake Slice,food_bakery,160,12,0,11,17,0,none,none,0,0.524,0,289
2025-11-17,Croissant,food_bakery,140,13,0,11,17,0,none,none,0,0.524,0,289
2025-11-18,Milk Tea (Dudh Chiya),beverage_hot,40,136,1,11,18,0,none,none,0,0.5386,0,290
2025-11-18,Masala Chiya,beverage_hot,50,104,1,11,18,0,none,none,0,0.5386,0,290
2025-11-18,Black Tea (Kalo Chiya),beverage_hot,30,43,1,11,18,0,none,none,0,0.5386,0,290
2025-11-18,Americano,beverage_hot,150,56,1,11,18,0,none,none,0,0.5386,0,290
2025-11-18,Cappuccino,beverage_hot,190,52,1,11,18,0,none,none,0,0.5386,0,290
2025-11-18,Cafe Latte,beverage_hot,200,53,1,11,18,0,none,none,0,0.5386,0,290
2025-11-18,Hot Chocolate,beverage_hot,180,34,1,11,18,0,none,none,0,0.5386,0,290
2025-11-18,Cold Coffee,beverage_cold,220,51,1,11,18,0,none,none,0,0.5386,0,290
2025-11-18,Iced Americano,beverage_cold,180,25,1,11,18,0,none,none,0,0.5386,0,290
2025-11-18,Lassi,beverage_cold,120,27,1,11,18,0,none,none,0,0.5386,0,290
2025-11-18,Fresh Lime Soda,beverage_cold,100,37,1,11,18,0,none,none,0,0.5386,0,290
2025-11-18,Veg Momo,food_main,160,55,1,11,18,0,none,none,0,0.5386,0,290
2025-11-18,Buff Momo,food_main,180,67,1,11,18,0,none,none,0,0.5386,0,290
2025-11-18,Chicken Chowmein,food_main,190,50,1,11,18,0,none,none,0,0.5386,0,290
2025-11-18,Veg Thukpa,food_main,170,25,1,11,18,0,none,none,0,0.5386,0,290
2025-11-18,Club Sandwich,food_main,250,23,1,11,18,0,none,none,0,0.5386,0,290
2025-11-18,Chicken Burger,food_main,280,25,1,11,18,0,none,none,0,0.5386,0,290
2025-11-18,French Fries,food_snack,130,52,1,11,18,0,none,none,0,0.5386,0,290
2025-11-18,Samosa,food_snack,40,52,1,11,18,0,none,none,0,0.5386,0,290
2025-11-18,Chocolate Cake Slice,food_bakery,160,16,1,11,18,0,none,none,0,0.5386,0,290
2025-11-18,Croissant,food_bakery,140,18,1,11,18,0,none,none,0,0.5386,0,290
2025-11-19,Milk Tea (Dudh Chiya),beverage_hot,40,156,2,11,19,0,none,none,0,0.553,0,291
2025-11-19,Masala Chiya,beverage_hot,50,104,2,11,19,0,none,none,0,0.553,0,291
2025-11-19,Black Tea (Kalo Chiya),beverage_hot,30,50,2,11,19,0,none,none,0,0.553,0,291
2025-11-19,Americano,beverage_hot,150,49,2,11,19,0,none,none,0,0.553,0,291
2025-11-19,Cappuccino,beverage_hot,190,46,2,11,19,0,none,none,0,0.553,0,291
2025-11-19,Cafe Latte,beverage_hot,200,63,2,11,19,0,none,none,0,0.553,0,291
2025-11-19,Hot Chocolate,beverage_hot,180,25,2,11,19,0,none,none,0,0.553,0,291
2025-11-19,Cold Coffee,beverage_cold,220,48,2,11,19,0,none,none,0,0.553,0,291
2025-11-19,Iced Americano,beverage_cold,180,42,2,11,19,0,none,none,0,0.553,0,291
2025-11-19,Lassi,beverage_cold,120,35,2,11,19,0,none,none,0,0.553,0,291
2025-11-19,Fresh Lime Soda,beverage_cold,100,58,2,11,19,0,none,none,0,0.553,0,291
2025-11-19,Veg Momo,food_main,160,63,2,11,19,0,none,none,0,0.553,0,291
2025-11-19,Buff Momo,food_main,180,73,2,11,19,0,none,none,0,0.553,0,291
2025-11-19,Chicken Chowmein,food_main,190,50,2,11,19,0,none,none,0,0.553,0,291
2025-11-19,Veg Thukpa,food_main,170,30,2,11,19,0,none,none,0,0.553,0,291
2025-11-19,Club Sandwich,food_main,250,31,2,11,19,0,none,none,0,0.553,0,291
2025-11-19,Chicken Burger,food_main,280,26,2,11,19,0,none,none,0,0.553,0,291
2025-11-19,French Fries,food_snack,130,49,2,11,19,0,none,none,0,0.553,0,291
2025-11-19,Samosa,food_snack,40,32,2,11,19,0,none,none,0,0.553,0,291
2025-11-19,Chocolate Cake Slice,food_bakery,160,11,2,11,19,0,none,none,0,0.553,0,291
2025-11-19,Croissant,food_bakery,140,12,2,11,19,0,none,none,0,0.553,0,291
2025-11-20,Milk Tea (Dudh Chiya),beverage_hot,40,175,3,11,20,0,none,none,0,0.5672,0,292
2025-11-20,Masala Chiya,beverage_hot,50,114,3,11,20,0,none,none,0,0.5672,0,292
2025-11-20,Black Tea (Kalo Chiya),beverage_hot,30,54,3,11,20,0,none,none,0,0.5672,0,292
2025-11-20,Americano,beverage_hot,150,47,3,11,20,0,none,none,0,0.5672,0,292
2025-11-20,Cappuccino,beverage_hot,190,67,3,11,20,0,none,none,0,0.5672,0,292
2025-11-20,Cafe Latte,beverage_hot,200,58,3,11,20,0,none,none,0,0.5672,0,292
2025-11-20,Hot Chocolate,beverage_hot,180,36,3,11,20,0,none,none,0,0.5672,0,292
2025-11-20,Cold Coffee,beverage_cold,220,46,3,11,20,0,none,none,0,0.5672,0,292
2025-11-20,Iced Americano,beverage_cold,180,39,3,11,20,0,none,none,0,0.5672,0,292
2025-11-20,Lassi,beverage_cold,120,35,3,11,20,0,none,none,0,0.5672,0,292
2025-11-20,Fresh Lime Soda,beverage_cold,100,57,3,11,20,0,none,none,0,0.5672,0,292
2025-11-20,Veg Momo,food_main,160,79,3,11,20,0,none,none,0,0.5672,0,292
2025-11-20,Buff Momo,food_main,180,63,3,11,20,0,none,none,0,0.5672,0,292
2025-11-20,Chicken Chowmein,food_main,190,62,3,11,20,0,none,none,0,0.5672,0,292
2025-11-20,Veg Thukpa,food_main,170,31,3,11,20,0,none,none,0,0.5672,0,292
2025-11-20,Club Sandwich,food_main,250,28,3,11,20,0,none,none,0,0.5672,0,292
2025-11-20,Chicken Burger,food_main,280,31,3,11,20,0,none,none,0,0.5672,0,292
2025-11-20,French Fries,food_snack,130,50,3,11,20,0,none,none,0,0.5672,0,292
2025-11-20,Samosa,food_snack,40,42,3,11,20,0,none,none,0,0.5672,0,292
2025-11-20,Chocolate Cake Slice,food_bakery,160,23,3,11,20,0,none,none,0,0.5672,0,292
2025-11-20,Croissant,food_bakery,140,16,3,11,20,0,none,none,0,0.5672,0,292
2025-11-21,Milk Tea (Dudh Chiya),beverage_hot,40,199,4,11,21,0,none,none,0,0.5813,0,293
2025-11-21,Masala Chiya,beverage_hot,50,133,4,11,21,0,none,none,0,0.5813,0,293
2025-11-21,Black Tea (Kalo Chiya),beverage_hot,30,59,4,11,21,0,none,none,0,0.5813,0,293
2025-11-21,Americano,beverage_hot,150,54,4,11,21,0,none,none,0,0.5813,0,293
2025-11-21,Cappuccino,beverage_hot,190,72,4,11,21,0,none,none,0,0.5813,0,293
2025-11-21,Cafe Latte,beverage_hot,200,71,4,11,21,0,none,none,0,0.5813,0,293
2025-11-21,Hot Chocolate,beverage_hot,180,26,4,11,21,0,none,none,0,0.5813,0,293
2025-11-21,Cold Coffee,beverage_cold,220,55,4,11,21,0,none,none,0,0.5813,0,293
2025-11-21,Iced Americano,beverage_cold,180,43,4,11,21,0,none,none,0,0.5813,0,293
2025-11-21,Lassi,beverage_cold,120,38,4,11,21,0,none,none,0,0.5813,0,293
2025-11-21,Fresh Lime Soda,beverage_cold,100,64,4,11,21,0,none,none,0,0.5813,0,293
2025-11-21,Veg Momo,food_main,160,78,4,11,21,0,none,none,0,0.5813,0,293
2025-11-21,Buff Momo,food_main,180,101,4,11,21,0,none,none,0,0.5813,0,293
2025-11-21,Chicken Chowmein,food_main,190,67,4,11,21,0,none,none,0,0.5813,0,293
2025-11-21,Veg Thukpa,food_main,170,40,4,11,21,0,none,none,0,0.5813,0,293
2025-11-21,Club Sandwich,food_main,250,48,4,11,21,0,none,none,0,0.5813,0,293
2025-11-21,Chicken Burger,food_main,280,31,4,11,21,0,none,none,0,0.5813,0,293
2025-11-21,French Fries,food_snack,130,46,4,11,21,0,none,none,0,0.5813,0,293
2025-11-21,Samosa,food_snack,40,37,4,11,21,0,none,none,0,0.5813,0,293
2025-11-21,Chocolate Cake Slice,food_bakery,160,25,4,11,21,0,none,none,0,0.5813,0,293
2025-11-21,Croissant,food_bakery,140,8,4,11,21,0,none,none,0,0.5813,0,293
2025-11-22,Milk Tea (Dudh Chiya),beverage_hot,40,226,5,11,22,1,none,none,0,0.5952,0,294
2025-11-22,Masala Chiya,beverage_hot,50,155,5,11,22,1,none,none,0,0.5952,0,294
2025-11-22,Black Tea (Kalo Chiya),beverage_hot,30,46,5,11,22,1,none,none,0,0.5952,0,294
2025-11-22,Americano,beverage_hot,150,58,5,11,22,1,none,none,0,0.5952,0,294
2025-11-22,Cappuccino,beverage_hot,190,82,5,11,22,1,none,none,0,0.5952,0,294
2025-11-22,Cafe Latte,beverage_hot,200,72,5,11,22,1,none,none,0,0.5952,0,294
2025-11-22,Hot Chocolate,beverage_hot,180,32,5,11,22,1,none,none,0,0.5952,0,294
2025-11-22,Cold Coffee,beverage_cold,220,56,5,11,22,1,none,none,0,0.5952,0,294
2025-11-22,Iced Americano,beverage_cold,180,50,5,11,22,1,none,none,0,0.5952,0,294
2025-11-22,Lassi,beverage_cold,120,49,5,11,22,1,none,none,0,0.5952,0,294
2025-11-22,Fresh Lime Soda,beverage_cold,100,51,5,11,22,1,none,none,0,0.5952,0,294
2025-11-22,Veg Momo,food_main,160,94,5,11,22,1,none,none,0,0.5952,0,294
2025-11-22,Buff Momo,food_main,180,91,5,11,22,1,none,none,0,0.5952,0,294
2025-11-22,Chicken Chowmein,food_main,190,65,5,11,22,1,none,none,0,0.5952,0,294
2025-11-22,Veg Thukpa,food_main,170,38,5,11,22,1,none,none,0,0.5952,0,294
2025-11-22,Club Sandwich,food_main,250,33,5,11,22,1,none,none,0,0.5952,0,294
2025-11-22,Chicken Burger,food_main,280,36,5,11,22,1,none,none,0,0.5952,0,294
2025-11-22,French Fries,food_snack,130,59,5,11,22,1,none,none,0,0.5952,0,294
2025-11-22,Samosa,food_snack,40,52,5,11,22,1,none,none,0,0.5952,0,294
2025-11-22,Chocolate Cake Slice,food_bakery,160,25,5,11,22,1,none,none,0,0.5952,0,294
2025-11-22,Croissant,food_bakery,140,13,5,11,22,1,none,none,0,0.5952,0,294
2025-11-23,Milk Tea (Dudh Chiya),beverage_hot,40,151,6,11,23,0,none,none,0,0.609,0,295
2025-11-23,Masala Chiya,beverage_hot,50,97,6,11,23,0,none,none,0,0.609,0,295
2025-11-23,Black Tea (Kalo Chiya),beverage_hot,30,43,6,11,23,0,none,none,0,0.609,0,295
2025-11-23,Americano,beverage_hot,150,43,6,11,23,0,none,none,0,0.609,0,295
2025-11-23,Cappuccino,beverage_hot,190,66,6,11,23,0,none,none,0,0.609,0,295
2025-11-23,Cafe Latte,beverage_hot,200,43,6,11,23,0,none,none,0,0.609,0,295
2025-11-23,Hot Chocolate,beverage_hot,180,22,6,11,23,0,none,none,0,0.609,0,295
2025-11-23,Cold Coffee,beverage_cold,220,43,6,11,23,0,none,none,0,0.609,0,295
2025-11-23,Iced Americano,beverage_cold,180,38,6,11,23,0,none,none,0,0.609,0,295
2025-11-23,Lassi,beverage_cold,120,29,6,11,23,0,none,none,0,0.609,0,295
2025-11-23,Fresh Lime Soda,beverage_cold,100,38,6,11,23,0,none,none,0,0.609,0,295
2025-11-23,Veg Momo,food_main,160,64,6,11,23,0,none,none,0,0.609,0,295
2025-11-23,Buff Momo,food_main,180,71,6,11,23,0,none,none,0,0.609,0,295
2025-11-23,Chicken Chowmein,food_main,190,51,6,11,23,0,none,none,0,0.609,0,295
2025-11-23,Veg Thukpa,food_main,170,32,6,11,23,0,none,none,0,0.609,0,295
2025-11-23,Club Sandwich,food_main,250,24,6,11,23,0,none,none,0,0.609,0,295
2025-11-23,Chicken Burger,food_main,280,28,6,11,23,0,none,none,0,0.609,0,295
2025-11-23,French Fries,food_snack,130,49,6,11,23,0,none,none,0,0.609,0,295
2025-11-23,Samosa,food_snack,40,50,6,11,23,0,none,none,0,0.609,0,295
2025-11-23,Chocolate Cake Slice,food_bakery,160,18,6,11,23,0,none,none,0,0.609,0,295
2025-11-23,Croissant,food_bakery,140,9,6,11,23,0,none,none,0,0.609,0,295
2025-11-24,Milk Tea (Dudh Chiya),beverage_hot,40,140,0,11,24,0,none,none,0,0.6225,0,296
2025-11-24,Masala Chiya,beverage_hot,50,89,0,11,24,0,none,none,0,0.6225,0,296
2025-11-24,Black Tea (Kalo Chiya),beverage_hot,30,37,0,11,24,0,none,none,0,0.6225,0,296
2025-11-24,Americano,beverage_hot,150,36,0,11,24,0,none,none,0,0.6225,0,296
2025-11-24,Cappuccino,beverage_hot,190,54,0,11,24,0,none,none,0,0.6225,0,296
2025-11-24,Cafe Latte,beverage_hot,200,52,0,11,24,0,none,none,0,0.6225,0,296
2025-11-24,Hot Chocolate,beverage_hot,180,30,0,11,24,0,none,none,0,0.6225,0,296
2025-11-24,Cold Coffee,beverage_cold,220,44,0,11,24,0,none,none,0,0.6225,0,296
2025-11-24,Iced Americano,beverage_cold,180,43,0,11,24,0,none,none,0,0.6225,0,296
2025-11-24,Lassi,beverage_cold,120,31,0,11,24,0,none,none,0,0.6225,0,296
2025-11-24,Fresh Lime Soda,beverage_cold,100,45,0,11,24,0,none,none,0,0.6225,0,296
2025-11-24,Veg Momo,food_main,160,61,0,11,24,0,none,none,0,0.6225,0,296
2025-11-24,Buff Momo,food_main,180,57,0,11,24,0,none,none,0,0.6225,0,296
2025-11-24,Chicken Chowmein,food_main,190,50,0,11,24,0,none,none,0,0.6225,0,296
2025-11-24,Veg Thukpa,food_main,170,23,0,11,24,0,none,none,0,0.6225,0,296
2025-11-24,Club Sandwich,food_main,250,30,0,11,24,0,none,none,0,0.6225,0,296
2025-11-24,Chicken Burger,food_main,280,21,0,11,24,0,none,none,0,0.6225,0,296
2025-11-24,French Fries,food_snack,130,31,0,11,24,0,none,none,0,0.6225,0,296
2025-11-24,Samosa,food_snack,40,29,0,11,24,0,none,none,0,0.6225,0,296
2025-11-24,Chocolate Cake Slice,food_bakery,160,19,0,11,24,0,none,none,0,0.6225,0,296
2025-11-24,Croissant,food_bakery,140,11,0,11,24,0,none,none,0,0.6225,0,296
2025-11-25,Milk Tea (Dudh Chiya),beverage_hot,40,147,1,11,25,0,none,none,0,0.6359,0,297
2025-11-25,Masala Chiya,beverage_hot,50,74,1,11,25,0,none,none,0,0.6359,0,297
2025-11-25,Black Tea (Kalo Chiya),beverage_hot,30,42,1,11,25,0,none,none,0,0.6359,0,297
2025-11-25,Americano,beverage_hot,150,62,1,11,25,0,none,none,0,0.6359,0,297
2025-11-25,Cappuccino,beverage_hot,190,55,1,11,25,0,none,none,0,0.6359,0,297
2025-11-25,Cafe Latte,beverage_hot,200,49,1,11,25,0,none,none,0,0.6359,0,297
2025-11-25,Hot Chocolate,beverage_hot,180,35,1,11,25,0,none,none,0,0.6359,0,297
2025-11-25,Cold Coffee,beverage_cold,220,47,1,11,25,0,none,none,0,0.6359,0,297
2025-11-25,Iced Americano,beverage_cold,180,43,1,11,25,0,none,none,0,0.6359,0,297
2025-11-25,Lassi,beverage_cold,120,31,1,11,25,0,none,none,0,0.6359,0,297
2025-11-25,Fresh Lime Soda,beverage_cold,100,51,1,11,25,0,none,none,0,0.6359,0,297
2025-11-25,Veg Momo,food_main,160,71,1,11,25,0,none,none,0,0.6359,0,297
2025-11-25,Buff Momo,food_main,180,69,1,11,25,0,none,none,0,0.6359,0,297
2025-11-25,Chicken Chowmein,food_main,190,50,1,11,25,0,none,none,0,0.6359,0,297
2025-11-25,Veg Thukpa,food_main,170,30,1,11,25,0,none,none,0,0.6359,0,297
2025-11-25,Club Sandwich,food_main,250,32,1,11,25,0,none,none,0,0.6359,0,297
2025-11-25,Chicken Burger,food_main,280,22,1,11,25,0,none,none,0,0.6359,0,297
2025-11-25,French Fries,food_snack,130,53,1,11,25,0,none,none,0,0.6359,0,297
2025-11-25,Samosa,food_snack,40,43,1,11,25,0,none,none,0,0.6359,0,297
2025-11-25,Chocolate Cake Slice,food_bakery,160,18,1,11,25,0,none,none,0,0.6359,0,297
2025-11-25,Croissant,food_bakery,140,13,1,11,25,0,none,none,0,0.6359,0,297
2025-11-26,Milk Tea (Dudh Chiya),beverage_hot,40,157,2,11,26,0,none,none,0,0.6491,0,298
2025-11-26,Masala Chiya,beverage_hot,50,114,2,11,26,0,none,none,0,0.6491,0,298
2025-11-26,Black Tea (Kalo Chiya),beverage_hot,30,59,2,11,26,0,none,none,0,0.6491,0,298
2025-11-26,Americano,beverage_hot,150,48,2,11,26,0,none,none,0,0.6491,0,298
2025-11-26,Cappuccino,beverage_hot,190,66,2,11,26,0,none,none,0,0.6491,0,298
2025-11-26,Cafe Latte,beverage_hot,200,42,2,11,26,0,none,none,0,0.6491,0,298
2025-11-26,Hot Chocolate,beverage_hot,180,25,2,11,26,0,none,none,0,0.6491,0,298
2025-11-26,Cold Coffee,beverage_cold,220,61,2,11,26,0,none,none,0,0.6491,0,298
2025-11-26,Iced Americano,beverage_cold,180,49,2,11,26,0,none,none,0,0.6491,0,298
2025-11-26,Lassi,beverage_cold,120,39,2,11,26,0,none,none,0,0.6491,0,298
2025-11-26,Fresh Lime Soda,beverage_cold,100,53,2,11,26,0,none,none,0,0.6491,0,298
2025-11-26,Veg Momo,food_main,160,70,2,11,26,0,none,none,0,0.6491,0,298
2025-11-26,Buff Momo,food_main,180,74,2,11,26,0,none,none,0,0.6491,0,298
2025-11-26,Chicken Chowmein,food_main,190,59,2,11,26,0,none,none,0,0.6491,0,298
2025-11-26,Veg Thukpa,food_main,170,31,2,11,26,0,none,none,0,0.6491,0,298
2025-11-26,Club Sandwich,food_main,250,33,2,11,26,0,none,none,0,0.6491,0,298
2025-11-26,Chicken Burger,food_main,280,29,2,11,26,0,none,none,0,0.6491,0,298
2025-11-26,French Fries,food_snack,130,47,2,11,26,0,none,none,0,0.6491,0,298
2025-11-26,Samosa,food_snack,40,53,2,11,26,0,none,none,0,0.6491,0,298
2025-11-26,Chocolate Cake Slice,food_bakery,160,22,2,11,26,0,none,none,0,0.6491,0,298
2025-11-26,Croissant,food_bakery,140,14,2,11,26,0,none,none,0,0.6491,0,298
2025-11-27,Milk Tea (Dudh Chiya),beverage_hot,40,173,3,11,27,0,none,none,0,0.6621,0,299
2025-11-27,Masala Chiya,beverage_hot,50,104,3,11,27,0,none,none,0,0.6621,0,299
2025-11-27,Black Tea (Kalo Chiya),beverage_hot,30,53,3,11,27,0,none,none,0,0.6621,0,299
2025-11-27,Americano,beverage_hot,150,44,3,11,27,0,none,none,0,0.6621,0,299
2025-11-27,Cappuccino,beverage_hot,190,56,3,11,27,0,none,none,0,0.6621,0,299
2025-11-27,Cafe Latte,beverage_hot,200,63,3,11,27,0,none,none,0,0.6621,0,299
2025-11-27,Hot Chocolate,beverage_hot,180,27,3,11,27,0,none,none,0,0.6621,0,299
2025-11-27,Cold Coffee,beverage_cold,220,54,3,11,27,0,none,none,0,0.6621,0,299
2025-11-27,Iced Americano,beverage_cold,180,33,3,11,27,0,none,none,0,0.6621,0,299
2025-11-27,Lassi,beverage_cold,120,47,3,11,27,0,none,none,0,0.6621,0,299
2025-11-27,Fresh Lime Soda,beverage_cold,100,51,3,11,27,0,none,none,0,0.6621,0,299
2025-11-27,Veg Momo,food_main,160,70,3,11,27,0,none,none,0,0.6621,0,299
2025-11-27,Buff Momo,food_main,180,76,3,11,27,0,none,none,0,0.6621,0,299
2025-11-27,Chicken Chowmein,food_main,190,35,3,11,27,0,none,none,0,0.6621,0,299
2025-11-27,Veg Thukpa,food_main,170,22,3,11,27,0,none,none,0,0.6621,0,299
2025-11-27,Club Sandwich,food_main,250,32,3,11,27,0,none,none,0,0.6621,0,299
2025-11-27,Chicken Burger,food_main,280,17,3,11,27,0,none,none,0,0.6621,0,299
2025-11-27,French Fries,food_snack,130,56,3,11,27,0,none,none,0,0.6621,0,299
2025-11-27,Samosa,food_snack,40,43,3,11,27,0,none,none,0,0.6621,0,299
2025-11-27,Chocolate Cake Slice,food_bakery,160,19,3,11,27,0,none,none,0,0.6621,0,299
2025-11-27,Croissant,food_bakery,140,12,3,11,27,0,none,none,0,0.6621,0,299
2025-11-28,Milk Tea (Dudh Chiya),beverage_hot,40,170,4,11,28,0,none,none,0,0.6749,0,300
2025-11-28,Masala Chiya,beverage_hot,50,115,4,11,28,0,none,none,0,0.6749,0,300
2025-11-28,Black Tea (Kalo Chiya),beverage_hot,30,49,4,11,28,0,none,none,0,0.6749,0,300
2025-11-28,Americano,beverage_hot,150,50,4,11,28,0,none,none,0,0.6749,0,300
2025-11-28,Cappuccino,beverage_hot,190,65,4,11,28,0,none,none,0,0.6749,0,300
2025-11-28,Cafe Latte,beverage_hot,200,59,4,11,28,0,none,none,0,0.6749,0,300
2025-11-28,Hot Chocolate,beverage_hot,180,23,4,11,28,0,none,none,0,0.6749,0,300
2025-11-28,Cold Coffee,beverage_cold,220,58,4,11,28,0,none,none,0,0.6749,0,300
2025-11-28,Iced Americano,beverage_cold,180,40,4,11,28,0,none,none,0,0.6749,0,300
2025-11-28,Lassi,beverage_cold,120,28,4,11,28,0,none,none,0,0.6749,0,300
2025-11-28,Fresh Lime Soda,beverage_cold,100,49,4,11,28,0,none,none,0,0.6749,0,300
2025-11-28,Veg Momo,food_main,160,78,4,11,28,0,none,none,0,0.6749,0,300
2025-11-28,Buff Momo,food_main,180,81,4,11,28,0,none,none,0,0.6749,0,300
2025-11-28,Chicken Chowmein,food_main,190,59,4,11,28,0,none,none,0,0.6749,0,300
2025-11-28,Veg Thukpa,food_main,170,36,4,11,28,0,none,none,0,0.6749,0,300
2025-11-28,Club Sandwich,food_main,250,41,4,11,28,0,none,none,0,0.6749,0,300
2025-11-28,Chicken Burger,food_main,280,29,4,11,28,0,none,none,0,0.6749,0,300
2025-11-28,French Fries,food_snack,130,51,4,11,28,0,none,none,0,0.6749,0,300
2025-11-28,Samosa,food_snack,40,41,4,11,28,0,none,none,0,0.6749,0,300
2025-11-28,Chocolate Cake Slice,food_bakery,160,19,4,11,28,0,none,none,0,0.6749,0,300
2025-11-28,Croissant,food_bakery,140,15,4,11,28,0,none,none,0,0.6749,0,300
2025-11-29,Milk Tea (Dudh Chiya),beverage_hot,40,195,5,11,29,1,none,none,0,0.6875,0,301
2025-11-29,Masala Chiya,beverage_hot,50,139,5,11,29,1,none,none,0,0.6875,0,301
2025-11-29,Black Tea (Kalo Chiya),beverage_hot,30,74,5,11,29,1,none,none,0,0.6875,0,301
2025-11-29,Americano,beverage_hot,150,63,5,11,29,1,none,none,0,0.6875,0,301
2025-11-29,Cappuccino,beverage_hot,190,80,5,11,29,1,none,none,0,0.6875,0,301
2025-11-29,Cafe Latte,beverage_hot,200,62,5,11,29,1,none,none,0,0.6875,0,301
2025-11-29,Hot Chocolate,beverage_hot,180,27,5,11,29,1,none,none,0,0.6875,0,301
2025-11-29,Cold Coffee,beverage_cold,220,89,5,11,29,1,none,none,0,0.6875,0,301
2025-11-29,Iced Americano,beverage_cold,180,40,5,11,29,1,none,none,0,0.6875,0,301
2025-11-29,Lassi,beverage_cold,120,62,5,11,29,1,none,none,0,0.6875,0,301
2025-11-29,Fresh Lime Soda,beverage_cold,100,62,5,11,29,1,none,none,0,0.6875,0,301
2025-11-29,Veg Momo,food_main,160,87,5,11,29,1,none,none,0,0.6875,0,301
2025-11-29,Buff Momo,food_main,180,107,5,11,29,1,none,none,0,0.6875,0,301
2025-11-29,Chicken Chowmein,food_main,190,64,5,11,29,1,none,none,0,0.6875,0,301
2025-11-29,Veg Thukpa,food_main,170,43,5,11,29,1,none,none,0,0.6875,0,301
2025-11-29,Club Sandwich,food_main,250,46,5,11,29,1,none,none,0,0.6875,0,301
2025-11-29,Chicken Burger,food_main,280,53,5,11,29,1,none,none,0,0.6875,0,301
2025-11-29,French Fries,food_snack,130,52,5,11,29,1,none,none,0,0.6875,0,301
2025-11-29,Samosa,food_snack,40,48,5,11,29,1,none,none,0,0.6875,0,301
2025-11-29,Chocolate Cake Slice,food_bakery,160,34,5,11,29,1,none,none,0,0.6875,0,301
2025-11-29,Croissant,food_bakery,140,23,5,11,29,1,none,none,0,0.6875,0,301
2025-11-30,Milk Tea (Dudh Chiya),beverage_hot,40,139,6,11,30,0,none,none,0,0.6998,0,302
2025-11-30,Masala Chiya,beverage_hot,50,91,6,11,30,0,none,none,0,0.6998,0,302
2025-11-30,Black Tea (Kalo Chiya),beverage_hot,30,43,6,11,30,0,none,none,0,0.6998,0,302
2025-11-30,Americano,beverage_hot,150,34,6,11,30,0,none,none,0,0.6998,0,302
2025-11-30,Cappuccino,beverage_hot,190,45,6,11,30,0,none,none,0,0.6998,0,302
2025-11-30,Cafe Latte,beverage_hot,200,49,6,11,30,0,none,none,0,0.6998,0,302
2025-11-30,Hot Chocolate,beverage_hot,180,24,6,11,30,0,none,none,0,0.6998,0,302
2025-11-30,Cold Coffee,beverage_cold,220,46,6,11,30,0,none,none,0,0.6998,0,302
2025-11-30,Iced Americano,beverage_cold,180,28,6,11,30,0,none,none,0,0.6998,0,302
2025-11-30,Lassi,beverage_cold,120,40,6,11,30,0,none,none,0,0.6998,0,302
2025-11-30,Fresh Lime Soda,beverage_cold,100,34,6,11,30,0,none,none,0,0.6998,0,302
2025-11-30,Veg Momo,food_main,160,68,6,11,30,0,none,none,0,0.6998,0,302
2025-11-30,Buff Momo,food_main,180,57,6,11,30,0,none,none,0,0.6998,0,302
2025-11-30,Chicken Chowmein,food_main,190,38,6,11,30,0,none,none,0,0.6998,0,302
2025-11-30,Veg Thukpa,food_main,170,27,6,11,30,0,none,none,0,0.6998,0,302
2025-11-30,Club Sandwich,food_main,250,27,6,11,30,0,none,none,0,0.6998,0,302
2025-11-30,Chicken Burger,food_main,280,27,6,11,30,0,none,none,0,0.6998,0,302
2025-11-30,French Fries,food_snack,130,45,6,11,30,0,none,none,0,0.6998,0,302
2025-11-30,Samosa,food_snack,40,31,6,11,30,0,none,none,0,0.6998,0,302
2025-11-30,Chocolate Cake Slice,food_bakery,160,18,6,11,30,0,none,none,0,0.6998,0,302
2025-11-30,Croissant,food_bakery,140,19,6,11,30,0,none,none,0,0.6998,0,302
2025-12-01,Milk Tea (Dudh Chiya),beverage_hot,40,134,0,12,1,0,none,none,0,0.712,0,303
2025-12-01,Masala Chiya,beverage_hot,50,82,0,12,1,0,none,none,0,0.712,0,303
2025-12-01,Black Tea (Kalo Chiya),beverage_hot,30,49,0,12,1,0,none,none,0,0.712,0,303
2025-12-01,Americano,beverage_hot,150,31,0,12,1,0,none,none,0,0.712,0,303
2025-12-01,Cappuccino,beverage_hot,190,49,0,12,1,0,none,none,0,0.712,0,303
2025-12-01,Cafe Latte,beverage_hot,200,50,0,12,1,0,none,none,0,0.712,0,303
2025-12-01,Hot Chocolate,beverage_hot,180,29,0,12,1,0,none,none,0,0.712,0,303
2025-12-01,Cold Coffee,beverage_cold,220,44,0,12,1,0,none,none,0,0.712,0,303
2025-12-01,Iced Americano,beverage_cold,180,37,0,12,1,0,none,none,0,0.712,0,303
2025-12-01,Lassi,beverage_cold,120,40,0,12,1,0,none,none,0,0.712,0,303
2025-12-01,Fresh Lime Soda,beverage_cold,100,37,0,12,1,0,none,none,0,0.712,0,303
2025-12-01,Veg Momo,food_main,160,59,0,12,1,0,none,none,0,0.712,0,303
2025-12-01,Buff Momo,food_main,180,84,0,12,1,0,none,none,0,0.712,0,303
2025-12-01,Chicken Chowmein,food_main,190,46,0,12,1,0,none,none,0,0.712,0,303
2025-12-01,Veg Thukpa,food_main,170,31,0,12,1,0,none,none,0,0.712,0,303
2025-12-01,Club Sandwich,food_main,250,34,0,12,1,0,none,none,0,0.712,0,303
2025-12-01,Chicken Burger,food_main,280,19,0,12,1,0,none,none,0,0.712,0,303
2025-12-01,French Fries,food_snack,130,37,0,12,1,0,none,none,0,0.712,0,303
2025-12-01,Samosa,food_snack,40,31,0,12,1,0,none,none,0,0.712,0,303
2025-12-01,Chocolate Cake Slice,food_bakery,160,21,0,12,1,0,none,none,0,0.712,0,303
2025-12-01,Croissant,food_bakery,140,23,0,12,1,0,none,none,0,0.712,0,303
2025-12-02,Milk Tea (Dudh Chiya),beverage_hot,40,168,1,12,2,0,none,none,0,0.724,0,304
2025-12-02,Masala Chiya,beverage_hot,50,100,1,12,2,0,none,none,0,0.724,0,304
2025-12-02,Black Tea (Kalo Chiya),beverage_hot,30,39,1,12,2,0,none,none,0,0.724,0,304
2025-12-02,Americano,beverage_hot,150,42,1,12,2,0,none,none,0,0.724,0,304
2025-12-02,Cappuccino,beverage_hot,190,57,1,12,2,0,none,none,0,0.724,0,304
2025-12-02,Cafe Latte,beverage_hot,200,38,1,12,2,0,none,none,0,0.724,0,304
2025-12-02,Hot Chocolate,beverage_hot,180,32,1,12,2,0,none,none,0,0.724,0,304
2025-12-02,Cold Coffee,beverage_cold,220,56,1,12,2,0,none,none,0,0.724,0,304
2025-12-02,Iced Americano,beverage_cold,180,27,1,12,2,0,none,none,0,0.724,0,304
2025-12-02,Lassi,beverage_cold,120,32,1,12,2,0,none,none,0,0.724,0,304
2025-12-02,Fresh Lime Soda,beverage_cold,100,56,1,12,2,0,none,none,0,0.724,0,304
2025-12-02,Veg Momo,food_main,160,61,1,12,2,0,none,none,0,0.724,0,304
2025-12-02,Buff Momo,food_main,180,85,1,12,2,0,none,none,0,0.724,0,304
2025-12-02,Chicken Chowmein,food_main,190,51,1,12,2,0,none,none,0,0.724,0,304
2025-12-02,Veg Thukpa,food_main,170,25,1,12,2,0,none,none,0,0.724,0,304
2025-12-02,Club Sandwich,food_main,250,40,1,12,2,0,none,none,0,0.724,0,304
2025-12-02,Chicken Burger,food_main,280,24,1,12,2,0,none,none,0,0.724,0,304
2025-12-02,French Fries,food_snack,130,40,1,12,2,0,none,none,0,0.724,0,304
2025-12-02,Samosa,food_snack,40,54,1,12,2,0,none,none,0,0.724,0,304
2025-12-02,Chocolate Cake Slice,food_bakery,160,21,1,12,2,0,none,none,0,0.724,0,304
2025-12-02,Croissant,food_bakery,140,14,1,12,2,0,none,none,0,0.724,0,304
2025-12-03,Milk Tea (Dudh Chiya),beverage_hot,40,129,2,12,3,0,none,none,0,0.7358,0,305
2025-12-03,Masala Chiya,beverage_hot,50,76,2,12,3,0,none,none,0,0.7358,0,305
2025-12-03,Black Tea (Kalo Chiya),beverage_hot,30,34,2,12,3,0,none,none,0,0.7358,0,305
2025-12-03,Americano,beverage_hot,150,50,2,12,3,0,none,none,0,0.7358,0,305
2025-12-03,Cappuccino,beverage_hot,190,50,2,12,3,0,none,none,0,0.7358,0,305
2025-12-03,Cafe Latte,beverage_hot,200,49,2,12,3,0,none,none,0,0.7358,0,305
2025-12-03,Hot Chocolate,beverage_hot,180,29,2,12,3,0,none,none,0,0.7358,0,305
2025-12-03,Cold Coffee,beverage_cold,220,50,2,12,3,0,none,none,0,0.7358,0,305
2025-12-03,Iced Americano,beverage_cold,180,38,2,12,3,0,none,none,0,0.7358,0,305
2025-12-03,Lassi,beverage_cold,120,35,2,12,3,0,none,none,0,0.7358,0,305
2025-12-03,Fresh Lime Soda,beverage_cold,100,40,2,12,3,0,none,none,0,0.7358,0,305
2025-12-03,Veg Momo,food_main,160,61,2,12,3,0,none,none,0,0.7358,0,305
2025-12-03,Buff Momo,food_main,180,51,2,12,3,0,none,none,0,0.7358,0,305
2025-12-03,Chicken Chowmein,food_main,190,45,2,12,3,0,none,none,0,0.7358,0,305
2025-12-03,Veg Thukpa,food_main,170,21,2,12,3,0,none,none,0,0.7358,0,305
2025-12-03,Club Sandwich,food_main,250,28,2,12,3,0,none,none,0,0.7358,0,305
2025-12-03,Chicken Burger,food_main,280,30,2,12,3,0,none,none,0,0.7358,0,305
2025-12-03,French Fries,food_snack,130,45,2,12,3,0,none,none,0,0.7358,0,305
2025-12-03,Samosa,food_snack,40,29,2,12,3,0,none,none,0,0.7358,0,305
2025-12-03,Chocolate Cake Slice,food_bakery,160,14,2,12,3,0,none,none,0,0.7358,0,305
2025-12-03,Croissant,food_bakery,140,20,2,12,3,0,none,none,0,0.7358,0,305
2025-12-04,Milk Tea (Dudh Chiya),beverage_hot,40,162,3,12,4,0,none,none,0,0.7473,0,306
2025-12-04,Masala Chiya,beverage_hot,50,131,3,12,4,0,none,none,0,0.7473,0,306
2025-12-04,Black Tea (Kalo Chiya),beverage_hot,30,61,3,12,4,0,none,none,0,0.7473,0,306
2025-12-04,Americano,beverage_hot,150,49,3,12,4,0,none,none,0,0.7473,0,306
2025-12-04,Cappuccino,beverage_hot,190,53,3,12,4,0,none,none,0,0.7473,0,306
2025-12-04,Cafe Latte,beverage_hot,200,63,3,12,4,0,none,none,0,0.7473,0,306
2025-12-04,Hot Chocolate,beverage_hot,180,53,3,12,4,0,none,none,0,0.7473,0,306
2025-12-04,Cold Coffee,beverage_cold,220,59,3,12,4,0,none,none,0,0.7473,0,306
2025-12-04,Iced Americano,beverage_cold,180,46,3,12,4,0,none,none,0,0.7473,0,306
2025-12-04,Lassi,beverage_cold,120,44,3,12,4,0,none,none,0,0.7473,0,306
2025-12-04,Fresh Lime Soda,beverage_cold,100,47,3,12,4,0,none,none,0,0.7473,0,306
2025-12-04,Veg Momo,food_main,160,86,3,12,4,0,none,none,0,0.7473,0,306
2025-12-04,Buff Momo,food_main,180,114,3,12,4,0,none,none,0,0.7473,0,306
2025-12-04,Chicken Chowmein,food_main,190,43,3,12,4,0,none,none,0,0.7473,0,306
2025-12-04,Veg Thukpa,food_main,170,37,3,12,4,0,none,none,0,0.7473,0,306
2025-12-04,Club Sandwich,food_main,250,31,3,12,4,0,none,none,0,0.7473,0,306
2025-12-04,Chicken Burger,food_main,280,28,3,12,4,0,none,none,0,0.7473,0,306
2025-12-04,French Fries,food_snack,130,39,3,12,4,0,none,none,0,0.7473,0,306
2025-12-04,Samosa,food_snack,40,46,3,12,4,0,none,none,0,0.7473,0,306
2025-12-04,Chocolate Cake Slice,food_bakery,160,28,3,12,4,0,none,none,0,0.7473,0,306
2025-12-04,Croissant,food_bakery,140,22,3,12,4,0,none,none,0,0.7473,0,306
2025-12-05,Milk Tea (Dudh Chiya),beverage_hot,40,212,4,12,5,0,none,none,0,0.7586,0,307
2025-12-05,Masala Chiya,beverage_hot,50,146,4,12,5,0,none,none,0,0.7586,0,307
2025-12-05,Black Tea (Kalo Chiya),beverage_hot,30,59,4,12,5,0,none,none,0,0.7586,0,307
2025-12-05,Americano,beverage_hot,150,53,4,12,5,0,none,none,0,0.7586,0,307
2025-12-05,Cappuccino,beverage_hot,190,73,4,12,5,0,none,none,0,0.7586,0,307
2025-12-05,Cafe Latte,beverage_hot,200,69,4,12,5,0,none,none,0,0.7586,0,307
2025-12-05,Hot Chocolate,beverage_hot,180,37,4,12,5,0,none,none,0,0.7586,0,307
2025-12-05,Cold Coffee,beverage_cold,220,63,4,12,5,0,none,none,0,0.7586,0,307
2025-12-05,Iced Americano,beverage_cold,180,45,4,12,5,0,none,none,0,0.7586,0,307
2025-12-05,Lassi,beverage_cold,120,48,4,12,5,0,none,none,0,0.7586,0,307
2025-12-05,Fresh Lime Soda,beverage_cold,100,73,4,12,5,0,none,none,0,0.7586,0,307
2025-12-05,Veg Momo,food_main,160,101,4,12,5,0,none,none,0,0.7586,0,307
2025-12-05,Buff Momo,food_main,180,119,4,12,5,0,none,none,0,0.7586,0,307
2025-12-05,Chicken Chowmein,food_main,190,70,4,12,5,0,none,none,0,0.7586,0,307
2025-12-05,Veg Thukpa,food_main,170,39,4,12,5,0,none,none,0,0.7586,0,307
2025-12-05,Club Sandwich,food_main,250,36,4,12,5,0,none,none,0,0.7586,0,307
2025-12-05,Chicken Burger,food_main,280,39,4,12,5,0,none,none,0,0.7586,0,307
2025-12-05,French Fries,food_snack,130,46,4,12,5,0,none,none,0,0.7586,0,307
2025-12-05,Samosa,food_snack,40,68,4,12,5,0,none,none,0,0.7586,0,307
2025-12-05,Chocolate Cake Slice,food_bakery,160,26,4,12,5,0,none,none,0,0.7586,0,307
2025-12-05,Croissant,food_bakery,140,14,4,12,5,0,none,none,0,0.7586,0,307
2025-12-06,Milk Tea (Dudh Chiya),beverage_hot,40,248,5,12,6,1,none,none,0,0.7697,0,308
2025-12-06,Masala Chiya,beverage_hot,50,132,5,12,6,1,none,none,0,0.7697,0,308
2025-12-06,Black Tea (Kalo Chiya),beverage_hot,30,74,5,12,6,1,none,none,0,0.7697,0,308
2025-12-06,Americano,beverage_hot,150,68,5,12,6,1,none,none,0,0.7697,0,308
2025-12-06,Cappuccino,beverage_hot,190,88,5,12,6,1,none,none,0,0.7697,0,308
2025-12-06,Cafe Latte,beverage_hot,200,93,5,12,6,1,none,none,0,0.7697,0,308
2025-12-06,Hot Chocolate,beverage_hot,180,41,5,12,6,1,none,none,0,0.7697,0,308
2025-12-06,Cold Coffee,beverage_cold,220,68,5,12,6,1,none,none,0,0.7697,0,308
2025-12-06,Iced Americano,beverage_cold,180,58,5,12,6,1,none,none,0,0.7697,0,308
2025-12-06,Lassi,beverage_cold,120,57,5,12,6,1,none,none,0,0.7697,0,308
2025-12-06,Fresh Lime Soda,beverage_cold,100,61,5,12,6,1,none,none,0,0.7697,0,308
2025-12-06,Veg Momo,food_main,160,71,5,12,6,1,none,none,0,0.7697,0,308
2025-12-06,Buff Momo,food_main,180,101,5,12,6,1,none,none,0,0.7697,0,308
2025-12-06,Chicken Chowmein,food_main,190,75,5,12,6,1,none,none,0,0.7697,0,308
2025-12-06,Veg Thukpa,food_main,170,35,5,12,6,1,none,none,0,0.7697,0,308
2025-12-06,Club Sandwich,food_main,250,34,5,12,6,1,none,none,0,0.7697,0,308
2025-12-06,Chicken Burger,food_main,280,34,5,12,6,1,none,none,0,0.7697,0,308
2025-12-06,French Fries,food_snack,130,73,5,12,6,1,none,none,0,0.7697,0,308
2025-12-06,Samosa,food_snack,40,51,5,12,6,1,none,none,0,0.7697,0,308
2025-12-06,Chocolate Cake Slice,food_bakery,160,20,5,12,6,1,none,none,0,0.7697,0,308
2025-12-06,Croissant,food_bakery,140,24,5,12,6,1,none,none,0,0.7697,0,308
2025-12-07,Milk Tea (Dudh Chiya),beverage_hot,40,131,6,12,7,0,none,none,0,0.7806,0,309
2025-12-07,Masala Chiya,beverage_hot,50,87,6,12,7,0,none,none,0,0.7806,0,309
2025-12-07,Black Tea (Kalo Chiya),beverage_hot,30,42,6,12,7,0,none,none,0,0.7806,0,309
2025-12-07,Americano,beverage_hot,150,48,6,12,7,0,none,none,0,0.7806,0,309
2025-12-07,Cappuccino,beverage_hot,190,55,6,12,7,0,none,none,0,0.7806,0,309
2025-12-07,Cafe Latte,beverage_hot,200,39,6,12,7,0,none,none,0,0.7806,0,309
2025-12-07,Hot Chocolate,beverage_hot,180,24,6,12,7,0,none,none,0,0.7806,0,309
2025-12-07,Cold Coffee,beverage_cold,220,64,6,12,7,0,none,none,0,0.7806,0,309
2025-12-07,Iced Americano,beverage_cold,180,26,6,12,7,0,none,none,0,0.7806,0,309
2025-12-07,Lassi,beverage_cold,120,38,6,12,7,0,none,none,0,0.7806,0,309
2025-12-07,Fresh Lime Soda,beverage_cold,100,29,6,12,7,0,none,none,0,0.7806,0,309
2025-12-07,Veg Momo,food_main,160,72,6,12,7,0,none,none,0,0.7806,0,309
2025-12-07,Buff Momo,food_main,180,59,6,12,7,0,none,none,0,0.7806,0,309
2025-12-07,Chicken Chowmein,food_main,190,42,6,12,7,0,none,none,0,0.7806,0,309
2025-12-07,Veg Thukpa,food_main,170,33,6,12,7,0,none,none,0,0.7806,0,309
2025-12-07,Club Sandwich,food_main,250,28,6,12,7,0,none,none,0,0.7806,0,309
2025-12-07,Chicken Burger,food_main,280,25,6,12,7,0,none,none,0,0.7806,0,309
2025-12-07,French Fries,food_snack,130,53,6,12,7,0,none,none,0,0.7806,0,309
2025-12-07,Samosa,food_snack,40,36,6,12,7,0,none,none,0,0.7806,0,309
2025-12-07,Chocolate Cake Slice,food_bakery,160,21,6,12,7,0,none,none,0,0.7806,0,309
2025-12-07,Croissant,food_bakery,140,9,6,12,7,0,none,none,0,0.7806,0,309
2025-12-08,Milk Tea (Dudh Chiya),beverage_hot,40,151,0,12,8,0,none,none,0,0.7912,0,310
2025-12-08,Masala Chiya,beverage_hot,50,97,0,12,8,0,none,none,0,0.7912,0,310
2025-12-08,Black Tea (Kalo Chiya),beverage_hot,30,48,0,12,8,0,none,none,0,0.7912,0,310
2025-12-08,Americano,beverage_hot,150,44,0,12,8,0,none,none,0,0.7912,0,310
2025-12-08,Cappuccino,beverage_hot,190,46,0,12,8,0,none,none,0,0.7912,0,310
2025-12-08,Cafe Latte,beverage_hot,200,45,0,12,8,0,none,none,0,0.7912,0,310
2025-12-08,Hot Chocolate,beverage_hot,180,26,0,12,8,0,none,none,0,0.7912,0,310
2025-12-08,Cold Coffee,beverage_cold,220,48,0,12,8,0,none,none,0,0.7912,0,310
2025-12-08,Iced Americano,beverage_cold,180,31,0,12,8,0,none,none,0,0.7912,0,310
2025-12-08,Lassi,beverage_cold,120,50,0,12,8,0,none,none,0,0.7912,0,310
2025-12-08,Fresh Lime Soda,beverage_cold,100,38,0,12,8,0,none,none,0,0.7912,0,310
2025-12-08,Veg Momo,food_main,160,52,0,12,8,0,none,none,0,0.7912,0,310
2025-12-08,Buff Momo,food_main,180,74,0,12,8,0,none,none,0,0.7912,0,310
2025-12-08,Chicken Chowmein,food_main,190,59,0,12,8,0,none,none,0,0.7912,0,310
2025-12-08,Veg Thukpa,food_main,170,23,0,12,8,0,none,none,0,0.7912,0,310
2025-12-08,Club Sandwich,food_main,250,23,0,12,8,0,none,none,0,0.7912,0,310
2025-12-08,Chicken Burger,food_main,280,15,0,12,8,0,none,none,0,0.7912,0,310
2025-12-08,French Fries,food_snack,130,39,0,12,8,0,none,none,0,0.7912,0,310
2025-12-08,Samosa,food_snack,40,35,0,12,8,0,none,none,0,0.7912,0,310
2025-12-08,Chocolate Cake Slice,food_bakery,160,18,0,12,8,0,none,none,0,0.7912,0,310
2025-12-08,Croissant,food_bakery,140,15,0,12,8,0,none,none,0,0.7912,0,310
2025-12-09,Milk Tea (Dudh Chiya),beverage_hot,40,148,1,12,9,0,none,none,0,0.8016,0,311
2025-12-09,Masala Chiya,beverage_hot,50,113,1,12,9,0,none,none,0,0.8016,0,311
2025-12-09,Black Tea (Kalo Chiya),beverage_hot,30,49,1,12,9,0,none,none,0,0.8016,0,311
2025-12-09,Americano,beverage_hot,150,39,1,12,9,0,none,none,0,0.8016,0,311
2025-12-09,Cappuccino,beverage_hot,190,65,1,12,9,0,none,none,0,0.8016,0,311
2025-12-09,Cafe Latte,beverage_hot,200,54,1,12,9,0,none,none,0,0.8016,0,311
2025-12-09,Hot Chocolate,beverage_hot,180,27,1,12,9,0,none,none,0,0.8016,0,311
2025-12-09,Cold Coffee,beverage_cold,220,44,1,12,9,0,none,none,0,0.8016,0,311
2025-12-09,Iced Americano,beverage_cold,180,38,1,12,9,0,none,none,0,0.8016,0,311
2025-12-09,Lassi,beverage_cold,120,31,1,12,9,0,none,none,0,0.8016,0,311
2025-12-09,Fresh Lime Soda,beverage_cold,100,54,1,12,9,0,none,none,0,0.8016,0,311
2025-12-09,Veg Momo,food_main,160,64,1,12,9,0,none,none,0,0.8016,0,311
2025-12-09,Buff Momo,food_main,180,77,1,12,9,0,none,none,0,0.8016,0,311
2025-12-09,Chicken Chowmein,food_main,190,50,1,12,9,0,none,none,0,0.8016,0,311
2025-12-09,Veg Thukpa,food_main,170,35,1,12,9,0,none,none,0,0.8016,0,311
2025-12-09,Club Sandwich,food_main,250,38,1,12,9,0,none,none,0,0.8016,0,311
2025-12-09,Chicken Burger,food_main,280,30,1,12,9,0,none,none,0,0.8016,0,311
2025-12-09,French Fries,food_snack,130,45,1,12,9,0,none,none,0,0.8016,0,311
2025-12-09,Samosa,food_snack,40,40,1,12,9,0,none,none,0,0.8016,0,311
2025-12-09,Chocolate Cake Slice,food_bakery,160,20,1,12,9,0,none,none,0,0.8016,0,311
2025-12-09,Croissant,food_bakery,140,13,1,12,9,0,none,none,0,0.8016,0,311
2025-12-10,Milk Tea (Dudh Chiya),beverage_hot,40,152,2,12,10,0,none,none,0,0.8118,0,312
2025-12-10,Masala Chiya,beverage_hot,50,101,2,12,10,0,none,none,0,0.8118,0,312
2025-12-10,Black Tea (Kalo Chiya),beverage_hot,30,36,2,12,10,0,none,none,0,0.8118,0,312
2025-12-10,Americano,beverage_hot,150,46,2,12,10,0,none,none,0,0.8118,0,312
2025-12-10,Cappuccino,beverage_hot,190,60,2,12,10,0,none,none,0,0.8118,0,312
2025-12-10,Cafe Latte,beverage_hot,200,56,2,12,10,0,none,none,0,0.8118,0,312
2025-12-10,Hot Chocolate,beverage_hot,180,24,2,12,10,0,none,none,0,0.8118,0,312
2025-12-10,Cold Coffee,beverage_cold,220,51,2,12,10,0,none,none,0,0.8118,0,312
2025-12-10,Iced Americano,beverage_cold,180,41,2,12,10,0,none,none,0,0.8118,0,312
2025-12-10,Lassi,beverage_cold,120,40,2,12,10,0,none,none,0,0.8118,0,312
2025-12-10,Fresh Lime Soda,beverage_cold,100,42,2,12,10,0,none,none,0,0.8118,0,312
2025-12-10,Veg Momo,food_main,160,70,2,12,10,0,none,none,0,0.8118,0,312
2025-12-10,Buff Momo,food_main,180,60,2,12,10,0,none,none,0,0.8118,0,312
2025-12-10,Chicken Chowmein,food_main,190,61,2,12,10,0,none,none,0,0.8118,0,312
2025-12-10,Veg Thukpa,food_main,170,26,2,12,10,0,none,none,0,0.8118,0,312
2025-12-10,Club Sandwich,food_main,250,28,2,12,10,0,none,none,0,0.8118,0,312
2025-12-10,Chicken Burger,food_main,280,29,2,12,10,0,none,none,0,0.8118,0,312
2025-12-10,French Fries,food_snack,130,40,2,12,10,0,none,none,0,0.8118,0,312
2025-12-10,Samosa,food_snack,40,47,2,12,10,0,none,none,0,0.8118,0,312
2025-12-10,Chocolate Cake Slice,food_bakery,160,11,2,12,10,0,none,none,0,0.8118,0,312
2025-12-10,Croissant,food_bakery,140,7,2,12,10,0,none,none,0,0.8118,0,312
2025-12-11,Milk Tea (Dudh Chiya),beverage_hot,40,159,3,12,11,0,none,none,0,0.8217,0,313
2025-12-11,Masala Chiya,beverage_hot,50,129,3,12,11,0,none,none,0,0.8217,0,313
2025-12-11,Black Tea (Kalo Chiya),beverage_hot,30,62,3,12,11,0,none,none,0,0.8217,0,313
2025-12-11,Americano,beverage_hot,150,46,3,12,11,0,none,none,0,0.8217,0,313
2025-12-11,Cappuccino,beverage_hot,190,49,3,12,11,0,none,none,0,0.8217,0,313
2025-12-11,Cafe Latte,beverage_hot,200,60,3,12,11,0,none,none,0,0.8217,0,313
2025-12-11,Hot Chocolate,beverage_hot,180,29,3,12,11,0,none,none,0,0.8217,0,313
2025-12-11,Cold Coffee,beverage_cold,220,47,3,12,11,0,none,none,0,0.8217,0,313
2025-12-11,Iced Americano,beverage_cold,180,32,3,12,11,0,none,none,0,0.8217,0,313
2025-12-11,Lassi,beverage_cold,120,38,3,12,11,0,none,none,0,0.8217,0,313
2025-12-11,Fresh Lime Soda,beverage_cold,100,49,3,12,11,0,none,none,0,0.8217,0,313
2025-12-11,Veg Momo,food_main,160,68,3,12,11,0,none,none,0,0.8217,0,313
2025-12-11,Buff Momo,food_main,180,94,3,12,11,0,none,none,0,0.8217,0,313
2025-12-11,Chicken Chowmein,food_main,190,50,3,12,11,0,none,none,0,0.8217,0,313
2025-12-11,Veg Thukpa,food_main,170,21,3,12,11,0,none,none,0,0.8217,0,313
2025-12-11,Club Sandwich,food_main,250,20,3,12,11,0,none,none,0,0.8217,0,313
2025-12-11,Chicken Burger,food_main,280,41,3,12,11,0,none,none,0,0.8217,0,313
2025-12-11,French Fries,food_snack,130,42,3,12,11,0,none,none,0,0.8217,0,313
2025-12-11,Samosa,food_snack,40,38,3,12,11,0,none,none,0,0.8217,0,313
2025-12-11,Chocolate Cake Slice,food_bakery,160,17,3,12,11,0,none,none,0,0.8217,0,313
2025-12-11,Croissant,food_bakery,140,11,3,12,11,0,none,none,0,0.8217,0,313
2025-12-12,Milk Tea (Dudh Chiya),beverage_hot,40,183,4,12,12,0,none,none,0,0.8314,0,314
2025-12-12,Masala Chiya,beverage_hot,50,129,4,12,12,0,none,none,0,0.8314,0,314
2025-12-12,Black Tea (Kalo Chiya),beverage_hot,30,43,4,12,12,0,none,none,0,0.8314,0,314
2025-12-12,Americano,beverage_hot,150,63,4,12,12,0,none,none,0,0.8314,0,314
2025-12-12,Cappuccino,beverage_hot,190,68,4,12,12,0,none,none,0,0.8314,0,314
2025-12-12,Cafe Latte,beverage_hot,200,58,4,12,12,0,none,none,0,0.8314,0,314
2025-12-12,Hot Chocolate,beverage_hot,180,30,4,12,12,0,none,none,0,0.8314,0,314
2025-12-12,Cold Coffee,beverage_cold,220,56,4,12,12,0,none,none,0,0.8314,0,314
2025-12-12,Iced Americano,beverage_cold,180,43,4,12,12,0,none,none,0,0.8314,0,314
2025-12-12,Lassi,beverage_cold,120,43,4,12,12,0,none,none,0,0.8314,0,314
2025-12-12,Fresh Lime Soda,beverage_cold,100,50,4,12,12,0,none,none,0,0.8314,0,314
2025-12-12,Veg Momo,food_main,160,71,4,12,12,0,none,none,0,0.8314,0,314
2025-12-12,Buff Momo,food_main,180,78,4,12,12,0,none,none,0,0.8314,0,314
2025-12-12,Chicken Chowmein,food_main,190,80,4,12,12,0,none,none,0,0.8314,0,314
2025-12-12,Veg Thukpa,food_main,170,30,4,12,12,0,none,none,0,0.8314,0,314
2025-12-12,Club Sandwich,food_main,250,46,4,12,12,0,none,none,0,0.8314,0,314
2025-12-12,Chicken Burger,food_main,280,33,4,12,12,0,none,none,0,0.8314,0,314
2025-12-12,French Fries,food_snack,130,50,4,12,12,0,none,none,0,0.8314,0,314
2025-12-12,Samosa,food_snack,40,44,4,12,12,0,none,none,0,0.8314,0,314
2025-12-12,Chocolate Cake Slice,food_bakery,160,14,4,12,12,0,none,none,0,0.8314,0,314
2025-12-12,Croissant,food_bakery,140,15,4,12,12,0,none,none,0,0.8314,0,314
2025-12-13,Milk Tea (Dudh Chiya),beverage_hot,40,208,5,12,13,1,none,none,0,0.8408,0,315
2025-12-13,Masala Chiya,beverage_hot,50,113,5,12,13,1,none,none,0,0.8408,0,315
2025-12-13,Black Tea (Kalo Chiya),beverage_hot,30,60,5,12,13,1,none,none,0,0.8408,0,315
2025-12-13,Americano,beverage_hot,150,65,5,12,13,1,none,none,0,0.8408,0,315
2025-12-13,Cappuccino,beverage_hot,190,82,5,12,13,1,none,none,0,0.8408,0,315
2025-12-13,Cafe Latte,beverage_hot,200,72,5,12,13,1,none,none,0,0.8408,0,315
2025-12-13,Hot Chocolate,beverage_hot,180,34,5,12,13,1,none,none,0,0.8408,0,315
2025-12-13,Cold Coffee,beverage_cold,220,62,5,12,13,1,none,none,0,0.8408,0,315
2025-12-13,Iced Americano,beverage_cold,180,42,5,12,13,1,none,none,0,0.8408,0,315
2025-12-13,Lassi,beverage_cold,120,44,5,12,13,1,none,none,0,0.8408,0,315
2025-12-13,Fresh Lime Soda,beverage_cold,100,60,5,12,13,1,none,none,0,0.8408,0,315
2025-12-13,Veg Momo,food_main,160,94,5,12,13,1,none,none,0,0.8408,0,315
2025-12-13,Buff Momo,food_main,180,105,5,12,13,1,none,none,0,0.8408,0,315
2025-12-13,Chicken Chowmein,food_main,190,61,5,12,13,1,none,none,0,0.8408,0,315
2025-12-13,Veg Thukpa,food_main,170,32,5,12,13,1,none,none,0,0.8408,0,315
2025-12-13,Club Sandwich,food_main,250,60,5,12,13,1,none,none,0,0.8408,0,315
2025-12-13,Chicken Burger,food_main,280,27,5,12,13,1,none,none,0,0.8408,0,315
2025-12-13,French Fries,food_snack,130,66,5,12,13,1,none,none,0,0.8408,0,315
2025-12-13,Samosa,food_snack,40,44,5,12,13,1,none,none,0,0.8408,0,315
2025-12-13,Chocolate Cake Slice,food_bakery,160,19,5,12,13,1,none,none,0,0.8408,0,315
2025-12-13,Croissant,food_bakery,140,16,5,12,13,1,none,none,0,0.8408,0,315
2025-12-14,Milk Tea (Dudh Chiya),beverage_hot,40,134,6,12,14,0,none,none,0,0.85,0,316
2025-12-14,Masala Chiya,beverage_hot,50,81,6,12,14,0,none,none,0,0.85,0,316
2025-12-14,Black Tea (Kalo Chiya),beverage_hot,30,52,6,12,14,0,none,none,0,0.85,0,316
2025-12-14,Americano,beverage_hot,150,43,6,12,14,0,none,none,0,0.85,0,316
2025-12-14,Cappuccino,beverage_hot,190,45,6,12,14,0,none,none,0,0.85,0,316
2025-12-14,Cafe Latte,beverage_hot,200,45,6,12,14,0,none,none,0,0.85,0,316
2025-12-14,Hot Chocolate,beverage_hot,180,26,6,12,14,0,none,none,0,0.85,0,316
2025-12-14,Cold Coffee,beverage_cold,220,34,6,12,14,0,none,none,0,0.85,0,316
2025-12-14,Iced Americano,beverage_cold,180,24,6,12,14,0,none,none,0,0.85,0,316
2025-12-14,Lassi,beverage_cold,120,40,6,12,14,0,none,none,0,0.85,0,316
2025-12-14,Fresh Lime Soda,beverage_cold,100,41,6,12,14,0,none,none,0,0.85,0,316
2025-12-14,Veg Momo,food_main,160,57,6,12,14,0,none,none,0,0.85,0,316
2025-12-14,Buff Momo,food_main,180,60,6,12,14,0,none,none,0,0.85,0,316
2025-12-14,Chicken Chowmein,food_main,190,50,6,12,14,0,none,none,0,0.85,0,316
2025-12-14,Veg Thukpa,food_main,170,29,6,12,14,0,none,none,0,0.85,0,316
2025-12-14,Club Sandwich,food_main,250,28,6,12,14,0,none,none,0,0.85,0,316
2025-12-14,Chicken Burger,food_main,280,22,6,12,14,0,none,none,0,0.85,0,316
2025-12-14,French Fries,food_snack,130,35,6,12,14,0,none,none,0,0.85,0,316
2025-12-14,Samosa,food_snack,40,27,6,12,14,0,none,none,0,0.85,0,316
2025-12-14,Chocolate Cake Slice,food_bakery,160,16,6,12,14,0,none,none,0,0.85,0,316
2025-12-14,Croissant,food_bakery,140,12,6,12,14,0,none,none,0,0.85,0,316
2025-12-15,Milk Tea (Dudh Chiya),beverage_hot,40,146,0,12,15,0,none,none,0,0.859,0,317
2025-12-15,Masala Chiya,beverage_hot,50,95,0,12,15,0,none,none,0,0.859,0,317
2025-12-15,Black Tea (Kalo Chiya),beverage_hot,30,49,0,12,15,0,none,none,0,0.859,0,317
2025-12-15,Americano,beverage_hot,150,53,0,12,15,0,none,none,0,0.859,0,317
2025-12-15,Cappuccino,beverage_hot,190,52,0,12,15,0,none,none,0,0.859,0,317
2025-12-15,Cafe Latte,beverage_hot,200,54,0,12,15,0,none,none,0,0.859,0,317
2025-12-15,Hot Chocolate,beverage_hot,180,23,0,12,15,0,none,none,0,0.859,0,317
2025-12-15,Cold Coffee,beverage_cold,220,58,0,12,15,0,none,none,0,0.859,0,317
2025-12-15,Iced Americano,beverage_cold,180,39,0,12,15,0,none,none,0,0.859,0,317
2025-12-15,Lassi,beverage_cold,120,45,0,12,15,0,none,none,0,0.859,0,317
2025-12-15,Fresh Lime Soda,beverage_cold,100,40,0,12,15,0,none,none,0,0.859,0,317
2025-12-15,Veg Momo,food_main,160,82,0,12,15,0,none,none,0,0.859,0,317
2025-12-15,Buff Momo,food_main,180,81,0,12,15,0,none,none,0,0.859,0,317
2025-12-15,Chicken Chowmein,food_main,190,47,0,12,15,0,none,none,0,0.859,0,317
2025-12-15,Veg Thukpa,food_main,170,27,0,12,15,0,none,none,0,0.859,0,317
2025-12-15,Club Sandwich,food_main,250,23,0,12,15,0,none,none,0,0.859,0,317
2025-12-15,Chicken Burger,food_main,280,24,0,12,15,0,none,none,0,0.859,0,317
2025-12-15,French Fries,food_snack,130,56,0,12,15,0,none,none,0,0.859,0,317
2025-12-15,Samosa,food_snack,40,32,0,12,15,0,none,none,0,0.859,0,317
2025-12-15,Chocolate Cake Slice,food_bakery,160,15,0,12,15,0,none,none,0,0.859,0,317
2025-12-15,Croissant,food_bakery,140,13,0,12,15,0,none,none,0,0.859,0,317
2025-12-16,Milk Tea (Dudh Chiya),beverage_hot,40,148,1,12,16,0,none,none,0,0.8676,0,318
2025-12-16,Masala Chiya,beverage_hot,50,89,1,12,16,0,none,none,0,0.8676,0,318
2025-12-16,Black Tea (Kalo Chiya),beverage_hot,30,43,1,12,16,0,none,none,0,0.8676,0,318
2025-12-16,Americano,beverage_hot,150,44,1,12,16,0,none,none,0,0.8676,0,318
2025-12-16,Cappuccino,beverage_hot,190,69,1,12,16,0,none,none,0,0.8676,0,318
2025-12-16,Cafe Latte,beverage_hot,200,47,1,12,16,0,none,none,0,0.8676,0,318
2025-12-16,Hot Chocolate,beverage_hot,180,23,1,12,16,0,none,none,0,0.8676,0,318
2025-12-16,Cold Coffee,beverage_cold,220,52,1,12,16,0,none,none,0,0.8676,0,318
2025-12-16,Iced Americano,beverage_cold,180,30,1,12,16,0,none,none,0,0.8676,0,318
2025-12-16,Lassi,beverage_cold,120,48,1,12,16,0,none,none,0,0.8676,0,318
2025-12-16,Fresh Lime Soda,beverage_cold,100,44,1,12,16,0,none,none,0,0.8676,0,318
2025-12-16,Veg Momo,food_main,160,64,1,12,16,0,none,none,0,0.8676,0,318
2025-12-16,Buff Momo,food_main,180,83,1,12,16,0,none,none,0,0.8676,0,318
2025-12-16,Chicken Chowmein,food_main,190,67,1,12,16,0,none,none,0,0.8676,0,318
2025-12-16,Veg Thukpa,food_main,170,30,1,12,16,0,none,none,0,0.8676,0,318
2025-12-16,Club Sandwich,food_main,250,38,1,12,16,0,none,none,0,0.8676,0,318
2025-12-16,Chicken Burger,food_main,280,33,1,12,16,0,none,none,0,0.8676,0,318
2025-12-16,French Fries,food_snack,130,42,1,12,16,0,none,none,0,0.8676,0,318
2025-12-16,Samosa,food_snack,40,34,1,12,16,0,none,none,0,0.8676,0,318
2025-12-16,Chocolate Cake Slice,food_bakery,160,19,1,12,16,0,none,none,0,0.8676,0,318
2025-12-16,Croissant,food_bakery,140,16,1,12,16,0,none,none,0,0.8676,0,318
2025-12-17,Milk Tea (Dudh Chiya),beverage_hot,40,153,2,12,17,0,none,none,0,0.8761,0,319
2025-12-17,Masala Chiya,beverage_hot,50,89,2,12,17,0,none,none,0,0.8761,0,319
2025-12-17,Black Tea (Kalo Chiya),beverage_hot,30,35,2,12,17,0,none,none,0,0.8761,0,319
2025-12-17,Americano,beverage_hot,150,58,2,12,17,0,none,none,0,0.8761,0,319
2025-12-17,Cappuccino,beverage_hot,190,52,2,12,17,0,none,none,0,0.8761,0,319
2025-12-17,Cafe Latte,beverage_hot,200,55,2,12,17,0,none,none,0,0.8761,0,319
2025-12-17,Hot Chocolate,beverage_hot,180,29,2,12,17,0,none,none,0,0.8761,0,319
2025-12-17,Cold Coffee,beverage_cold,220,54,2,12,17,0,none,none,0,0.8761,0,319
2025-12-17,Iced Americano,beverage_cold,180,25,2,12,17,0,none,none,0,0.8761,0,319
2025-12-17,Lassi,beverage_cold,120,34,2,12,17,0,none,none,0,0.8761,0,319
2025-12-17,Fresh Lime Soda,beverage_cold,100,38,2,12,17,0,none,none,0,0.8761,0,319
2025-12-17,Veg Momo,food_main,160,58,2,12,17,0,none,none,0,0.8761,0,319
2025-12-17,Buff Momo,food_main,180,60,2,12,17,0,none,none,0,0.8761,0,319
2025-12-17,Chicken Chowmein,food_main,190,50,2,12,17,0,none,none,0,0.8761,0,319
2025-12-17,Veg Thukpa,food_main,170,26,2,12,17,0,none,none,0,0.8761,0,319
2025-12-17,Club Sandwich,food_main,250,30,2,12,17,0,none,none,0,0.8761,0,319
2025-12-17,Chicken Burger,food_main,280,25,2,12,17,0,none,none,0,0.8761,0,319
2025-12-17,French Fries,food_snack,130,46,2,12,17,0,none,none,0,0.8761,0,319
2025-12-17,Samosa,food_snack,40,29,2,12,17,0,none,none,0,0.8761,0,319
2025-12-17,Chocolate Cake Slice,food_bakery,160,15,2,12,17,0,none,none,0,0.8761,0,319
2025-12-17,Croissant,food_bakery,140,16,2,12,17,0,none,none,0,0.8761,0,319
2025-12-18,Milk Tea (Dudh Chiya),beverage_hot,40,164,3,12,18,0,none,none,0,0.8842,0,320
2025-12-18,Masala Chiya,beverage_hot,50,92,3,12,18,0,none,none,0,0.8842,0,320
2025-12-18,Black Tea (Kalo Chiya),beverage_hot,30,52,3,12,18,0,none,none,0,0.8842,0,320
2025-12-18,Americano,beverage_hot,150,50,3,12,18,0,none,none,0,0.8842,0,320
2025-12-18,Cappuccino,beverage_hot,190,39,3,12,18,0,none,none,0,0.8842,0,320
2025-12-18,Cafe Latte,beverage_hot,200,51,3,12,18,0,none,none,0,0.8842,0,320
2025-12-18,Hot Chocolate,beverage_hot,180,30,3,12,18,0,none,none,0,0.8842,0,320
2025-12-18,Cold Coffee,beverage_cold,220,44,3,12,18,0,none,none,0,0.8842,0,320
2025-12-18,Iced Americano,beverage_cold,180,37,3,12,18,0,none,none,0,0.8842,0,320
2025-12-18,Lassi,beverage_cold,120,38,3,12,18,0,none,none,0,0.8842,0,320
2025-12-18,Fresh Lime Soda,beverage_cold,100,39,3,12,18,0,none,none,0,0.8842,0,320
2025-12-18,Veg Momo,food_main,160,66,3,12,18,0,none,none,0,0.8842,0,320
2025-12-18,Buff Momo,food_main,180,84,3,12,18,0,none,none,0,0.8842,0,320
2025-12-18,Chicken Chowmein,food_main,190,65,3,12,18,0,none,none,0,0.8842,0,320
2025-12-18,Veg Thukpa,food_main,170,31,3,12,18,0,none,none,0,0.8842,0,320
2025-12-18,Club Sandwich,food_main,250,33,3,12,18,0,none,none,0,0.8842,0,320
2025-12-18,Chicken Burger,food_main,280,28,3,12,18,0,none,none,0,0.8842,0,320
2025-12-18,French Fries,food_snack,130,42,3,12,18,0,none,none,0,0.8842,0,320
2025-12-18,Samosa,food_snack,40,27,3,12,18,0,none,none,0,0.8842,0,320
2025-12-18,Chocolate Cake Slice,food_bakery,160,17,3,12,18,0,none,none,0,0.8842,0,320
2025-12-18,Croissant,food_bakery,140,12,3,12,18,0,none,none,0,0.8842,0,320
2025-12-19,Milk Tea (Dudh Chiya),beverage_hot,40,167,4,12,19,0,none,none,0,0.8921,0,321
2025-12-19,Masala Chiya,beverage_hot,50,125,4,12,19,0,none,none,0,0.8921,0,321
2025-12-19,Black Tea (Kalo Chiya),beverage_hot,30,42,4,12,19,0,none,none,0,0.8921,0,321
2025-12-19,Americano,beverage_hot,150,60,4,12,19,0,none,none,0,0.8921,0,321
2025-12-19,Cappuccino,beverage_hot,190,52,4,12,19,0,none,none,0,0.8921,0,321
2025-12-19,Cafe Latte,beverage_hot,200,44,4,12,19,0,none,none,0,0.8921,0,321
2025-12-19,Hot Chocolate,beverage_hot,180,28,4,12,19,0,none,none,0,0.8921,0,321
2025-12-19,Cold Coffee,beverage_cold,220,56,4,12,19,0,none,none,0,0.8921,0,321
2025-12-19,Iced Americano,beverage_cold,180,35,4,12,19,0,none,none,0,0.8921,0,321
2025-12-19,Lassi,beverage_cold,120,39,4,12,19,0,none,none,0,0.8921,0,321
2025-12-19,Fresh Lime Soda,beverage_cold,100,38,4,12,19,0,none,none,0,0.8921,0,321
2025-12-19,Veg Momo,food_main,160,88,4,12,19,0,none,none,0,0.8921,0,321
2025-12-19,Buff Momo,food_main,180,96,4,12,19,0,none,none,0,0.8921,0,321
2025-12-19,Chicken Chowmein,food_main,190,55,4,12,19,0,none,none,0,0.8921,0,321
2025-12-19,Veg Thukpa,food_main,170,40,4,12,19,0,none,none,0,0.8921,0,321
2025-12-19,Club Sandwich,food_main,250,37,4,12,19,0,none,none,0,0.8921,0,321
2025-12-19,Chicken Burger,food_main,280,16,4,12,19,0,none,none,0,0.8921,0,321
2025-12-19,French Fries,food_snack,130,47,4,12,19,0,none,none,0,0.8921,0,321
2025-12-19,Samosa,food_snack,40,44,4,12,19,0,none,none,0,0.8921,0,321
2025-12-19,Chocolate Cake Slice,food_bakery,160,24,4,12,19,0,none,none,0,0.8921,0,321
2025-12-19,Croissant,food_bakery,140,16,4,12,19,0,none,none,0,0.8921,0,321
2025-12-20,Milk Tea (Dudh Chiya),beverage_hot,40,205,5,12,20,1,none,none,0,0.8998,0,322
2025-12-20,Masala Chiya,beverage_hot,50,144,5,12,20,1,none,none,0,0.8998,0,322
2025-12-20,Black Tea (Kalo Chiya),beverage_hot,30,63,5,12,20,1,none,none,0,0.8998,0,322
2025-12-20,Americano,beverage_hot,150,54,5,12,20,1,none,none,0,0.8998,0,322
2025-12-20,Cappuccino,beverage_hot,190,83,5,12,20,1,none,none,0,0.8998,0,322
2025-12-20,Cafe Latte,beverage_hot,200,72,5,12,20,1,none,none,0,0.8998,0,322
2025-12-20,Hot Chocolate,beverage_hot,180,41,5,12,20,1,none,none,0,0.8998,0,322
2025-12-20,Cold Coffee,beverage_cold,220,81,5,12,20,1,none,none,0,0.8998,0,322
2025-12-20,Iced Americano,beverage_cold,180,58,5,12,20,1,none,none,0,0.8998,0,322
2025-12-20,Lassi,beverage_cold,120,65,5,12,20,1,none,none,0,0.8998,0,322
2025-12-20,Fresh Lime Soda,beverage_cold,100,64,5,12,20,1,none,none,0,0.8998,0,322
2025-12-20,Veg Momo,food_main,160,97,5,12,20,1,none,none,0,0.8998,0,322
2025-12-20,Buff Momo,food_main,180,99,5,12,20,1,none,none,0,0.8998,0,322
2025-12-20,Chicken Chowmein,food_main,190,66,5,12,20,1,none,none,0,0.8998,0,322
2025-12-20,Veg Thukpa,food_main,170,40,5,12,20,1,none,none,0,0.8998,0,322
2025-12-20,Club Sandwich,food_main,250,44,5,12,20,1,none,none,0,0.8998,0,322
2025-12-20,Chicken Burger,food_main,280,38,5,12,20,1,none,none,0,0.8998,0,322
2025-12-20,French Fries,food_snack,130,47,5,12,20,1,none,none,0,0.8998,0,322
2025-12-20,Samosa,food_snack,40,61,5,12,20,1,none,none,0,0.8998,0,322
2025-12-20,Chocolate Cake Slice,food_bakery,160,25,5,12,20,1,none,none,0,0.8998,0,322
2025-12-20,Croissant,food_bakery,140,22,5,12,20,1,none,none,0,0.8998,0,322
2025-12-21,Milk Tea (Dudh Chiya),beverage_hot,40,155,6,12,21,0,none,none,0,0.9071,0,323
2025-12-21,Masala Chiya,beverage_hot,50,87,6,12,21,0,none,none,0,0.9071,0,323
2025-12-21,Black Tea (Kalo Chiya),beverage_hot,30,50,6,12,21,0,none,none,0,0.9071,0,323
2025-12-21,Americano,beverage_hot,150,45,6,12,21,0,none,none,0,0.9071,0,323
2025-12-21,Cappuccino,beverage_hot,190,75,6,12,21,0,none,none,0,0.9071,0,323
2025-12-21,Cafe Latte,beverage_hot,200,48,6,12,21,0,none,none,0,0.9071,0,323
2025-12-21,Hot Chocolate,beverage_hot,180,20,6,12,21,0,none,none,0,0.9071,0,323
2025-12-21,Cold Coffee,beverage_cold,220,47,6,12,21,0,none,none,0,0.9071,0,323
2025-12-21,Iced Americano,beverage_cold,180,40,6,12,21,0,none,none,0,0.9071,0,323
2025-12-21,Lassi,beverage_cold,120,37,6,12,21,0,none,none,0,0.9071,0,323
2025-12-21,Fresh Lime Soda,beverage_cold,100,41,6,12,21,0,none,none,0,0.9071,0,323
2025-12-21,Veg Momo,food_main,160,58,6,12,21,0,none,none,0,0.9071,0,323
2025-12-21,Buff Momo,food_main,180,77,6,12,21,0,none,none,0,0.9071,0,323
2025-12-21,Chicken Chowmein,food_main,190,65,6,12,21,0,none,none,0,0.9071,0,323
2025-12-21,Veg Thukpa,food_main,170,25,6,12,21,0,none,none,0,0.9071,0,323
2025-12-21,Club Sandwich,food_main,250,25,6,12,21,0,none,none,0,0.9071,0,323
2025-12-21,Chicken Burger,food_main,280,27,6,12,21,0,none,none,0,0.9071,0,323
2025-12-21,French Fries,food_snack,130,48,6,12,21,0,none,none,0,0.9071,0,323
2025-12-21,Samosa,food_snack,40,37,6,12,21,0,none,none,0,0.9071,0,323
2025-12-21,Chocolate Cake Slice,food_bakery,160,23,6,12,21,0,none,none,0,0.9071,0,323
2025-12-21,Croissant,food_bakery,140,14,6,12,21,0,none,none,0,0.9071,0,323
2025-12-22,Milk Tea (Dudh Chiya),beverage_hot,40,156,0,12,22,0,none,none,0,0.9142,0,324
2025-12-22,Masala Chiya,beverage_hot,50,104,0,12,22,0,none,none,0,0.9142,0,324
2025-12-22,Black Tea (Kalo Chiya),beverage_hot,30,54,0,12,22,0,none,none,0,0.9142,0,324
2025-12-22,Americano,beverage_hot,150,45,0,12,22,0,none,none,0,0.9142,0,324
2025-12-22,Cappuccino,beverage_hot,190,54,0,12,22,0,none,none,0,0.9142,0,324
2025-12-22,Cafe Latte,beverage_hot,200,60,0,12,22,0,none,none,0,0.9142,0,324
2025-12-22,Hot Chocolate,beverage_hot,180,31,0,12,22,0,none,none,0,0.9142,0,324
2025-12-22,Cold Coffee,beverage_cold,220,54,0,12,22,0,none,none,0,0.9142,0,324
2025-12-22,Iced Americano,beverage_cold,180,28,0,12,22,0,none,none,0,0.9142,0,324
2025-12-22,Lassi,beverage_cold,120,34,0,12,22,0,none,none,0,0.9142,0,324
2025-12-22,Fresh Lime Soda,beverage_cold,100,43,0,12,22,0,none,none,0,0.9142,0,324
2025-12-22,Veg Momo,food_main,160,68,0,12,22,0,none,none,0,0.9142,0,324
2025-12-22,Buff Momo,food_main,180,81,0,12,22,0,none,none,0,0.9142,0,324
2025-12-22,Chicken Chowmein,food_main,190,62,0,12,22,0,none,none,0,0.9142,0,324
2025-12-22,Veg Thukpa,food_main,170,26,0,12,22,0,none,none,0,0.9142,0,324
2025-12-22,Club Sandwich,food_main,250,32,0,12,22,0,none,none,0,0.9142,0,324
2025-12-22,Chicken Burger,food_main,280,29,0,12,22,0,none,none,0,0.9142,0,324
2025-12-22,French Fries,food_snack,130,51,0,12,22,0,none,none,0,0.9142,0,324
2025-12-22,Samosa,food_snack,40,33,0,12,22,0,none,none,0,0.9142,0,324
2025-12-22,Chocolate Cake Slice,food_bakery,160,23,0,12,22,0,none,none,0,0.9142,0,324
2025-12-22,Croissant,food_bakery,140,19,0,12,22,0,none,none,0,0.9142,0,324
2025-12-23,Milk Tea (Dudh Chiya),beverage_hot,40,162,1,12,23,0,none,none,0,0.9211,0,325
2025-12-23,Masala Chiya,beverage_hot,50,105,1,12,23,0,none,none,0,0.9211,0,325
2025-12-23,Black Tea (Kalo Chiya),beverage_hot,30,60,1,12,23,0,none,none,0,0.9211,0,325
2025-12-23,Americano,beverage_hot,150,59,1,12,23,0,none,none,0,0.9211,0,325
2025-12-23,Cappuccino,beverage_hot,190,75,1,12,23,0,none,none,0,0.9211,0,325
2025-12-23,Cafe Latte,beverage_hot,200,62,1,12,23,0,none,none,0,0.9211,0,325
2025-12-23,Hot Chocolate,beverage_hot,180,29,1,12,23,0,none,none,0,0.9211,0,325
2025-12-23,Cold Coffee,beverage_cold,220,52,1,12,23,0,none,none,0,0.9211,0,325
2025-12-23,Iced Americano,beverage_cold,180,35,1,12,23,0,none,none,0,0.9211,0,325
2025-12-23,Lassi,beverage_cold,120,43,1,12,23,0,none,none,0,0.9211,0,325
2025-12-23,Fresh Lime Soda,beverage_cold,100,54,1,12,23,0,none,none,0,0.9211,0,325
2025-12-23,Veg Momo,food_main,160,75,1,12,23,0,none,none,0,0.9211,0,325
2025-12-23,Buff Momo,food_main,180,103,1,12,23,0,none,none,0,0.9211,0,325
2025-12-23,Chicken Chowmein,food_main,190,54,1,12,23,0,none,none,0,0.9211,0,325
2025-12-23,Veg Thukpa,food_main,170,31,1,12,23,0,none,none,0,0.9211,0,325
2025-12-23,Club Sandwich,food_main,250,31,1,12,23,0,none,none,0,0.9211,0,325
2025-12-23,Chicken Burger,food_main,280,32,1,12,23,0,none,none,0,0.9211,0,325
2025-12-23,French Fries,food_snack,130,52,1,12,23,0,none,none,0,0.9211,0,325
2025-12-23,Samosa,food_snack,40,50,1,12,23,0,none,none,0,0.9211,0,325
2025-12-23,Chocolate Cake Slice,food_bakery,160,21,1,12,23,0,none,none,0,0.9211,0,325
2025-12-23,Croissant,food_bakery,140,21,1,12,23,0,none,none,0,0.9211,0,325
2025-12-24,Milk Tea (Dudh Chiya),beverage_hot,40,169,2,12,24,0,none,none,0,0.9276,0,326
2025-12-24,Masala Chiya,beverage_hot,50,98,2,12,24,0,none,none,0,0.9276,0,326
2025-12-24,Black Tea (Kalo Chiya),beverage_hot,30,39,2,12,24,0,none,none,0,0.9276,0,326
2025-12-24,Americano,beverage_hot,150,55,2,12,24,0,none,none,0,0.9276,0,326
2025-12-24,Cappuccino,beverage_hot,190,59,2,12,24,0,none,none,0,0.9276,0,326
2025-12-24,Cafe Latte,beverage_hot,200,53,2,12,24,0,none,none,0,0.9276,0,326
2025-12-24,Hot Chocolate,beverage_hot,180,37,2,12,24,0,none,none,0,0.9276,0,326
2025-12-24,Cold Coffee,beverage_cold,220,48,2,12,24,0,none,none,0,0.9276,0,326
2025-12-24,Iced Americano,beverage_cold,180,46,2,12,24,0,none,none,0,0.9276,0,326
2025-12-24,Lassi,beverage_cold,120,40,2,12,24,0,none,none,0,0.9276,0,326
2025-12-24,Fresh Lime Soda,beverage_cold,100,47,2,12,24,0,none,none,0,0.9276,0,326
2025-12-24,Veg Momo,food_main,160,84,2,12,24,0,none,none,0,0.9276,0,326
2025-12-24,Buff Momo,food_main,180,80,2,12,24,0,none,none,0,0.9276,0,326
2025-12-24,Chicken Chowmein,food_main,190,49,2,12,24,0,none,none,0,0.9276,0,326
2025-12-24,Veg Thukpa,food_main,170,36,2,12,24,0,none,none,0,0.9276,0,326
2025-12-24,Club Sandwich,food_main,250,27,2,12,24,0,none,none,0,0.9276,0,326
2025-12-24,Chicken Burger,food_main,280,33,2,12,24,0,none,none,0,0.9276,0,326
2025-12-24,French Fries,food_snack,130,51,2,12,24,0,none,none,0,0.9276,0,326
2025-12-24,Samosa,food_snack,40,41,2,12,24,0,none,none,0,0.9276,0,326
2025-12-24,Chocolate Cake Slice,food_bakery,160,22,2,12,24,0,none,none,0,0.9276,0,326
2025-12-24,Croissant,food_bakery,140,16,2,12,24,0,none,none,0,0.9276,0,326
2025-12-25,Milk Tea (Dudh Chiya),beverage_hot,40,263,3,12,25,0,Christmas,spike,0,0.9339,0,327
2025-12-25,Masala Chiya,beverage_hot,50,169,3,12,25,0,Christmas,spike,0,0.9339,0,327
2025-12-25,Black Tea (Kalo Chiya),beverage_hot,30,80,3,12,25,0,Christmas,spike,0,0.9339,0,327
2025-12-25,Americano,beverage_hot,150,85,3,12,25,0,Christmas,spike,0,0.9339,0,327
2025-12-25,Cappuccino,beverage_hot,190,92,3,12,25,0,Christmas,spike,0,0.9339,0,327
2025-12-25,Cafe Latte,beverage_hot,200,90,3,12,25,0,Christmas,spike,0,0.9339,0,327
2025-12-25,Hot Chocolate,beverage_hot,180,58,3,12,25,0,Christmas,spike,0,0.9339,0,327
2025-12-25,Cold Coffee,beverage_cold,220,68,3,12,25,0,Christmas,spike,0,0.9339,0,327
2025-12-25,Iced Americano,beverage_cold,180,62,3,12,25,0,Christmas,spike,0,0.9339,0,327
2025-12-25,Lassi,beverage_cold,120,77,3,12,25,0,Christmas,spike,0,0.9339,0,327
2025-12-25,Fresh Lime Soda,beverage_cold,100,89,3,12,25,0,Christmas,spike,0,0.9339,0,327
2025-12-25,Veg Momo,food_main,160,116,3,12,25,0,Christmas,spike,0,0.9339,0,327
2025-12-25,Buff Momo,food_main,180,118,3,12,25,0,Christmas,spike,0,0.9339,0,327
2025-12-25,Chicken Chowmein,food_main,190,80,3,12,25,0,Christmas,spike,0,0.9339,0,327
2025-12-25,Veg Thukpa,food_main,170,49,3,12,25,0,Christmas,spike,0,0.9339,0,327
2025-12-25,Club Sandwich,food_main,250,53,3,12,25,0,Christmas,spike,0,0.9339,0,327
2025-12-25,Chicken Burger,food_main,280,49,3,12,25,0,Christmas,spike,0,0.9339,0,327
2025-12-25,French Fries,food_snack,130,76,3,12,25,0,Christmas,spike,0,0.9339,0,327
2025-12-25,Samosa,food_snack,40,57,3,12,25,0,Christmas,spike,0,0.9339,0,327
2025-12-25,Chocolate Cake Slice,food_bakery,160,30,3,12,25,0,Christmas,spike,0,0.9339,0,327
2025-12-25,Croissant,food_bakery,140,24,3,12,25,0,Christmas,spike,0,0.9339,0,327
2025-12-26,Milk Tea (Dudh Chiya),beverage_hot,40,190,4,12,26,0,none,none,0,0.9399,0,328
2025-12-26,Masala Chiya,beverage_hot,50,125,4,12,26,0,none,none,0,0.9399,0,328
2025-12-26,Black Tea (Kalo Chiya),beverage_hot,30,57,4,12,26,0,none,none,0,0.9399,0,328
2025-12-26,Americano,beverage_hot,150,58,4,12,26,0,none,none,0,0.9399,0,328
2025-12-26,Cappuccino,beverage_hot,190,63,4,12,26,0,none,none,0,0.9399,0,328
2025-12-26,Cafe Latte,beverage_hot,200,53,4,12,26,0,none,none,0,0.9399,0,328
2025-12-26,Hot Chocolate,beverage_hot,180,29,4,12,26,0,none,none,0,0.9399,0,328
2025-12-26,Cold Coffee,beverage_cold,220,53,4,12,26,0,none,none,0,0.9399,0,328
2025-12-26,Iced Americano,beverage_cold,180,39,4,12,26,0,none,none,0,0.9399,0,328
2025-12-26,Lassi,beverage_cold,120,44,4,12,26,0,none,none,0,0.9399,0,328
2025-12-26,Fresh Lime Soda,beverage_cold,100,43,4,12,26,0,none,none,0,0.9399,0,328
2025-12-26,Veg Momo,food_main,160,75,4,12,26,0,none,none,0,0.9399,0,328
2025-12-26,Buff Momo,food_main,180,108,4,12,26,0,none,none,0,0.9399,0,328
2025-12-26,Chicken Chowmein,food_main,190,57,4,12,26,0,none,none,0,0.9399,0,328
2025-12-26,Veg Thukpa,food_main,170,30,4,12,26,0,none,none,0,0.9399,0,328
2025-12-26,Club Sandwich,food_main,250,35,4,12,26,0,none,none,0,0.9399,0,328
2025-12-26,Chicken Burger,food_main,280,27,4,12,26,0,none,none,0,0.9399,0,328
2025-12-26,French Fries,food_snack,130,61,4,12,26,0,none,none,0,0.9399,0,328
2025-12-26,Samosa,food_snack,40,38,4,12,26,0,none,none,0,0.9399,0,328
2025-12-26,Chocolate Cake Slice,food_bakery,160,23,4,12,26,0,none,none,0,0.9399,0,328
2025-12-26,Croissant,food_bakery,140,13,4,12,26,0,none,none,0,0.9399,0,328
2025-12-27,Milk Tea (Dudh Chiya),beverage_hot,40,221,5,12,27,1,none,none,0,0.9457,0,329
2025-12-27,Masala Chiya,beverage_hot,50,145,5,12,27,1,none,none,0,0.9457,0,329
2025-12-27,Black Tea (Kalo Chiya),beverage_hot,30,59,5,12,27,1,none,none,0,0.9457,0,329
2025-12-27,Americano,beverage_hot,150,55,5,12,27,1,none,none,0,0.9457,0,329
2025-12-27,Cappuccino,beverage_hot,190,80,5,12,27,1,none,none,0,0.9457,0,329
2025-12-27,Cafe Latte,beverage_hot,200,67,5,12,27,1,none,none,0,0.9457,0,329
2025-12-27,Hot Chocolate,beverage_hot,180,43,5,12,27,1,none,none,0,0.9457,0,329
2025-12-27,Cold Coffee,beverage_cold,220,76,5,12,27,1,none,none,0,0.9457,0,329
2025-12-27,Iced Americano,beverage_cold,180,60,5,12,27,1,none,none,0,0.9457,0,329
2025-12-27,Lassi,beverage_cold,120,57,5,12,27,1,none,none,0,0.9457,0,329
2025-12-27,Fresh Lime Soda,beverage_cold,100,55,5,12,27,1,none,none,0,0.9457,0,329
2025-12-27,Veg Momo,food_main,160,92,5,12,27,1,none,none,0,0.9457,0,329
2025-12-27,Buff Momo,food_main,180,104,5,12,27,1,none,none,0,0.9457,0,329
2025-12-27,Chicken Chowmein,food_main,190,89,5,12,27,1,none,none,0,0.9457,0,329
2025-12-27,Veg Thukpa,food_main,170,41,5,12,27,1,none,none,0,0.9457,0,329
2025-12-27,Club Sandwich,food_main,250,30,5,12,27,1,none,none,0,0.9457,0,329
2025-12-27,Chicken Burger,food_main,280,37,5,12,27,1,none,none,0,0.9457,0,329
2025-12-27,French Fries,food_snack,130,57,5,12,27,1,none,none,0,0.9457,0,329
2025-12-27,Samosa,food_snack,40,57,5,12,27,1,none,none,0,0.9457,0,329
2025-12-27,Chocolate Cake Slice,food_bakery,160,35,5,12,27,1,none,none,0,0.9457,0,329
2025-12-27,Croissant,food_bakery,140,19,5,12,27,1,none,none,0,0.9457,0,329
2025-12-28,Milk Tea (Dudh Chiya),beverage_hot,40,127,6,12,28,0,none,none,0,0.9511,0,330
2025-12-28,Masala Chiya,beverage_hot,50,93,6,12,28,0,none,none,0,0.9511,0,330
2025-12-28,Black Tea (Kalo Chiya),beverage_hot,30,40,6,12,28,0,none,none,0,0.9511,0,330
2025-12-28,Americano,beverage_hot,150,44,6,12,28,0,none,none,0,0.9511,0,330
2025-12-28,Cappuccino,beverage_hot,190,70,6,12,28,0,none,none,0,0.9511,0,330
2025-12-28,Cafe Latte,beverage_hot,200,56,6,12,28,0,none,none,0,0.9511,0,330
2025-12-28,Hot Chocolate,beverage_hot,180,31,6,12,28,0,none,none,0,0.9511,0,330
2025-12-28,Cold Coffee,beverage_cold,220,38,6,12,28,0,none,none,0,0.9511,0,330
2025-12-28,Iced Americano,beverage_cold,180,29,6,12,28,0,none,none,0,0.9511,0,330
2025-12-28,Lassi,beverage_cold,120,37,6,12,28,0,none,none,0,0.9511,0,330
2025-12-28,Fresh Lime Soda,beverage_cold,100,37,6,12,28,0,none,none,0,0.9511,0,330
2025-12-28,Veg Momo,food_main,160,64,6,12,28,0,none,none,0,0.9511,0,330
2025-12-28,Buff Momo,food_main,180,62,6,12,28,0,none,none,0,0.9511,0,330
2025-12-28,Chicken Chowmein,food_main,190,52,6,12,28,0,none,none,0,0.9511,0,330
2025-12-28,Veg Thukpa,food_main,170,33,6,12,28,0,none,none,0,0.9511,0,330
2025-12-28,Club Sandwich,food_main,250,22,6,12,28,0,none,none,0,0.9511,0,330
2025-12-28,Chicken Burger,food_main,280,19,6,12,28,0,none,none,0,0.9511,0,330
2025-12-28,French Fries,food_snack,130,38,6,12,28,0,none,none,0,0.9511,0,330
2025-12-28,Samosa,food_snack,40,37,6,12,28,0,none,none,0,0.9511,0,330
2025-12-28,Chocolate Cake Slice,food_bakery,160,17,6,12,28,0,none,none,0,0.9511,0,330
2025-12-28,Croissant,food_bakery,140,14,6,12,28,0,none,none,0,0.9511,0,330
2025-12-29,Milk Tea (Dudh Chiya),beverage_hot,40,154,0,12,29,0,none,none,0,0.9563,0,331
2025-12-29,Masala Chiya,beverage_hot,50,114,0,12,29,0,none,none,0,0.9563,0,331
2025-12-29,Black Tea (Kalo Chiya),beverage_hot,30,63,0,12,29,0,none,none,0,0.9563,0,331
2025-12-29,Americano,beverage_hot,150,56,0,12,29,0,none,none,0,0.9563,0,331
2025-12-29,Cappuccino,beverage_hot,190,56,0,12,29,0,none,none,0,0.9563,0,331
2025-12-29,Cafe Latte,beverage_hot,200,47,0,12,29,0,none,none,0,0.9563,0,331
2025-12-29,Hot Chocolate,beverage_hot,180,29,0,12,29,0,none,none,0,0.9563,0,331
2025-12-29,Cold Coffee,beverage_cold,220,54,0,12,29,0,none,none,0,0.9563,0,331
2025-12-29,Iced Americano,beverage_cold,180,38,0,12,29,0,none,none,0,0.9563,0,331
2025-12-29,Lassi,beverage_cold,120,38,0,12,29,0,none,none,0,0.9563,0,331
2025-12-29,Fresh Lime Soda,beverage_cold,100,43,0,12,29,0,none,none,0,0.9563,0,331
2025-12-29,Veg Momo,food_main,160,61,0,12,29,0,none,none,0,0.9563,0,331
2025-12-29,Buff Momo,food_main,180,63,0,12,29,0,none,none,0,0.9563,0,331
2025-12-29,Chicken Chowmein,food_main,190,71,0,12,29,0,none,none,0,0.9563,0,331
2025-12-29,Veg Thukpa,food_main,170,42,0,12,29,0,none,none,0,0.9563,0,331
2025-12-29,Club Sandwich,food_main,250,39,0,12,29,0,none,none,0,0.9563,0,331
2025-12-29,Chicken Burger,food_main,280,26,0,12,29,0,none,none,0,0.9563,0,331
2025-12-29,French Fries,food_snack,130,41,0,12,29,0,none,none,0,0.9563,0,331
2025-12-29,Samosa,food_snack,40,40,0,12,29,0,none,none,0,0.9563,0,331
2025-12-29,Chocolate Cake Slice,food_bakery,160,21,0,12,29,0,none,none,0,0.9563,0,331
2025-12-29,Croissant,food_bakery,140,20,0,12,29,0,none,none,0,0.9563,0,331
2025-12-30,Milk Tea (Dudh Chiya),beverage_hot,40,154,1,12,30,0,none,none,0,0.9612,0,332
2025-12-30,Masala Chiya,beverage_hot,50,95,1,12,30,0,none,none,0,0.9612,0,332
2025-12-30,Black Tea (Kalo Chiya),beverage_hot,30,45,1,12,30,0,none,none,0,0.9612,0,332
2025-12-30,Americano,beverage_hot,150,50,1,12,30,0,none,none,0,0.9612,0,332
2025-12-30,Cappuccino,beverage_hot,190,69,1,12,30,0,none,none,0,0.9612,0,332
2025-12-30,Cafe Latte,beverage_hot,200,61,1,12,30,0,none,none,0,0.9612,0,332
2025-12-30,Hot Chocolate,beverage_hot,180,38,1,12,30,0,none,none,0,0.9612,0,332
2025-12-30,Cold Coffee,beverage_cold,220,50,1,12,30,0,none,none,0,0.9612,0,332
2025-12-30,Iced Americano,beverage_cold,180,31,1,12,30,0,none,none,0,0.9612,0,332
2025-12-30,Lassi,beverage_cold,120,35,1,12,30,0,none,none,0,0.9612,0,332
2025-12-30,Fresh Lime Soda,beverage_cold,100,47,1,12,30,0,none,none,0,0.9612,0,332
2025-12-30,Veg Momo,food_main,160,64,1,12,30,0,none,none,0,0.9612,0,332
2025-12-30,Buff Momo,food_main,180,84,1,12,30,0,none,none,0,0.9612,0,332
2025-12-30,Chicken Chowmein,food_main,190,60,1,12,30,0,none,none,0,0.9612,0,332
2025-12-30,Veg Thukpa,food_main,170,17,1,12,30,0,none,none,0,0.9612,0,332
2025-12-30,Club Sandwich,food_main,250,42,1,12,30,0,none,none,0,0.9612,0,332
2025-12-30,Chicken Burger,food_main,280,33,1,12,30,0,none,none,0,0.9612,0,332
2025-12-30,French Fries,food_snack,130,39,1,12,30,0,none,none,0,0.9612,0,332
2025-12-30,Samosa,food_snack,40,48,1,12,30,0,none,none,0,0.9612,0,332
2025-12-30,Chocolate Cake Slice,food_bakery,160,16,1,12,30,0,none,none,0,0.9612,0,332
2025-12-30,Croissant,food_bakery,140,15,1,12,30,0,none,none,0,0.9612,0,332
2025-12-31,Milk Tea (Dudh Chiya),beverage_hot,40,138,2,12,31,0,none,none,0,0.9658,0,333
2025-12-31,Masala Chiya,beverage_hot,50,71,2,12,31,0,none,none,0,0.9658,0,333
2025-12-31,Black Tea (Kalo Chiya),beverage_hot,30,33,2,12,31,0,none,none,0,0.9658,0,333
2025-12-31,Americano,beverage_hot,150,36,2,12,31,0,none,none,0,0.9658,0,333
2025-12-31,Cappuccino,beverage_hot,190,54,2,12,31,0,none,none,0,0.9658,0,333
2025-12-31,Cafe Latte,beverage_hot,200,37,2,12,31,0,none,none,0,0.9658,0,333
2025-12-31,Hot Chocolate,beverage_hot,180,30,2,12,31,0,none,none,0,0.9658,0,333
2025-12-31,Cold Coffee,beverage_cold,220,43,2,12,31,0,none,none,0,0.9658,0,333
2025-12-31,Iced Americano,beverage_cold,180,34,2,12,31,0,none,none,0,0.9658,0,333
2025-12-31,Lassi,beverage_cold,120,40,2,12,31,0,none,none,0,0.9658,0,333
2025-12-31,Fresh Lime Soda,beverage_cold,100,38,2,12,31,0,none,none,0,0.9658,0,333
2025-12-31,Veg Momo,food_main,160,66,2,12,31,0,none,none,0,0.9658,0,333
2025-12-31,Buff Momo,food_main,180,64,2,12,31,0,none,none,0,0.9658,0,333
2025-12-31,Chicken Chowmein,food_main,190,46,2,12,31,0,none,none,0,0.9658,0,333
2025-12-31,Veg Thukpa,food_main,170,28,2,12,31,0,none,none,0,0.9658,0,333
2025-12-31,Club Sandwich,food_main,250,23,2,12,31,0,none,none,0,0.9658,0,333
2025-12-31,Chicken Burger,food_main,280,23,2,12,31,0,none,none,0,0.9658,0,333
2025-12-31,French Fries,food_snack,130,42,2,12,31,0,none,none,0,0.9658,0,333
2025-12-31,Samosa,food_snack,40,32,2,12,31,0,none,none,0,0.9658,0,333
2025-12-31,Chocolate Cake Slice,food_bakery,160,17,2,12,31,0,none,none,0,0.9658,0,333
2025-12-31,Croissant,food_bakery,140,9,2,12,31,0,none,none,0,0.9658,0,333
2026-01-01,Milk Tea (Dudh Chiya),beverage_hot,40,184,3,1,1,0,none,none,0,0.9711,0,334
2026-01-01,Masala Chiya,beverage_hot,50,95,3,1,1,0,none,none,0,0.9711,0,334
2026-01-01,Black Tea (Kalo Chiya),beverage_hot,30,49,3,1,1,0,none,none,0,0.9711,0,334
2026-01-01,Americano,beverage_hot,150,55,3,1,1,0,none,none,0,0.9711,0,334
2026-01-01,Cappuccino,beverage_hot,190,68,3,1,1,0,none,none,0,0.9711,0,334
2026-01-01,Cafe Latte,beverage_hot,200,59,3,1,1,0,none,none,0,0.9711,0,334
2026-01-01,Hot Chocolate,beverage_hot,180,34,3,1,1,0,none,none,0,0.9711,0,334
2026-01-01,Cold Coffee,beverage_cold,220,64,3,1,1,0,none,none,0,0.9711,0,334
2026-01-01,Iced Americano,beverage_cold,180,30,3,1,1,0,none,none,0,0.9711,0,334
2026-01-01,Lassi,beverage_cold,120,40,3,1,1,0,none,none,0,0.9711,0,334
2026-01-01,Fresh Lime Soda,beverage_cold,100,64,3,1,1,0,none,none,0,0.9711,0,334
2026-01-01,Veg Momo,food_main,160,75,3,1,1,0,none,none,0,0.9711,0,334
2026-01-01,Buff Momo,food_main,180,80,3,1,1,0,none,none,0,0.9711,0,334
2026-01-01,Chicken Chowmein,food_main,190,54,3,1,1,0,none,none,0,0.9711,0,334
2026-01-01,Veg Thukpa,food_main,170,35,3,1,1,0,none,none,0,0.9711,0,334
2026-01-01,Club Sandwich,food_main,250,32,3,1,1,0,none,none,0,0.9711,0,334
2026-01-01,Chicken Burger,food_main,280,26,3,1,1,0,none,none,0,0.9711,0,334
2026-01-01,French Fries,food_snack,130,51,3,1,1,0,none,none,0,0.9711,0,334
2026-01-01,Samosa,food_snack,40,48,3,1,1,0,none,none,0,0.9711,0,334
2026-01-01,Chocolate Cake Slice,food_bakery,160,21,3,1,1,0,none,none,0,0.9711,0,334
2026-01-01,Croissant,food_bakery,140,16,3,1,1,0,none,none,0,0.9711,0,334
2026-01-02,Milk Tea (Dudh Chiya),beverage_hot,40,197,4,1,2,0,none,none,0,0.9751,0,335
2026-01-02,Masala Chiya,beverage_hot,50,146,4,1,2,0,none,none,0,0.9751,0,335
2026-01-02,Black Tea (Kalo Chiya),beverage_hot,30,66,4,1,2,0,none,none,0,0.9751,0,335
2026-01-02,Americano,beverage_hot,150,58,4,1,2,0,none,none,0,0.9751,0,335
2026-01-02,Cappuccino,beverage_hot,190,65,4,1,2,0,none,none,0,0.9751,0,335
2026-01-02,Cafe Latte,beverage_hot,200,56,4,1,2,0,none,none,0,0.9751,0,335
2026-01-02,Hot Chocolate,beverage_hot,180,35,4,1,2,0,none,none,0,0.9751,0,335
2026-01-02,Cold Coffee,beverage_cold,220,68,4,1,2,0,none,none,0,0.9751,0,335
2026-01-02,Iced Americano,beverage_cold,180,37,4,1,2,0,none,none,0,0.9751,0,335
2026-01-02,Lassi,beverage_cold,120,49,4,1,2,0,none,none,0,0.9751,0,335
2026-01-02,Fresh Lime Soda,beverage_cold,100,63,4,1,2,0,none,none,0,0.9751,0,335
2026-01-02,Veg Momo,food_main,160,64,4,1,2,0,none,none,0,0.9751,0,335
2026-01-02,Buff Momo,food_main,180,94,4,1,2,0,none,none,0,0.9751,0,335
2026-01-02,Chicken Chowmein,food_main,190,59,4,1,2,0,none,none,0,0.9751,0,335
2026-01-02,Veg Thukpa,food_main,170,35,4,1,2,0,none,none,0,0.9751,0,335
2026-01-02,Club Sandwich,food_main,250,32,4,1,2,0,none,none,0,0.9751,0,335
2026-01-02,Chicken Burger,food_main,280,32,4,1,2,0,none,none,0,0.9751,0,335
2026-01-02,French Fries,food_snack,130,63,4,1,2,0,none,none,0,0.9751,0,335
2026-01-02,Samosa,food_snack,40,42,4,1,2,0,none,none,0,0.9751,0,335
2026-01-02,Chocolate Cake Slice,food_bakery,160,26,4,1,2,0,none,none,0,0.9751,0,335
2026-01-02,Croissant,food_bakery,140,24,4,1,2,0,none,none,0,0.9751,0,335
2026-01-03,Milk Tea (Dudh Chiya),beverage_hot,40,240,5,1,3,1,none,none,0,0.9788,0,336
2026-01-03,Masala Chiya,beverage_hot,50,163,5,1,3,1,none,none,0,0.9788,0,336
2026-01-03,Black Tea (Kalo Chiya),beverage_hot,30,55,5,1,3,1,none,none,0,0.9788,0,336
2026-01-03,Americano,beverage_hot,150,62,5,1,3,1,none,none,0,0.9788,0,336
2026-01-03,Cappuccino,beverage_hot,190,71,5,1,3,1,none,none,0,0.9788,0,336
2026-01-03,Cafe Latte,beverage_hot,200,72,5,1,3,1,none,none,0,0.9788,0,336
2026-01-03,Hot Chocolate,beverage_hot,180,47,5,1,3,1,none,none,0,0.9788,0,336
2026-01-03,Cold Coffee,beverage_cold,220,80,5,1,3,1,none,none,0,0.9788,0,336
2026-01-03,Iced Americano,beverage_cold,180,48,5,1,3,1,none,none,0,0.9788,0,336
2026-01-03,Lassi,beverage_cold,120,70,5,1,3,1,none,none,0,0.9788,0,336
2026-01-03,Fresh Lime Soda,beverage_cold,100,70,5,1,3,1,none,none,0,0.9788,0,336
2026-01-03,Veg Momo,food_main,160,85,5,1,3,1,none,none,0,0.9788,0,336
2026-01-03,Buff Momo,food_main,180,118,5,1,3,1,none,none,0,0.9788,0,336
2026-01-03,Chicken Chowmein,food_main,190,69,5,1,3,1,none,none,0,0.9788,0,336
2026-01-03,Veg Thukpa,food_main,170,37,5,1,3,1,none,none,0,0.9788,0,336
2026-01-03,Club Sandwich,food_main,250,40,5,1,3,1,none,none,0,0.9788,0,336
2026-01-03,Chicken Burger,food_main,280,44,5,1,3,1,none,none,0,0.9788,0,336
2026-01-03,French Fries,food_snack,130,50,5,1,3,1,none,none,0,0.9788,0,336
2026-01-03,Samosa,food_snack,40,48,5,1,3,1,none,none,0,0.9788,0,336
2026-01-03,Chocolate Cake Slice,food_bakery,160,26,5,1,3,1,none,none,0,0.9788,0,336
2026-01-03,Croissant,food_bakery,140,23,5,1,3,1,none,none,0,0.9788,0,336
2026-01-04,Milk Tea (Dudh Chiya),beverage_hot,40,141,6,1,4,0,none,none,0,0.9821,0,337
2026-01-04,Masala Chiya,beverage_hot,50,101,6,1,4,0,none,none,0,0.9821,0,337
2026-01-04,Black Tea (Kalo Chiya),beverage_hot,30,54,6,1,4,0,none,none,0,0.9821,0,337
2026-01-04,Americano,beverage_hot,150,42,6,1,4,0,none,none,0,0.9821,0,337
2026-01-04,Cappuccino,beverage_hot,190,66,6,1,4,0,none,none,0,0.9821,0,337
2026-01-04,Cafe Latte,beverage_hot,200,48,6,1,4,0,none,none,0,0.9821,0,337
2026-01-04,Hot Chocolate,beverage_hot,180,33,6,1,4,0,none,none,0,0.9821,0,337
2026-01-04,Cold Coffee,beverage_cold,220,48,6,1,4,0,none,none,0,0.9821,0,337
2026-01-04,Iced Americano,beverage_cold,180,41,6,1,4,0,none,none,0,0.9821,0,337
2026-01-04,Lassi,beverage_cold,120,43,6,1,4,0,none,none,0,0.9821,0,337
2026-01-04,Fresh Lime Soda,beverage_cold,100,53,6,1,4,0,none,none,0,0.9821,0,337
2026-01-04,Veg Momo,food_main,160,69,6,1,4,0,none,none,0,0.9821,0,337
2026-01-04,Buff Momo,food_main,180,77,6,1,4,0,none,none,0,0.9821,0,337
2026-01-04,Chicken Chowmein,food_main,190,55,6,1,4,0,none,none,0,0.9821,0,337
2026-01-04,Veg Thukpa,food_main,170,36,6,1,4,0,none,none,0,0.9821,0,337
2026-01-04,Club Sandwich,food_main,250,27,6,1,4,0,none,none,0,0.9821,0,337
2026-01-04,Chicken Burger,food_main,280,27,6,1,4,0,none,none,0,0.9821,0,337
2026-01-04,French Fries,food_snack,130,47,6,1,4,0,none,none,0,0.9821,0,337
2026-01-04,Samosa,food_snack,40,40,6,1,4,0,none,none,0,0.9821,0,337
2026-01-04,Chocolate Cake Slice,food_bakery,160,24,6,1,4,0,none,none,0,0.9821,0,337
2026-01-04,Croissant,food_bakery,140,15,6,1,4,0,none,none,0,0.9821,0,337
2026-01-05,Milk Tea (Dudh Chiya),beverage_hot,40,138,0,1,5,0,none,none,0,0.9852,0,338
2026-01-05,Masala Chiya,beverage_hot,50,88,0,1,5,0,none,none,0,0.9852,0,338
2026-01-05,Black Tea (Kalo Chiya),beverage_hot,30,51,0,1,5,0,none,none,0,0.9852,0,338
2026-01-05,Americano,beverage_hot,150,40,0,1,5,0,none,none,0,0.9852,0,338
2026-01-05,Cappuccino,beverage_hot,190,44,0,1,5,0,none,none,0,0.9852,0,338
2026-01-05,Cafe Latte,beverage_hot,200,40,0,1,5,0,none,none,0,0.9852,0,338
2026-01-05,Hot Chocolate,beverage_hot,180,23,0,1,5,0,none,none,0,0.9852,0,338
2026-01-05,Cold Coffee,beverage_cold,220,49,0,1,5,0,none,none,0,0.9852,0,338
2026-01-05,Iced Americano,beverage_cold,180,32,0,1,5,0,none,none,0,0.9852,0,338
2026-01-05,Lassi,beverage_cold,120,39,0,1,5,0,none,none,0,0.9852,0,338
2026-01-05,Fresh Lime Soda,beverage_cold,100,31,0,1,5,0,none,none,0,0.9852,0,338
2026-01-05,Veg Momo,food_main,160,62,0,1,5,0,none,none,0,0.9852,0,338
2026-01-05,Buff Momo,food_main,180,65,0,1,5,0,none,none,0,0.9852,0,338
2026-01-05,Chicken Chowmein,food_main,190,40,0,1,5,0,none,none,0,0.9852,0,338
2026-01-05,Veg Thukpa,food_main,170,24,0,1,5,0,none,none,0,0.9852,0,338
2026-01-05,Club Sandwich,food_main,250,23,0,1,5,0,none,none,0,0.9852,0,338
2026-01-05,Chicken Burger,food_main,280,26,0,1,5,0,none,none,0,0.9852,0,338
2026-01-05,French Fries,food_snack,130,31,0,1,5,0,none,none,0,0.9852,0,338
2026-01-05,Samosa,food_snack,40,36,0,1,5,0,none,none,0,0.9852,0,338
2026-01-05,Chocolate Cake Slice,food_bakery,160,11,0,1,5,0,none,none,0,0.9852,0,338
2026-01-05,Croissant,food_bakery,140,14,0,1,5,0,none,none,0,0.9852,0,338
2026-01-06,Milk Tea (Dudh Chiya),beverage_hot,40,164,1,1,6,0,none,none,0,0.988,0,339
2026-01-06,Masala Chiya,beverage_hot,50,93,1,1,6,0,none,none,0,0.988,0,339
2026-01-06,Black Tea (Kalo Chiya),beverage_hot,30,61,1,1,6,0,none,none,0,0.988,0,339
2026-01-06,Americano,beverage_hot,150,59,1,1,6,0,none,none,0,0.988,0,339
2026-01-06,Cappuccino,beverage_hot,190,60,1,1,6,0,none,none,0,0.988,0,339
2026-01-06,Cafe Latte,beverage_hot,200,56,1,1,6,0,none,none,0,0.988,0,339
2026-01-06,Hot Chocolate,beverage_hot,180,30,1,1,6,0,none,none,0,0.988,0,339
2026-01-06,Cold Coffee,beverage_cold,220,41,1,1,6,0,none,none,0,0.988,0,339
2026-01-06,Iced Americano,beverage_cold,180,30,1,1,6,0,none,none,0,0.988,0,339
2026-01-06,Lassi,beverage_cold,120,45,1,1,6,0,none,none,0,0.988,0,339
2026-01-06,Fresh Lime Soda,beverage_cold,100,44,1,1,6,0,none,none,0,0.988,0,339
2026-01-06,Veg Momo,food_main,160,81,1,1,6,0,none,none,0,0.988,0,339
2026-01-06,Buff Momo,food_main,180,79,1,1,6,0,none,none,0,0.988,0,339
2026-01-06,Chicken Chowmein,food_main,190,54,1,1,6,0,none,none,0,0.988,0,339
2026-01-06,Veg Thukpa,food_main,170,35,1,1,6,0,none,none,0,0.988,0,339
2026-01-06,Club Sandwich,food_main,250,29,1,1,6,0,none,none,0,0.988,0,339
2026-01-06,Chicken Burger,food_main,280,25,1,1,6,0,none,none,0,0.988,0,339
2026-01-06,French Fries,food_snack,130,33,1,1,6,0,none,none,0,0.988,0,339
2026-01-06,Samosa,food_snack,40,43,1,1,6,0,none,none,0,0.988,0,339
2026-01-06,Chocolate Cake Slice,food_bakery,160,17,1,1,6,0,none,none,0,0.988,0,339
2026-01-06,Croissant,food_bakery,140,14,1,1,6,0,none,none,0,0.988,0,339
2026-01-07,Milk Tea (Dudh Chiya),beverage_hot,40,157,2,1,7,0,none,none,0,0.9905,0,340
2026-01-07,Masala Chiya,beverage_hot,50,97,2,1,7,0,none,none,0,0.9905,0,340
2026-01-07,Black Tea (Kalo Chiya),beverage_hot,30,45,2,1,7,0,none,none,0,0.9905,0,340
2026-01-07,Americano,beverage_hot,150,53,2,1,7,0,none,none,0,0.9905,0,340
2026-01-07,Cappuccino,beverage_hot,190,52,2,1,7,0,none,none,0,0.9905,0,340
2026-01-07,Cafe Latte,beverage_hot,200,52,2,1,7,0,none,none,0,0.9905,0,340
2026-01-07,Hot Chocolate,beverage_hot,180,20,2,1,7,0,none,none,0,0.9905,0,340
2026-01-07,Cold Coffee,beverage_cold,220,58,2,1,7,0,none,none,0,0.9905,0,340
2026-01-07,Iced Americano,beverage_cold,180,42,2,1,7,0,none,none,0,0.9905,0,340
2026-01-07,Lassi,beverage_cold,120,39,2,1,7,0,none,none,0,0.9905,0,340
2026-01-07,Fresh Lime Soda,beverage_cold,100,40,2,1,7,0,none,none,0,0.9905,0,340
2026-01-07,Veg Momo,food_main,160,57,2,1,7,0,none,none,0,0.9905,0,340
2026-01-07,Buff Momo,food_main,180,84,2,1,7,0,none,none,0,0.9905,0,340
2026-01-07,Chicken Chowmein,food_main,190,52,2,1,7,0,none,none,0,0.9905,0,340
2026-01-07,Veg Thukpa,food_main,170,32,2,1,7,0,none,none,0,0.9905,0,340
2026-01-07,Club Sandwich,food_main,250,24,2,1,7,0,none,none,0,0.9905,0,340
2026-01-07,Chicken Burger,food_main,280,30,2,1,7,0,none,none,0,0.9905,0,340
2026-01-07,French Fries,food_snack,130,42,2,1,7,0,none,none,0,0.9905,0,340
2026-01-07,Samosa,food_snack,40,37,2,1,7,0,none,none,0,0.9905,0,340
2026-01-07,Chocolate Cake Slice,food_bakery,160,22,2,1,7,0,none,none,0,0.9905,0,340
2026-01-07,Croissant,food_bakery,140,15,2,1,7,0,none,none,0,0.9905,0,340
2026-01-08,Milk Tea (Dudh Chiya),beverage_hot,40,174,3,1,8,0,none,none,0,0.9928,0,341
2026-01-08,Masala Chiya,beverage_hot,50,103,3,1,8,0,none,none,0,0.9928,0,341
2026-01-08,Black Tea (Kalo Chiya),beverage_hot,30,47,3,1,8,0,none,none,0,0.9928,0,341
2026-01-08,Americano,beverage_hot,150,42,3,1,8,0,none,none,0,0.9928,0,341
2026-01-08,Cappuccino,beverage_hot,190,53,3,1,8,0,none,none,0,0.9928,0,341
2026-01-08,Cafe Latte,beverage_hot,200,53,3,1,8,0,none,none,0,0.9928,0,341
2026-01-08,Hot Chocolate,beverage_hot,180,17,3,1,8,0,none,none,0,0.9928,0,341
2026-01-08,Cold Coffee,beverage_cold,220,37,3,1,8,0,none,none,0,0.9928,0,341
2026-01-08,Iced Americano,beverage_cold,180,34,3,1,8,0,none,none,0,0.9928,0,341
2026-01-08,Lassi,beverage_cold,120,37,3,1,8,0,none,none,0,0.9928,0,341
2026-01-08,Fresh Lime Soda,beverage_cold,100,53,3,1,8,0,none,none,0,0.9928,0,341
2026-01-08,Veg Momo,food_main,160,63,3,1,8,0,none,none,0,0.9928,0,341
2026-01-08,Buff Momo,food_main,180,80,3,1,8,0,none,none,0,0.9928,0,341
2026-01-08,Chicken Chowmein,food_main,190,47,3,1,8,0,none,none,0,0.9928,0,341
2026-01-08,Veg Thukpa,food_main,170,32,3,1,8,0,none,none,0,0.9928,0,341
2026-01-08,Club Sandwich,food_main,250,28,3,1,8,0,none,none,0,0.9928,0,341
2026-01-08,Chicken Burger,food_main,280,34,3,1,8,0,none,none,0,0.9928,0,341
2026-01-08,French Fries,food_snack,130,36,3,1,8,0,none,none,0,0.9928,0,341
2026-01-08,Samosa,food_snack,40,39,3,1,8,0,none,none,0,0.9928,0,341
2026-01-08,Chocolate Cake Slice,food_bakery,160,12,3,1,8,0,none,none,0,0.9928,0,341
2026-01-08,Croissant,food_bakery,140,15,3,1,8,0,none,none,0,0.9928,0,341
2026-01-09,Milk Tea (Dudh Chiya),beverage_hot,40,202,4,1,9,0,none,none,0,0.9947,0,342
2026-01-09,Masala Chiya,beverage_hot,50,133,4,1,9,0,none,none,0,0.9947,0,342
2026-01-09,Black Tea (Kalo Chiya),beverage_hot,30,63,4,1,9,0,none,none,0,0.9947,0,342
2026-01-09,Americano,beverage_hot,150,70,4,1,9,0,none,none,0,0.9947,0,342
2026-01-09,Cappuccino,beverage_hot,190,78,4,1,9,0,none,none,0,0.9947,0,342
2026-01-09,Cafe Latte,beverage_hot,200,65,4,1,9,0,none,none,0,0.9947,0,342
2026-01-09,Hot Chocolate,beverage_hot,180,38,4,1,9,0,none,none,0,0.9947,0,342
2026-01-09,Cold Coffee,beverage_cold,220,68,4,1,9,0,none,none,0,0.9947,0,342
2026-01-09,Iced Americano,beverage_cold,180,50,4,1,9,0,none,none,0,0.9947,0,342
2026-01-09,Lassi,beverage_cold,120,52,4,1,9,0,none,none,0,0.9947,0,342
2026-01-09,Fresh Lime Soda,beverage_cold,100,53,4,1,9,0,none,none,0,0.9947,0,342
2026-01-09,Veg Momo,food_main,160,101,4,1,9,0,none,none,0,0.9947,0,342
2026-01-09,Buff Momo,food_main,180,111,4,1,9,0,none,none,0,0.9947,0,342
2026-01-09,Chicken Chowmein,food_main,190,75,4,1,9,0,none,none,0,0.9947,0,342
2026-01-09,Veg Thukpa,food_main,170,38,4,1,9,0,none,none,0,0.9947,0,342
2026-01-09,Club Sandwich,food_main,250,34,4,1,9,0,none,none,0,0.9947,0,342
2026-01-09,Chicken Burger,food_main,280,40,4,1,9,0,none,none,0,0.9947,0,342
2026-01-09,French Fries,food_snack,130,53,4,1,9,0,none,none,0,0.9947,0,342
2026-01-09,Samosa,food_snack,40,54,4,1,9,0,none,none,0,0.9947,0,342
2026-01-09,Chocolate Cake Slice,food_bakery,160,21,4,1,9,0,none,none,0,0.9947,0,342
2026-01-09,Croissant,food_bakery,140,18,4,1,9,0,none,none,0,0.9947,0,342
2026-01-10,Milk Tea (Dudh Chiya),beverage_hot,40,221,5,1,10,1,none,none,0,0.9963,0,343
2026-01-10,Masala Chiya,beverage_hot,50,156,5,1,10,1,none,none,0,0.9963,0,343
2026-01-10,Black Tea (Kalo Chiya),beverage_hot,30,61,5,1,10,1,none,none,0,0.9963,0,343
2026-01-10,Americano,beverage_hot,150,59,5,1,10,1,none,none,0,0.9963,0,343
2026-01-10,Cappuccino,beverage_hot,190,70,5,1,10,1,none,none,0,0.9963,0,343
2026-01-10,Cafe Latte,beverage_hot,200,64,5,1,10,1,none,none,0,0.9963,0,343
2026-01-10,Hot Chocolate,beverage_hot,180,45,5,1,10,1,none,none,0,0.9963,0,343
2026-01-10,Cold Coffee,beverage_cold,220,74,5,1,10,1,none,none,0,0.9963,0,343
2026-01-10,Iced Americano,beverage_cold,180,46,5,1,10,1,none,none,0,0.9963,0,343
2026-01-10,Lassi,beverage_cold,120,54,5,1,10,1,none,none,0,0.9963,0,343
2026-01-10,Fresh Lime Soda,beverage_cold,100,71,5,1,10,1,none,none,0,0.9963,0,343
2026-01-10,Veg Momo,food_main,160,96,5,1,10,1,none,none,0,0.9963,0,343
2026-01-10,Buff Momo,food_main,180,107,5,1,10,1,none,none,0,0.9963,0,343
2026-01-10,Chicken Chowmein,food_main,190,64,5,1,10,1,none,none,0,0.9963,0,343
2026-01-10,Veg Thukpa,food_main,170,47,5,1,10,1,none,none,0,0.9963,0,343
2026-01-10,Club Sandwich,food_main,250,37,5,1,10,1,none,none,0,0.9963,0,343
2026-01-10,Chicken Burger,food_main,280,42,5,1,10,1,none,none,0,0.9963,0,343
2026-01-10,French Fries,food_snack,130,61,5,1,10,1,none,none,0,0.9963,0,343
2026-01-10,Samosa,food_snack,40,57,5,1,10,1,none,none,0,0.9963,0,343
2026-01-10,Chocolate Cake Slice,food_bakery,160,26,5,1,10,1,none,none,0,0.9963,0,343
2026-01-10,Croissant,food_bakery,140,23,5,1,10,1,none,none,0,0.9963,0,343
2026-01-11,Milk Tea (Dudh Chiya),beverage_hot,40,164,6,1,11,0,none,none,0,0.9976,0,344
2026-01-11,Masala Chiya,beverage_hot,50,108,6,1,11,0,none,none,0,0.9976,0,344
2026-01-11,Black Tea (Kalo Chiya),beverage_hot,30,52,6,1,11,0,none,none,0,0.9976,0,344
2026-01-11,Americano,beverage_hot,150,50,6,1,11,0,none,none,0,0.9976,0,344
2026-01-11,Cappuccino,beverage_hot,190,63,6,1,11,0,none,none,0,0.9976,0,344
2026-01-11,Cafe Latte,beverage_hot,200,55,6,1,11,0,none,none,0,0.9976,0,344
2026-01-11,Hot Chocolate,beverage_hot,180,35,6,1,11,0,none,none,0,0.9976,0,344
2026-01-11,Cold Coffee,beverage_cold,220,44,6,1,11,0,none,none,0,0.9976,0,344
2026-01-11,Iced Americano,beverage_cold,180,34,6,1,11,0,none,none,0,0.9976,0,344
2026-01-11,Lassi,beverage_cold,120,50,6,1,11,0,none,none,0,0.9976,0,344
2026-01-11,Fresh Lime Soda,beverage_cold,100,39,6,1,11,0,none,none,0,0.9976,0,344
2026-01-11,Veg Momo,food_main,160,57,6,1,11,0,none,none,0,0.9976,0,344
2026-01-11,Buff Momo,food_main,180,109,6,1,11,0,none,none,0,0.9976,0,344
2026-01-11,Chicken Chowmein,food_main,190,65,6,1,11,0,none,none,0,0.9976,0,344
2026-01-11,Veg Thukpa,food_main,170,28,6,1,11,0,none,none,0,0.9976,0,344
2026-01-11,Club Sandwich,food_main,250,36,6,1,11,0,none,none,0,0.9976,0,344
2026-01-11,Chicken Burger,food_main,280,16,6,1,11,0,none,none,0,0.9976,0,344
2026-01-11,French Fries,food_snack,130,44,6,1,11,0,none,none,0,0.9976,0,344
2026-01-11,Samosa,food_snack,40,37,6,1,11,0,none,none,0,0.9976,0,344
2026-01-11,Chocolate Cake Slice,food_bakery,160,18,6,1,11,0,none,none,0,0.9976,0,344
2026-01-11,Croissant,food_bakery,140,11,6,1,11,0,none,none,0,0.9976,0,344
2026-01-12,Milk Tea (Dudh Chiya),beverage_hot,40,160,0,1,12,0,none,none,0,0.9987,0,345
2026-01-12,Masala Chiya,beverage_hot,50,96,0,1,12,0,none,none,0,0.9987,0,345
2026-01-12,Black Tea (Kalo Chiya),beverage_hot,30,37,0,1,12,0,none,none,0,0.9987,0,345
2026-01-12,Americano,beverage_hot,150,47,0,1,12,0,none,none,0,0.9987,0,345
2026-01-12,Cappuccino,beverage_hot,190,53,0,1,12,0,none,none,0,0.9987,0,345
2026-01-12,Cafe Latte,beverage_hot,200,49,0,1,12,0,none,none,0,0.9987,0,345
2026-01-12,Hot Chocolate,beverage_hot,180,34,0,1,12,0,none,none,0,0.9987,0,345
2026-01-12,Cold Coffee,beverage_cold,220,46,0,1,12,0,none,none,0,0.9987,0,345
2026-01-12,Iced Americano,beverage_cold,180,31,0,1,12,0,none,none,0,0.9987,0,345
2026-01-12,Lassi,beverage_cold,120,36,0,1,12,0,none,none,0,0.9987,0,345
2026-01-12,Fresh Lime Soda,beverage_cold,100,48,0,1,12,0,none,none,0,0.9987,0,345
2026-01-12,Veg Momo,food_main,160,53,0,1,12,0,none,none,0,0.9987,0,345
2026-01-12,Buff Momo,food_main,180,67,0,1,12,0,none,none,0,0.9987,0,345
2026-01-12,Chicken Chowmein,food_main,190,56,0,1,12,0,none,none,0,0.9987,0,345
2026-01-12,Veg Thukpa,food_main,170,29,0,1,12,0,none,none,0,0.9987,0,345
2026-01-12,Club Sandwich,food_main,250,32,0,1,12,0,none,none,0,0.9987,0,345
2026-01-12,Chicken Burger,food_main,280,26,0,1,12,0,none,none,0,0.9987,0,345
2026-01-12,French Fries,food_snack,130,51,0,1,12,0,none,none,0,0.9987,0,345
2026-01-12,Samosa,food_snack,40,40,0,1,12,0,none,none,0,0.9987,0,345
2026-01-12,Chocolate Cake Slice,food_bakery,160,15,0,1,12,0,none,none,0,0.9987,0,345
2026-01-12,Croissant,food_bakery,140,12,0,1,12,0,none,none,0,0.9987,0,345
2026-01-13,Milk Tea (Dudh Chiya),beverage_hot,40,141,1,1,13,0,none,none,0,0.9994,0,346
2026-01-13,Masala Chiya,beverage_hot,50,74,1,1,13,0,none,none,0,0.9994,0,346
2026-01-13,Black Tea (Kalo Chiya),beverage_hot,30,37,1,1,13,0,none,none,0,0.9994,0,346
2026-01-13,Americano,beverage_hot,150,37,1,1,13,0,none,none,0,0.9994,0,346
2026-01-13,Cappuccino,beverage_hot,190,50,1,1,13,0,none,none,0,0.9994,0,346
2026-01-13,Cafe Latte,beverage_hot,200,53,1,1,13,0,none,none,0,0.9994,0,346
2026-01-13,Hot Chocolate,beverage_hot,180,23,1,1,13,0,none,none,0,0.9994,0,346
2026-01-13,Cold Coffee,beverage_cold,220,44,1,1,13,0,none,none,0,0.9994,0,346
2026-01-13,Iced Americano,beverage_cold,180,30,1,1,13,0,none,none,0,0.9994,0,346
2026-01-13,Lassi,beverage_cold,120,37,1,1,13,0,none,none,0,0.9994,0,346
2026-01-13,Fresh Lime Soda,beverage_cold,100,45,1,1,13,0,none,none,0,0.9994,0,346
2026-01-13,Veg Momo,food_main,160,63,1,1,13,0,none,none,0,0.9994,0,346
2026-01-13,Buff Momo,food_main,180,63,1,1,13,0,none,none,0,0.9994,0,346
2026-01-13,Chicken Chowmein,food_main,190,40,1,1,13,0,none,none,0,0.9994,0,346
2026-01-13,Veg Thukpa,food_main,170,21,1,1,13,0,none,none,0,0.9994,0,346
2026-01-13,Club Sandwich,food_main,250,25,1,1,13,0,none,none,0,0.9994,0,346
2026-01-13,Chicken Burger,food_main,280,27,1,1,13,0,none,none,0,0.9994,0,346
2026-01-13,French Fries,food_snack,130,47,1,1,13,0,none,none,0,0.9994,0,346
2026-01-13,Samosa,food_snack,40,26,1,1,13,0,none,none,0,0.9994,0,346
2026-01-13,Chocolate Cake Slice,food_bakery,160,14,1,1,13,0,none,none,0,0.9994,0,346
2026-01-13,Croissant,food_bakery,140,13,1,1,13,0,none,none,0,0.9994,0,346
2026-01-14,Milk Tea (Dudh Chiya),beverage_hot,40,170,2,1,14,0,none,none,0,0.9999,0,347
2026-01-14,Masala Chiya,beverage_hot,50,101,2,1,14,0,none,none,0,0.9999,0,347
2026-01-14,Black Tea (Kalo Chiya),beverage_hot,30,47,2,1,14,0,none,none,0,0.9999,0,347
2026-01-14,Americano,beverage_hot,150,48,2,1,14,0,none,none,0,0.9999,0,347
2026-01-14,Cappuccino,beverage_hot,190,70,2,1,14,0,none,none,0,0.9999,0,347
2026-01-14,Cafe Latte,beverage_hot,200,40,2,1,14,0,none,none,0,0.9999,0,347
2026-01-14,Hot Chocolate,beverage_hot,180,31,2,1,14,0,none,none,0,0.9999,0,347
2026-01-14,Cold Coffee,beverage_cold,220,58,2,1,14,0,none,none,0,0.9999,0,347
2026-01-14,Iced Americano,beverage_cold,180,38,2,1,14,0,none,none,0,0.9999,0,347
2026-01-14,Lassi,beverage_cold,120,44,2,1,14,0,none,none,0,0.9999,0,347
2026-01-14,Fresh Lime Soda,beverage_cold,100,45,2,1,14,0,none,none,0,0.9999,0,347
2026-01-14,Veg Momo,food_main,160,69,2,1,14,0,none,none,0,0.9999,0,347
2026-01-14,Buff Momo,food_main,180,71,2,1,14,0,none,none,0,0.9999,0,347
2026-01-14,Chicken Chowmein,food_main,190,42,2,1,14,0,none,none,0,0.9999,0,347
2026-01-14,Veg Thukpa,food_main,170,27,2,1,14,0,none,none,0,0.9999,0,347
2026-01-14,Club Sandwich,food_main,250,25,2,1,14,0,none,none,0,0.9999,0,347
2026-01-14,Chicken Burger,food_main,280,27,2,1,14,0,none,none,0,0.9999,0,347
2026-01-14,French Fries,food_snack,130,57,2,1,14,0,none,none,0,0.9999,0,347
2026-01-14,Samosa,food_snack,40,37,2,1,14,0,none,none,0,0.9999,0,347
2026-01-14,Chocolate Cake Slice,food_bakery,160,18,2,1,14,0,none,none,0,0.9999,0,347
2026-01-14,Croissant,food_bakery,140,17,2,1,14,0,none,none,0,0.9999,0,347
2026-01-15,Milk Tea (Dudh Chiya),beverage_hot,40,164,3,1,15,0,none,none,0,1.0,0,348
2026-01-15,Masala Chiya,beverage_hot,50,116,3,1,15,0,none,none,0,1.0,0,348
2026-01-15,Black Tea (Kalo Chiya),beverage_hot,30,46,3,1,15,0,none,none,0,1.0,0,348
2026-01-15,Americano,beverage_hot,150,58,3,1,15,0,none,none,0,1.0,0,348
2026-01-15,Cappuccino,beverage_hot,190,68,3,1,15,0,none,none,0,1.0,0,348
2026-01-15,Cafe Latte,beverage_hot,200,56,3,1,15,0,none,none,0,1.0,0,348
2026-01-15,Hot Chocolate,beverage_hot,180,48,3,1,15,0,none,none,0,1.0,0,348
2026-01-15,Cold Coffee,beverage_cold,220,58,3,1,15,0,none,none,0,1.0,0,348
2026-01-15,Iced Americano,beverage_cold,180,41,3,1,15,0,none,none,0,1.0,0,348
2026-01-15,Lassi,beverage_cold,120,51,3,1,15,0,none,none,0,1.0,0,348
2026-01-15,Fresh Lime Soda,beverage_cold,100,43,3,1,15,0,none,none,0,1.0,0,348
2026-01-15,Veg Momo,food_main,160,64,3,1,15,0,none,none,0,1.0,0,348
2026-01-15,Buff Momo,food_main,180,84,3,1,15,0,none,none,0,1.0,0,348
2026-01-15,Chicken Chowmein,food_main,190,58,3,1,15,0,none,none,0,1.0,0,348
2026-01-15,Veg Thukpa,food_main,170,36,3,1,15,0,none,none,0,1.0,0,348
2026-01-15,Club Sandwich,food_main,250,22,3,1,15,0,none,none,0,1.0,0,348
2026-01-15,Chicken Burger,food_main,280,43,3,1,15,0,none,none,0,1.0,0,348
2026-01-15,French Fries,food_snack,130,57,3,1,15,0,none,none,0,1.0,0,348
2026-01-15,Samosa,food_snack,40,39,3,1,15,0,none,none,0,1.0,0,348
2026-01-15,Chocolate Cake Slice,food_bakery,160,21,3,1,15,0,none,none,0,1.0,0,348
2026-01-15,Croissant,food_bakery,140,18,3,1,15,0,none,none,0,1.0,0,348
2026-01-16,Milk Tea (Dudh Chiya),beverage_hot,40,211,4,1,16,0,none,none,0,0.9999,0,349
2026-01-16,Masala Chiya,beverage_hot,50,128,4,1,16,0,none,none,0,0.9999,0,349
2026-01-16,Black Tea (Kalo Chiya),beverage_hot,30,65,4,1,16,0,none,none,0,0.9999,0,349
2026-01-16,Americano,beverage_hot,150,60,4,1,16,0,none,none,0,0.9999,0,349
2026-01-16,Cappuccino,beverage_hot,190,87,4,1,16,0,none,none,0,0.9999,0,349
2026-01-16,Cafe Latte,beverage_hot,200,82,4,1,16,0,none,none,0,0.9999,0,349
2026-01-16,Hot Chocolate,beverage_hot,180,38,4,1,16,0,none,none,0,0.9999,0,349
2026-01-16,Cold Coffee,beverage_cold,220,71,4,1,16,0,none,none,0,0.9999,0,349
2026-01-16,Iced Americano,beverage_cold,180,50,4,1,16,0,none,none,0,0.9999,0,349
2026-01-16,Lassi,beverage_cold,120,62,4,1,16,0,none,none,0,0.9999,0,349
2026-01-16,Fresh Lime Soda,beverage_cold,100,55,4,1,16,0,none,none,0,0.9999,0,349
2026-01-16,Veg Momo,food_main,160,89,4,1,16,0,none,none,0,0.9999,0,349
2026-01-16,Buff Momo,food_main,180,95,4,1,16,0,none,none,0,0.9999,0,349
2026-01-16,Chicken Chowmein,food_main,190,75,4,1,16,0,none,none,0,0.9999,0,349
2026-01-16,Veg Thukpa,food_main,170,35,4,1,16,0,none,none,0,0.9999,0,349
2026-01-16,Club Sandwich,food_main,250,45,4,1,16,0,none,none,0,0.9999,0,349
2026-01-16,Chicken Burger,food_main,280,47,4,1,16,0,none,none,0,0.9999,0,349
2026-01-16,French Fries,food_snack,130,66,4,1,16,0,none,none,0,0.9999,0,349
2026-01-16,Samosa,food_snack,40,51,4,1,16,0,none,none,0,0.9999,0,349
2026-01-16,Chocolate Cake Slice,food_bakery,160,21,4,1,16,0,none,none,0,0.9999,0,349
2026-01-16,Croissant,food_bakery,140,19,4,1,16,0,none,none,0,0.9999,0,349
2026-01-17,Milk Tea (Dudh Chiya),beverage_hot,40,210,5,1,17,1,none,none,0,0.9994,0,350
2026-01-17,Masala Chiya,beverage_hot,50,144,5,1,17,1,none,none,0,0.9994,0,350
2026-01-17,Black Tea (Kalo Chiya),beverage_hot,30,64,5,1,17,1,none,none,0,0.9994,0,350
2026-01-17,Americano,beverage_hot,150,70,5,1,17,1,none,none,0,0.9994,0,350
2026-01-17,Cappuccino,beverage_hot,190,93,5,1,17,1,none,none,0,0.9994,0,350
2026-01-17,Cafe Latte,beverage_hot,200,86,5,1,17,1,none,none,0,0.9994,0,350
2026-01-17,Hot Chocolate,beverage_hot,180,44,5,1,17,1,none,none,0,0.9994,0,350
2026-01-17,Cold Coffee,beverage_cold,220,66,5,1,17,1,none,none,0,0.9994,0,350
2026-01-17,Iced Americano,beverage_cold,180,66,5,1,17,1,none,none,0,0.9994,0,350
2026-01-17,Lassi,beverage_cold,120,68,5,1,17,1,none,none,0,0.9994,0,350
2026-01-17,Fresh Lime Soda,beverage_cold,100,49,5,1,17,1,none,none,0,0.9994,0,350
2026-01-17,Veg Momo,food_main,160,89,5,1,17,1,none,none,0,0.9994,0,350
2026-01-17,Buff Momo,food_main,180,108,5,1,17,1,none,none,0,0.9994,0,350
2026-01-17,Chicken Chowmein,food_main,190,80,5,1,17,1,none,none,0,0.9994,0,350
2026-01-17,Veg Thukpa,food_main,170,48,5,1,17,1,none,none,0,0.9994,0,350
2026-01-17,Club Sandwich,food_main,250,38,5,1,17,1,none,none,0,0.9994,0,350
2026-01-17,Chicken Burger,food_main,280,34,5,1,17,1,none,none,0,0.9994,0,350
2026-01-17,French Fries,food_snack,130,73,5,1,17,1,none,none,0,0.9994,0,350
2026-01-17,Samosa,food_snack,40,58,5,1,17,1,none,none,0,0.9994,0,350
2026-01-17,Chocolate Cake Slice,food_bakery,160,29,5,1,17,1,none,none,0,0.9994,0,350
2026-01-17,Croissant,food_bakery,140,29,5,1,17,1,none,none,0,0.9994,0,350
2026-01-18,Milk Tea (Dudh Chiya),beverage_hot,40,159,6,1,18,0,none,none,0,0.9987,0,351
2026-01-18,Masala Chiya,beverage_hot,50,88,6,1,18,0,none,none,0,0.9987,0,351
2026-01-18,Black Tea (Kalo Chiya),beverage_hot,30,33,6,1,18,0,none,none,0,0.9987,0,351
2026-01-18,Americano,beverage_hot,150,49,6,1,18,0,none,none,0,0.9987,0,351
2026-01-18,Cappuccino,beverage_hot,190,75,6,1,18,0,none,none,0,0.9987,0,351
2026-01-18,Cafe Latte,beverage_hot,200,47,6,1,18,0,none,none,0,0.9987,0,351
2026-01-18,Hot Chocolate,beverage_hot,180,27,6,1,18,0,none,none,0,0.9987,0,351
2026-01-18,Cold Coffee,beverage_cold,220,59,6,1,18,0,none,none,0,0.9987,0,351
2026-01-18,Iced Americano,beverage_cold,180,31,6,1,18,0,none,none,0,0.9987,0,351
2026-01-18,Lassi,beverage_cold,120,35,6,1,18,0,none,none,0,0.9987,0,351
2026-01-18,Fresh Lime Soda,beverage_cold,100,58,6,1,18,0,none,none,0,0.9987,0,351
2026-01-18,Veg Momo,food_main,160,64,6,1,18,0,none,none,0,0.9987,0,351
2026-01-18,Buff Momo,food_main,180,80,6,1,18,0,none,none,0,0.9987,0,351
2026-01-18,Chicken Chowmein,food_main,190,54,6,1,18,0,none,none,0,0.9987,0,351
2026-01-18,Veg Thukpa,food_main,170,29,6,1,18,0,none,none,0,0.9987,0,351
2026-01-18,Club Sandwich,food_main,250,34,6,1,18,0,none,none,0,0.9987,0,351
2026-01-18,Chicken Burger,food_main,280,26,6,1,18,0,none,none,0,0.9987,0,351
2026-01-18,French Fries,food_snack,130,41,6,1,18,0,none,none,0,0.9987,0,351
2026-01-18,Samosa,food_snack,40,33,6,1,18,0,none,none,0,0.9987,0,351
2026-01-18,Chocolate Cake Slice,food_bakery,160,17,6,1,18,0,none,none,0,0.9987,0,351
2026-01-18,Croissant,food_bakery,140,12,6,1,18,0,none,none,0,0.9987,0,351
2026-01-19,Milk Tea (Dudh Chiya),beverage_hot,40,168,0,1,19,0,none,none,0,0.9976,0,352
2026-01-19,Masala Chiya,beverage_hot,50,98,0,1,19,0,none,none,0,0.9976,0,352
2026-01-19,Black Tea (Kalo Chiya),beverage_hot,30,63,0,1,19,0,none,none,0,0.9976,0,352
2026-01-19,Americano,beverage_hot,150,52,0,1,19,0,none,none,0,0.9976,0,352
2026-01-19,Cappuccino,beverage_hot,190,67,0,1,19,0,none,none,0,0.9976,0,352
2026-01-19,Cafe Latte,beverage_hot,200,60,0,1,19,0,none,none,0,0.9976,0,352
2026-01-19,Hot Chocolate,beverage_hot,180,33,0,1,19,0,none,none,0,0.9976,0,352
2026-01-19,Cold Coffee,beverage_cold,220,45,0,1,19,0,none,none,0,0.9976,0,352
2026-01-19,Iced Americano,beverage_cold,180,36,0,1,19,0,none,none,0,0.9976,0,352
2026-01-19,Lassi,beverage_cold,120,39,0,1,19,0,none,none,0,0.9976,0,352
2026-01-19,Fresh Lime Soda,beverage_cold,100,42,0,1,19,0,none,none,0,0.9976,0,352
2026-01-19,Veg Momo,food_main,160,74,0,1,19,0,none,none,0,0.9976,0,352
2026-01-19,Buff Momo,food_main,180,81,0,1,19,0,none,none,0,0.9976,0,352
2026-01-19,Chicken Chowmein,food_main,190,60,0,1,19,0,none,none,0,0.9976,0,352
2026-01-19,Veg Thukpa,food_main,170,35,0,1,19,0,none,none,0,0.9976,0,352
2026-01-19,Club Sandwich,food_main,250,32,0,1,19,0,none,none,0,0.9976,0,352
2026-01-19,Chicken Burger,food_main,280,30,0,1,19,0,none,none,0,0.9976,0,352
2026-01-19,French Fries,food_snack,130,46,0,1,19,0,none,none,0,0.9976,0,352
2026-01-19,Samosa,food_snack,40,43,0,1,19,0,none,none,0,0.9976,0,352
2026-01-19,Chocolate Cake Slice,food_bakery,160,22,0,1,19,0,none,none,0,0.9976,0,352
2026-01-19,Croissant,food_bakery,140,19,0,1,19,0,none,none,0,0.9976,0,352
2026-01-20,Milk Tea (Dudh Chiya),beverage_hot,40,165,1,1,20,0,none,none,0,0.9963,0,353
2026-01-20,Masala Chiya,beverage_hot,50,125,1,1,20,0,none,none,0,0.9963,0,353
2026-01-20,Black Tea (Kalo Chiya),beverage_hot,30,53,1,1,20,0,none,none,0,0.9963,0,353
2026-01-20,Americano,beverage_hot,150,55,1,1,20,0,none,none,0,0.9963,0,353
2026-01-20,Cappuccino,beverage_hot,190,61,1,1,20,0,none,none,0,0.9963,0,353
2026-01-20,Cafe Latte,beverage_hot,200,79,1,1,20,0,none,none,0,0.9963,0,353
2026-01-20,Hot Chocolate,beverage_hot,180,38,1,1,20,0,none,none,0,0.9963,0,353
2026-01-20,Cold Coffee,beverage_cold,220,55,1,1,20,0,none,none,0,0.9963,0,353
2026-01-20,Iced Americano,beverage_cold,180,37,1,1,20,0,none,none,0,0.9963,0,353
2026-01-20,Lassi,beverage_cold,120,44,1,1,20,0,none,none,0,0.9963,0,353
2026-01-20,Fresh Lime Soda,beverage_cold,100,42,1,1,20,0,none,none,0,0.9963,0,353
2026-01-20,Veg Momo,food_main,160,83,1,1,20,0,none,none,0,0.9963,0,353
2026-01-20,Buff Momo,food_main,180,71,1,1,20,0,none,none,0,0.9963,0,353
2026-01-20,Chicken Chowmein,food_main,190,56,1,1,20,0,none,none,0,0.9963,0,353
2026-01-20,Veg Thukpa,food_main,170,27,1,1,20,0,none,none,0,0.9963,0,353
2026-01-20,Club Sandwich,food_main,250,27,1,1,20,0,none,none,0,0.9963,0,353
2026-01-20,Chicken Burger,food_main,280,24,1,1,20,0,none,none,0,0.9963,0,353
2026-01-20,French Fries,food_snack,130,44,1,1,20,0,none,none,0,0.9963,0,353
2026-01-20,Samosa,food_snack,40,40,1,1,20,0,none,none,0,0.9963,0,353
2026-01-20,Chocolate Cake Slice,food_bakery,160,15,1,1,20,0,none,none,0,0.9963,0,353
2026-01-20,Croissant,food_bakery,140,6,1,1,20,0,none,none,0,0.9963,0,353
2026-01-21,Milk Tea (Dudh Chiya),beverage_hot,40,186,2,1,21,0,none,none,0,0.9947,0,354
2026-01-21,Masala Chiya,beverage_hot,50,104,2,1,21,0,none,none,0,0.9947,0,354
2026-01-21,Black Tea (Kalo Chiya),beverage_hot,30,45,2,1,21,0,none,none,0,0.9947,0,354
2026-01-21,Americano,beverage_hot,150,55,2,1,21,0,none,none,0,0.9947,0,354
2026-01-21,Cappuccino,beverage_hot,190,65,2,1,21,0,none,none,0,0.9947,0,354
2026-01-21,Cafe Latte,beverage_hot,200,65,2,1,21,0,none,none,0,0.9947,0,354
2026-01-21,Hot Chocolate,beverage_hot,180,25,2,1,21,0,none,none,0,0.9947,0,354
2026-01-21,Cold Coffee,beverage_cold,220,54,2,1,21,0,none,none,0,0.9947,0,354
2026-01-21,Iced Americano,beverage_cold,180,36,2,1,21,0,none,none,0,0.9947,0,354
2026-01-21,Lassi,beverage_cold,120,34,2,1,21,0,none,none,0,0.9947,0,354
2026-01-21,Fresh Lime Soda,beverage_cold,100,54,2,1,21,0,none,none,0,0.9947,0,354
2026-01-21,Veg Momo,food_main,160,67,2,1,21,0,none,none,0,0.9947,0,354
2026-01-21,Buff Momo,food_main,180,83,2,1,21,0,none,none,0,0.9947,0,354
2026-01-21,Chicken Chowmein,food_main,190,46,2,1,21,0,none,none,0,0.9947,0,354
2026-01-21,Veg Thukpa,food_main,170,30,2,1,21,0,none,none,0,0.9947,0,354
2026-01-21,Club Sandwich,food_main,250,35,2,1,21,0,none,none,0,0.9947,0,354
2026-01-21,Chicken Burger,food_main,280,23,2,1,21,0,none,none,0,0.9947,0,354
2026-01-21,French Fries,food_snack,130,48,2,1,21,0,none,none,0,0.9947,0,354
2026-01-21,Samosa,food_snack,40,32,2,1,21,0,none,none,0,0.9947,0,354
2026-01-21,Chocolate Cake Slice,food_bakery,160,15,2,1,21,0,none,none,0,0.9947,0,354
2026-01-21,Croissant,food_bakery,140,20,2,1,21,0,none,none,0,0.9947,0,354
2026-01-22,Milk Tea (Dudh Chiya),beverage_hot,40,160,3,1,22,0,none,none,0,0.9928,0,355
2026-01-22,Masala Chiya,beverage_hot,50,136,3,1,22,0,none,none,0,0.9928,0,355
2026-01-22,Black Tea (Kalo Chiya),beverage_hot,30,49,3,1,22,0,none,none,0,0.9928,0,355
2026-01-22,Americano,beverage_hot,150,52,3,1,22,0,none,none,0,0.9928,0,355
2026-01-22,Cappuccino,beverage_hot,190,83,3,1,22,0,none,none,0,0.9928,0,355
2026-01-22,Cafe Latte,beverage_hot,200,53,3,1,22,0,none,none,0,0.9928,0,355
2026-01-22,Hot Chocolate,beverage_hot,180,40,3,1,22,0,none,none,0,0.9928,0,355
2026-01-22,Cold Coffee,beverage_cold,220,55,3,1,22,0,none,none,0,0.9928,0,355
2026-01-22,Iced Americano,beverage_cold,180,32,3,1,22,0,none,none,0,0.9928,0,355
2026-01-22,Lassi,beverage_cold,120,42,3,1,22,0,none,none,0,0.9928,0,355
2026-01-22,Fresh Lime Soda,beverage_cold,100,64,3,1,22,0,none,none,0,0.9928,0,355
2026-01-22,Veg Momo,food_main,160,92,3,1,22,0,none,none,0,0.9928,0,355
2026-01-22,Buff Momo,food_main,180,77,3,1,22,0,none,none,0,0.9928,0,355
2026-01-22,Chicken Chowmein,food_main,190,57,3,1,22,0,none,none,0,0.9928,0,355
2026-01-22,Veg Thukpa,food_main,170,34,3,1,22,0,none,none,0,0.9928,0,355
2026-01-22,Club Sandwich,food_main,250,35,3,1,22,0,none,none,0,0.9928,0,355
2026-01-22,Chicken Burger,food_main,280,19,3,1,22,0,none,none,0,0.9928,0,355
2026-01-22,French Fries,food_snack,130,42,3,1,22,0,none,none,0,0.9928,0,355
2026-01-22,Samosa,food_snack,40,42,3,1,22,0,none,none,0,0.9928,0,355
2026-01-22,Chocolate Cake Slice,food_bakery,160,17,3,1,22,0,none,none,0,0.9928,0,355
2026-01-22,Croissant,food_bakery,140,19,3,1,22,0,none,none,0,0.9928,0,355
2026-01-23,Milk Tea (Dudh Chiya),beverage_hot,40,186,4,1,23,0,none,none,0,0.9905,0,356
2026-01-23,Masala Chiya,beverage_hot,50,98,4,1,23,0,none,none,0,0.9905,0,356
2026-01-23,Black Tea (Kalo Chiya),beverage_hot,30,53,4,1,23,0,none,none,0,0.9905,0,356
2026-01-23,Americano,beverage_hot,150,48,4,1,23,0,none,none,0,0.9905,0,356
2026-01-23,Cappuccino,beverage_hot,190,63,4,1,23,0,none,none,0,0.9905,0,356
2026-01-23,Cafe Latte,beverage_hot,200,51,4,1,23,0,none,none,0,0.9905,0,356
2026-01-23,Hot Chocolate,beverage_hot,180,34,4,1,23,0,none,none,0,0.9905,0,356
2026-01-23,Cold Coffee,beverage_cold,220,62,4,1,23,0,none,none,0,0.9905,0,356
2026-01-23,Iced Americano,beverage_cold,180,35,4,1,23,0,none,none,0,0.9905,0,356
2026-01-23,Lassi,beverage_cold,120,55,4,1,23,0,none,none,0,0.9905,0,356
2026-01-23,Fresh Lime Soda,beverage_cold,100,53,4,1,23,0,none,none,0,0.9905,0,356
2026-01-23,Veg Momo,food_main,160,82,4,1,23,0,none,none,0,0.9905,0,356
2026-01-23,Buff Momo,food_main,180,101,4,1,23,0,none,none,0,0.9905,0,356
2026-01-23,Chicken Chowmein,food_main,190,62,4,1,23,0,none,none,0,0.9905,0,356
2026-01-23,Veg Thukpa,food_main,170,35,4,1,23,0,none,none,0,0.9905,0,356
2026-01-23,Club Sandwich,food_main,250,33,4,1,23,0,none,none,0,0.9905,0,356
2026-01-23,Chicken Burger,food_main,280,33,4,1,23,0,none,none,0,0.9905,0,356
2026-01-23,French Fries,food_snack,130,60,4,1,23,0,none,none,0,0.9905,0,356
2026-01-23,Samosa,food_snack,40,52,4,1,23,0,none,none,0,0.9905,0,356
2026-01-23,Chocolate Cake Slice,food_bakery,160,26,4,1,23,0,none,none,0,0.9905,0,356
2026-01-23,Croissant,food_bakery,140,22,4,1,23,0,none,none,0,0.9905,0,356
2026-01-24,Milk Tea (Dudh Chiya),beverage_hot,40,226,5,1,24,1,none,none,0,0.988,0,357
2026-01-24,Masala Chiya,beverage_hot,50,161,5,1,24,1,none,none,0,0.988,0,357
2026-01-24,Black Tea (Kalo Chiya),beverage_hot,30,71,5,1,24,1,none,none,0,0.988,0,357
2026-01-24,Americano,beverage_hot,150,63,5,1,24,1,none,none,0,0.988,0,357
2026-01-24,Cappuccino,beverage_hot,190,93,5,1,24,1,none,none,0,0.988,0,357
2026-01-24,Cafe Latte,beverage_hot,200,66,5,1,24,1,none,none,0,0.988,0,357
2026-01-24,Hot Chocolate,beverage_hot,180,47,5,1,24,1,none,none,0,0.988,0,357
2026-01-24,Cold Coffee,beverage_cold,220,76,5,1,24,1,none,none,0,0.988,0,357
2026-01-24,Iced Americano,beverage_cold,180,50,5,1,24,1,none,none,0,0.988,0,357
2026-01-24,Lassi,beverage_cold,120,55,5,1,24,1,none,none,0,0.988,0,357
2026-01-24,Fresh Lime Soda,beverage_cold,100,72,5,1,24,1,none,none,0,0.988,0,357
2026-01-24,Veg Momo,food_main,160,94,5,1,24,1,none,none,0,0.988,0,357
2026-01-24,Buff Momo,food_main,180,92,5,1,24,1,none,none,0,0.988,0,357
2026-01-24,Chicken Chowmein,food_main,190,81,5,1,24,1,none,none,0,0.988,0,357
2026-01-24,Veg Thukpa,food_main,170,27,5,1,24,1,none,none,0,0.988,0,357
2026-01-24,Club Sandwich,food_main,250,50,5,1,24,1,none,none,0,0.988,0,357
2026-01-24,Chicken Burger,food_main,280,44,5,1,24,1,none,none,0,0.988,0,357
2026-01-24,French Fries,food_snack,130,62,5,1,24,1,none,none,0,0.988,0,357
2026-01-24,Samosa,food_snack,40,54,5,1,24,1,none,none,0,0.988,0,357
2026-01-24,Chocolate Cake Slice,food_bakery,160,27,5,1,24,1,none,none,0,0.988,0,357
2026-01-24,Croissant,food_bakery,140,18,5,1,24,1,none,none,0,0.988,0,357
2026-01-25,Milk Tea (Dudh Chiya),beverage_hot,40,174,6,1,25,0,none,none,0,0.9852,0,358
2026-01-25,Masala Chiya,beverage_hot,50,92,6,1,25,0,none,none,0,0.9852,0,358
2026-01-25,Black Tea (Kalo Chiya),beverage_hot,30,70,6,1,25,0,none,none,0,0.9852,0,358
2026-01-25,Americano,beverage_hot,150,62,6,1,25,0,none,none,0,0.9852,0,358
2026-01-25,Cappuccino,beverage_hot,190,62,6,1,25,0,none,none,0,0.9852,0,358
2026-01-25,Cafe Latte,beverage_hot,200,59,6,1,25,0,none,none,0,0.9852,0,358
2026-01-25,Hot Chocolate,beverage_hot,180,27,6,1,25,0,none,none,0,0.9852,0,358
2026-01-25,Cold Coffee,beverage_cold,220,58,6,1,25,0,none,none,0,0.9852,0,358
2026-01-25,Iced Americano,beverage_cold,180,37,6,1,25,0,none,none,0,0.9852,0,358
2026-01-25,Lassi,beverage_cold,120,45,6,1,25,0,none,none,0,0.9852,0,358
2026-01-25,Fresh Lime Soda,beverage_cold,100,37,6,1,25,0,none,none,0,0.9852,0,358
2026-01-25,Veg Momo,food_main,160,76,6,1,25,0,none,none,0,0.9852,0,358
2026-01-25,Buff Momo,food_main,180,75,6,1,25,0,none,none,0,0.9852,0,358
2026-01-25,Chicken Chowmein,food_main,190,68,6,1,25,0,none,none,0,0.9852,0,358
2026-01-25,Veg Thukpa,food_main,170,30,6,1,25,0,none,none,0,0.9852,0,358
2026-01-25,Club Sandwich,food_main,250,42,6,1,25,0,none,none,0,0.9852,0,358
2026-01-25,Chicken Burger,food_main,280,30,6,1,25,0,none,none,0,0.9852,0,358
2026-01-25,French Fries,food_snack,130,50,6,1,25,0,none,none,0,0.9852,0,358
2026-01-25,Samosa,food_snack,40,33,6,1,25,0,none,none,0,0.9852,0,358
2026-01-25,Chocolate Cake Slice,food_bakery,160,30,6,1,25,0,none,none,0,0.9852,0,358
2026-01-25,Croissant,food_bakery,140,14,6,1,25,0,none,none,0,0.9852,0,358
2026-01-26,Milk Tea (Dudh Chiya),beverage_hot,40,132,0,1,26,0,none,none,0,0.9821,0,359
2026-01-26,Masala Chiya,beverage_hot,50,78,0,1,26,0,none,none,0,0.9821,0,359
2026-01-26,Black Tea (Kalo Chiya),beverage_hot,30,35,0,1,26,0,none,none,0,0.9821,0,359
2026-01-26,Americano,beverage_hot,150,45,0,1,26,0,none,none,0,0.9821,0,359
2026-01-26,Cappuccino,beverage_hot,190,57,0,1,26,0,none,none,0,0.9821,0,359
2026-01-26,Cafe Latte,beverage_hot,200,44,0,1,26,0,none,none,0,0.9821,0,359
2026-01-26,Hot Chocolate,beverage_hot,180,26,0,1,26,0,none,none,0,0.9821,0,359
2026-01-26,Cold Coffee,beverage_cold,220,37,0,1,26,0,none,none,0,0.9821,0,359
2026-01-26,Iced Americano,beverage_cold,180,32,0,1,26,0,none,none,0,0.9821,0,359
2026-01-26,Lassi,beverage_cold,120,31,0,1,26,0,none,none,0,0.9821,0,359
2026-01-26,Fresh Lime Soda,beverage_cold,100,31,0,1,26,0,none,none,0,0.9821,0,359
2026-01-26,Veg Momo,food_main,160,44,0,1,26,0,none,none,0,0.9821,0,359
2026-01-26,Buff Momo,food_main,180,56,0,1,26,0,none,none,0,0.9821,0,359
2026-01-26,Chicken Chowmein,food_main,190,45,0,1,26,0,none,none,0,0.9821,0,359
2026-01-26,Veg Thukpa,food_main,170,15,0,1,26,0,none,none,0,0.9821,0,359
2026-01-26,Club Sandwich,food_main,250,24,0,1,26,0,none,none,0,0.9821,0,359
2026-01-26,Chicken Burger,food_main,280,16,0,1,26,0,none,none,0,0.9821,0,359
2026-01-26,French Fries,food_snack,130,39,0,1,26,0,none,none,0,0.9821,0,359
2026-01-26,Samosa,food_snack,40,35,0,1,26,0,none,none,0,0.9821,0,359
2026-01-26,Chocolate Cake Slice,food_bakery,160,20,0,1,26,0,none,none,0,0.9821,0,359
2026-01-26,Croissant,food_bakery,140,10,0,1,26,0,none,none,0,0.9821,0,359
2026-01-27,Milk Tea (Dudh Chiya),beverage_hot,40,226,1,1,27,0,none,none,0,0.9788,0,360
2026-01-27,Masala Chiya,beverage_hot,50,121,1,1,27,0,none,none,0,0.9788,0,360
2026-01-27,Black Tea (Kalo Chiya),beverage_hot,30,65,1,1,27,0,none,none,0,0.9788,0,360
2026-01-27,Americano,beverage_hot,150,64,1,1,27,0,none,none,0,0.9788,0,360
2026-01-27,Cappuccino,beverage_hot,190,81,1,1,27,0,none,none,0,0.9788,0,360
2026-01-27,Cafe Latte,beverage_hot,200,57,1,1,27,0,none,none,0,0.9788,0,360
2026-01-27,Hot Chocolate,beverage_hot,180,34,1,1,27,0,none,none,0,0.9788,0,360
2026-01-27,Cold Coffee,beverage_cold,220,62,1,1,27,0,none,none,0,0.9788,0,360
2026-01-27,Iced Americano,beverage_cold,180,41,1,1,27,0,none,none,0,0.9788,0,360
2026-01-27,Lassi,beverage_cold,120,46,1,1,27,0,none,none,0,0.9788,0,360
2026-01-27,Fresh Lime Soda,beverage_cold,100,38,1,1,27,0,none,none,0,0.9788,0,360
2026-01-27,Veg Momo,food_main,160,55,1,1,27,0,none,none,0,0.9788,0,360
2026-01-27,Buff Momo,food_main,180,94,1,1,27,0,none,none,0,0.9788,0,360
2026-01-27,Chicken Chowmein,food_main,190,56,1,1,27,0,none,none,0,0.9788,0,360
2026-01-27,Veg Thukpa,food_main,170,29,1,1,27,0,none,none,0,0.9788,0,360
2026-01-27,Club Sandwich,food_main,250,30,1,1,27,0,none,none,0,0.9788,0,360
2026-01-27,Chicken Burger,food_main,280,28,1,1,27,0,none,none,0,0.9788,0,360
2026-01-27,French Fries,food_snack,130,61,1,1,27,0,none,none,0,0.9788,0,360
2026-01-27,Samosa,food_snack,40,40,1,1,27,0,none,none,0,0.9788,0,360
2026-01-27,Chocolate Cake Slice,food_bakery,160,27,1,1,27,0,none,none,0,0.9788,0,360
2026-01-27,Croissant,food_bakery,140,12,1,1,27,0,none,none,0,0.9788,0,360
2026-01-28,Milk Tea (Dudh Chiya),beverage_hot,40,173,2,1,28,0,none,none,0,0.9751,0,361
2026-01-28,Masala Chiya,beverage_hot,50,122,2,1,28,0,none,none,0,0.9751,0,361
2026-01-28,Black Tea (Kalo Chiya),beverage_hot,30,73,2,1,28,0,none,none,0,0.9751,0,361
2026-01-28,Americano,beverage_hot,150,63,2,1,28,0,none,none,0,0.9751,0,361
2026-01-28,Cappuccino,beverage_hot,190,67,2,1,28,0,none,none,0,0.9751,0,361
2026-01-28,Cafe Latte,beverage_hot,200,52,2,1,28,0,none,none,0,0.9751,0,361
2026-01-28,Hot Chocolate,beverage_hot,180,38,2,1,28,0,none,none,0,0.9751,0,361
2026-01-28,Cold Coffee,beverage_cold,220,51,2,1,28,0,none,none,0,0.9751,0,361
2026-01-28,Iced Americano,beverage_cold,180,47,2,1,28,0,none,none,0,0.9751,0,361
2026-01-28,Lassi,beverage_cold,120,42,2,1,28,0,none,none,0,0.9751,0,361
2026-01-28,Fresh Lime Soda,beverage_cold,100,55,2,1,28,0,none,none,0,0.9751,0,361
2026-01-28,Veg Momo,food_main,160,84,2,1,28,0,none,none,0,0.9751,0,361
2026-01-28,Buff Momo,food_main,180,80,2,1,28,0,none,none,0,0.9751,0,361
2026-01-28,Chicken Chowmein,food_main,190,58,2,1,28,0,none,none,0,0.9751,0,361
2026-01-28,Veg Thukpa,food_main,170,34,2,1,28,0,none,none,0,0.9751,0,361
2026-01-28,Club Sandwich,food_main,250,31,2,1,28,0,none,none,0,0.9751,0,361
2026-01-28,Chicken Burger,food_main,280,34,2,1,28,0,none,none,0,0.9751,0,361
2026-01-28,French Fries,food_snack,130,48,2,1,28,0,none,none,0,0.9751,0,361
2026-01-28,Samosa,food_snack,40,58,2,1,28,0,none,none,0,0.9751,0,361
2026-01-28,Chocolate Cake Slice,food_bakery,160,36,2,1,28,0,none,none,0,0.9751,0,361
2026-01-28,Croissant,food_bakery,140,16,2,1,28,0,none,none,0,0.9751,0,361
2026-01-29,Milk Tea (Dudh Chiya),beverage_hot,40,159,3,1,29,0,none,none,0,0.9711,0,362
2026-01-29,Masala Chiya,beverage_hot,50,111,3,1,29,0,none,none,0,0.9711,0,362
2026-01-29,Black Tea (Kalo Chiya),beverage_hot,30,48,3,1,29,0,none,none,0,0.9711,0,362
2026-01-29,Americano,beverage_hot,150,51,3,1,29,0,none,none,0,0.9711,0,362
2026-01-29,Cappuccino,beverage_hot,190,55,3,1,29,0,none,none,0,0.9711,0,362
2026-01-29,Cafe Latte,beverage_hot,200,54,3,1,29,0,none,none,0,0.9711,0,362
2026-01-29,Hot Chocolate,beverage_hot,180,23,3,1,29,0,none,none,0,0.9711,0,362
2026-01-29,Cold Coffee,beverage_cold,220,57,3,1,29,0,none,none,0,0.9711,0,362
2026-01-29,Iced Americano,beverage_cold,180,39,3,1,29,0,none,none,0,0.9711,0,362
2026-01-29,Lassi,beverage_cold,120,42,3,1,29,0,none,none,0,0.9711,0,362
2026-01-29,Fresh Lime Soda,beverage_cold,100,34,3,1,29,0,none,none,0,0.9711,0,362
2026-01-29,Veg Momo,food_main,160,88,3,1,29,0,none,none,0,0.9711,0,362
2026-01-29,Buff Momo,food_main,180,75,3,1,29,0,none,none,0,0.9711,0,362
2026-01-29,Chicken Chowmein,food_main,190,59,3,1,29,0,none,none,0,0.9711,0,362
2026-01-29,Veg Thukpa,food_main,170,24,3,1,29,0,none,none,0,0.9711,0,362
2026-01-29,Club Sandwich,food_main,250,35,3,1,29,0,none,none,0,0.9711,0,362
2026-01-29,Chicken Burger,food_main,280,31,3,1,29,0,none,none,0,0.9711,0,362
2026-01-29,French Fries,food_snack,130,44,3,1,29,0,none,none,0,0.9711,0,362
2026-01-29,Samosa,food_snack,40,48,3,1,29,0,none,none,0,0.9711,0,362
2026-01-29,Chocolate Cake Slice,food_bakery,160,20,3,1,29,0,none,none,0,0.9711,0,362
2026-01-29,Croissant,food_bakery,140,7,3,1,29,0,none,none,0,0.9711,0,362
2026-01-30,Milk Tea (Dudh Chiya),beverage_hot,40,201,4,1,30,0,none,none,0,0.9669,0,363
2026-01-30,Masala Chiya,beverage_hot,50,125,4,1,30,0,none,none,0,0.9669,0,363
2026-01-30,Black Tea (Kalo Chiya),beverage_hot,30,56,4,1,30,0,none,none,0,0.9669,0,363
2026-01-30,Americano,beverage_hot,150,52,4,1,30,0,none,none,0,0.9669,0,363
2026-01-30,Cappuccino,beverage_hot,190,73,4,1,30,0,none,none,0,0.9669,0,363
2026-01-30,Cafe Latte,beverage_hot,200,67,4,1,30,0,none,none,0,0.9669,0,363
2026-01-30,Hot Chocolate,beverage_hot,180,46,4,1,30,0,none,none,0,0.9669,0,363
2026-01-30,Cold Coffee,beverage_cold,220,43,4,1,30,0,none,none,0,0.9669,0,363
2026-01-30,Iced Americano,beverage_cold,180,35,4,1,30,0,none,none,0,0.9669,0,363
2026-01-30,Lassi,beverage_cold,120,46,4,1,30,0,none,none,0,0.9669,0,363
2026-01-30,Fresh Lime Soda,beverage_cold,100,49,4,1,30,0,none,none,0,0.9669,0,363
2026-01-30,Veg Momo,food_main,160,75,4,1,30,0,none,none,0,0.9669,0,363
2026-01-30,Buff Momo,food_main,180,94,4,1,30,0,none,none,0,0.9669,0,363
2026-01-30,Chicken Chowmein,food_main,190,71,4,1,30,0,none,none,0,0.9669,0,363
2026-01-30,Veg Thukpa,food_main,170,33,4,1,30,0,none,none,0,0.9669,0,363
2026-01-30,Club Sandwich,food_main,250,37,4,1,30,0,none,none,0,0.9669,0,363
2026-01-30,Chicken Burger,food_main,280,28,4,1,30,0,none,none,0,0.9669,0,363
2026-01-30,French Fries,food_snack,130,54,4,1,30,0,none,none,0,0.9669,0,363
2026-01-30,Samosa,food_snack,40,49,4,1,30,0,none,none,0,0.9669,0,363
2026-01-30,Chocolate Cake Slice,food_bakery,160,24,4,1,30,0,none,none,0,0.9669,0,363
2026-01-30,Croissant,food_bakery,140,17,4,1,30,0,none,none,0,0.9669,0,363
2026-01-31,Milk Tea (Dudh Chiya),beverage_hot,40,237,5,1,31,1,none,none,0,0.9624,0,364
2026-01-31,Masala Chiya,beverage_hot,50,141,5,1,31,1,none,none,0,0.9624,0,364
2026-01-31,Black Tea (Kalo Chiya),beverage_hot,30,75,5,1,31,1,none,none,0,0.9624,0,364
2026-01-31,Americano,beverage_hot,150,82,5,1,31,1,none,none,0,0.9624,0,364
2026-01-31,Cappuccino,beverage_hot,190,96,5,1,31,1,none,none,0,0.9624,0,364
2026-01-31,Cafe Latte,beverage_hot,200,69,5,1,31,1,none,none,0,0.9624,0,364
2026-01-31,Hot Chocolate,beverage_hot,180,46,5,1,31,1,none,none,0,0.9624,0,364
2026-01-31,Cold Coffee,beverage_cold,220,68,5,1,31,1,none,none,0,0.9624,0,364
2026-01-31,Iced Americano,beverage_cold,180,48,5,1,31,1,none,none,0,0.9624,0,364
2026-01-31,Lassi,beverage_cold,120,52,5,1,31,1,none,none,0,0.9624,0,364
2026-01-31,Fresh Lime Soda,beverage_cold,100,69,5,1,31,1,none,none,0,0.9624,0,364
2026-01-31,Veg Momo,food_main,160,100,5,1,31,1,none,none,0,0.9624,0,364
2026-01-31,Buff Momo,food_main,180,104,5,1,31,1,none,none,0,0.9624,0,364
2026-01-31,Chicken Chowmein,food_main,190,73,5,1,31,1,none,none,0,0.9624,0,364
2026-01-31,Veg Thukpa,food_main,170,38,5,1,31,1,none,none,0,0.9624,0,364
2026-01-31,Club Sandwich,food_main,250,55,5,1,31,1,none,none,0,0.9624,0,364
2026-01-31,Chicken Burger,food_main,280,39,5,1,31,1,none,none,0,0.9624,0,364
2026-01-31,French Fries,food_snack,130,74,5,1,31,1,none,none,0,0.9624,0,364
2026-01-31,Samosa,food_snack,40,44,5,1,31,1,none,none,0,0.9624,0,364
2026-01-31,Chocolate Cake Slice,food_bakery,160,16,5,1,31,1,none,none,0,0.9624,0,364
2026-01-31,Croissant,food_bakery,140,30,5,1,31,1,none,none,0,0.9624,0,364
2026-02-01,Milk Tea (Dudh Chiya),beverage_hot,40,154,6,2,1,0,none,none,0,0.9575,0,365
2026-02-01,Masala Chiya,beverage_hot,50,86,6,2,1,0,none,none,0,0.9575,0,365
2026-02-01,Black Tea (Kalo Chiya),beverage_hot,30,59,6,2,1,0,none,none,0,0.9575,0,365
2026-02-01,Americano,beverage_hot,150,51,6,2,1,0,none,none,0,0.9575,0,365
2026-02-01,Cappuccino,beverage_hot,190,70,6,2,1,0,none,none,0,0.9575,0,365
2026-02-01,Cafe Latte,beverage_hot,200,48,6,2,1,0,none,none,0,0.9575,0,365
2026-02-01,Hot Chocolate,beverage_hot,180,34,6,2,1,0,none,none,0,0.9575,0,365
2026-02-01,Cold Coffee,beverage_cold,220,47,6,2,1,0,none,none,0,0.9575,0,365
2026-02-01,Iced Americano,beverage_cold,180,32,6,2,1,0,none,none,0,0.9575,0,365
2026-02-01,Lassi,beverage_cold,120,43,6,2,1,0,none,none,0,0.9575,0,365
2026-02-01,Fresh Lime Soda,beverage_cold,100,36,6,2,1,0,none,none,0,0.9575,0,365
2026-02-01,Veg Momo,food_main,160,75,6,2,1,0,none,none,0,0.9575,0,365
2026-02-01,Buff Momo,food_main,180,77,6,2,1,0,none,none,0,0.9575,0,365
2026-02-01,Chicken Chowmein,food_main,190,52,6,2,1,0,none,none,0,0.9575,0,365
2026-02-01,Veg Thukpa,food_main,170,22,6,2,1,0,none,none,0,0.9575,0,365
2026-02-01,Club Sandwich,food_main,250,27,6,2,1,0,none,none,0,0.9575,0,365
2026-02-01,Chicken Burger,food_main,280,28,6,2,1,0,none,none,0,0.9575,0,365
2026-02-01,French Fries,food_snack,130,43,6,2,1,0,none,none,0,0.9575,0,365
2026-02-01,Samosa,food_snack,40,34,6,2,1,0,none,none,0,0.9575,0,365
2026-02-01,Chocolate Cake Slice,food_bakery,160,21,6,2,1,0,none,none,0,0.9575,0,365
2026-02-01,Croissant,food_bakery,140,9,6,2,1,0,none,none,0,0.9575,0,365
2026-02-02,Milk Tea (Dudh Chiya),beverage_hot,40,159,0,2,2,0,none,none,0,0.9524,0,366
2026-02-02,Masala Chiya,beverage_hot,50,115,0,2,2,0,none,none,0,0.9524,0,366
2026-02-02,Black Tea (Kalo Chiya),beverage_hot,30,29,0,2,2,0,none,none,0,0.9524,0,366
2026-02-02,Americano,beverage_hot,150,56,0,2,2,0,none,none,0,0.9524,0,366
2026-02-02,Cappuccino,beverage_hot,190,67,0,2,2,0,none,none,0,0.9524,0,366
2026-02-02,Cafe Latte,beverage_hot,200,59,0,2,2,0,none,none,0,0.9524,0,366
2026-02-02,Hot Chocolate,beverage_hot,180,27,0,2,2,0,none,none,0,0.9524,0,366
2026-02-02,Cold Coffee,beverage_cold,220,44,0,2,2,0,none,none,0,0.9524,0,366
2026-02-02,Iced Americano,beverage_cold,180,43,0,2,2,0,none,none,0,0.9524,0,366
2026-02-02,Lassi,beverage_cold,120,49,0,2,2,0,none,none,0,0.9524,0,366
2026-02-02,Fresh Lime Soda,beverage_cold,100,53,0,2,2,0,none,none,0,0.9524,0,366
2026-02-02,Veg Momo,food_main,160,81,0,2,2,0,none,none,0,0.9524,0,366
2026-02-02,Buff Momo,food_main,180,68,0,2,2,0,none,none,0,0.9524,0,366
2026-02-02,Chicken Chowmein,food_main,190,57,0,2,2,0,none,none,0,0.9524,0,366
2026-02-02,Veg Thukpa,food_main,170,32,0,2,2,0,none,none,0,0.9524,0,366
2026-02-02,Club Sandwich,food_main,250,26,0,2,2,0,none,none,0,0.9524,0,366
2026-02-02,Chicken Burger,food_main,280,34,0,2,2,0,none,none,0,0.9524,0,366
2026-02-02,French Fries,food_snack,130,38,0,2,2,0,none,none,0,0.9524,0,366
2026-02-02,Samosa,food_snack,40,46,0,2,2,0,none,none,0,0.9524,0,366
2026-02-02,Chocolate Cake Slice,food_bakery,160,11,0,2,2,0,none,none,0,0.9524,0,366
2026-02-02,Croissant,food_bakery,140,12,0,2,2,0,none,none,0,0.9524,0,366
2026-02-03,Milk Tea (Dudh Chiya),beverage_hot,40,173,1,2,3,0,none,none,0,0.9471,0,367
2026-02-03,Masala Chiya,beverage_hot,50,126,1,2,3,0,none,none,0,0.9471,0,367
2026-02-03,Black Tea (Kalo Chiya),beverage_hot,30,59,1,2,3,0,none,none,0,0.9471,0,367
2026-02-03,Americano,beverage_hot,150,47,1,2,3,0,none,none,0,0.9471,0,367
2026-02-03,Cappuccino,beverage_hot,190,66,1,2,3,0,none,none,0,0.9471,0,367
2026-02-03,Cafe Latte,beverage_hot,200,44,1,2,3,0,none,none,0,0.9471,0,367
2026-02-03,Hot Chocolate,beverage_hot,180,46,1,2,3,0,none,none,0,0.9471,0,367
2026-02-03,Cold Coffee,beverage_cold,220,59,1,2,3,0,none,none,0,0.9471,0,367
2026-02-03,Iced Americano,beverage_cold,180,43,1,2,3,0,none,none,0,0.9471,0,367
2026-02-03,Lassi,beverage_cold,120,32,1,2,3,0,none,none,0,0.9471,0,367
2026-02-03,Fresh Lime Soda,beverage_cold,100,52,1,2,3,0,none,none,0,0.9471,0,367
2026-02-03,Veg Momo,food_main,160,68,1,2,3,0,none,none,0,0.9471,0,367
2026-02-03,Buff Momo,food_main,180,75,1,2,3,0,none,none,0,0.9471,0,367
2026-02-03,Chicken Chowmein,food_main,190,53,1,2,3,0,none,none,0,0.9471,0,367
2026-02-03,Veg Thukpa,food_main,170,38,1,2,3,0,none,none,0,0.9471,0,367
2026-02-03,Club Sandwich,food_main,250,38,1,2,3,0,none,none,0,0.9471,0,367
2026-02-03,Chicken Burger,food_main,280,23,1,2,3,0,none,none,0,0.9471,0,367
2026-02-03,French Fries,food_snack,130,52,1,2,3,0,none,none,0,0.9471,0,367
2026-02-03,Samosa,food_snack,40,49,1,2,3,0,none,none,0,0.9471,0,367
2026-02-03,Chocolate Cake Slice,food_bakery,160,20,1,2,3,0,none,none,0,0.9471,0,367
2026-02-03,Croissant,food_bakery,140,19,1,2,3,0,none,none,0,0.9471,0,367
2026-02-04,Milk Tea (Dudh Chiya),beverage_hot,40,186,2,2,4,0,none,none,0,0.9414,0,368
2026-02-04,Masala Chiya,beverage_hot,50,105,2,2,4,0,none,none,0,0.9414,0,368
2026-02-04,Black Tea (Kalo Chiya),beverage_hot,30,47,2,2,4,0,none,none,0,0.9414,0,368
2026-02-04,Americano,beverage_hot,150,47,2,2,4,0,none,none,0,0.9414,0,368
2026-02-04,Cappuccino,beverage_hot,190,64,2,2,4,0,none,none,0,0.9414,0,368
2026-02-04,Cafe Latte,beverage_hot,200,52,2,2,4,0,none,none,0,0.9414,0,368
2026-02-04,Hot Chocolate,beverage_hot,180,28,2,2,4,0,none,none,0,0.9414,0,368
2026-02-04,Cold Coffee,beverage_cold,220,47,2,2,4,0,none,none,0,0.9414,0,368
2026-02-04,Iced Americano,beverage_cold,180,27,2,2,4,0,none,none,0,0.9414,0,368
2026-02-04,Lassi,beverage_cold,120,37,2,2,4,0,none,none,0,0.9414,0,368
2026-02-04,Fresh Lime Soda,beverage_cold,100,49,2,2,4,0,none,none,0,0.9414,0,368
2026-02-04,Veg Momo,food_main,160,81,2,2,4,0,none,none,0,0.9414,0,368
2026-02-04,Buff Momo,food_main,180,90,2,2,4,0,none,none,0,0.9414,0,368
2026-02-04,Chicken Chowmein,food_main,190,72,2,2,4,0,none,none,0,0.9414,0,368
2026-02-04,Veg Thukpa,food_main,170,35,2,2,4,0,none,none,0,0.9414,0,368
2026-02-04,Club Sandwich,food_main,250,34,2,2,4,0,none,none,0,0.9414,0,368
2026-02-04,Chicken Burger,food_main,280,32,2,2,4,0,none,none,0,0.9414,0,368
2026-02-04,French Fries,food_snack,130,48,2,2,4,0,none,none,0,0.9414,0,368
2026-02-04,Samosa,food_snack,40,37,2,2,4,0,none,none,0,0.9414,0,368
2026-02-04,Chocolate Cake Slice,food_bakery,160,13,2,2,4,0,none,none,0,0.9414,0,368
2026-02-04,Croissant,food_bakery,140,16,2,2,4,0,none,none,0,0.9414,0,368
2026-02-05,Milk Tea (Dudh Chiya),beverage_hot,40,159,3,2,5,0,none,none,0,0.9355,0,369
2026-02-05,Masala Chiya,beverage_hot,50,111,3,2,5,0,none,none,0,0.9355,0,369
2026-02-05,Black Tea (Kalo Chiya),beverage_hot,30,48,3,2,5,0,none,none,0,0.9355,0,369
2026-02-05,Americano,beverage_hot,150,47,3,2,5,0,none,none,0,0.9355,0,369
2026-02-05,Cappuccino,beverage_hot,190,60,3,2,5,0,none,none,0,0.9355,0,369
2026-02-05,Cafe Latte,beverage_hot,200,56,3,2,5,0,none,none,0,0.9355,0,369
2026-02-05,Hot Chocolate,beverage_hot,180,28,3,2,5,0,none,none,0,0.9355,0,369
2026-02-05,Cold Coffee,beverage_cold,220,52,3,2,5,0,none,none,0,0.9355,0,369
2026-02-05,Iced Americano,beverage_cold,180,43,3,2,5,0,none,none,0,0.9355,0,369
2026-02-05,Lassi,beverage_cold,120,37,3,2,5,0,none,none,0,0.9355,0,369
2026-02-05,Fresh Lime Soda,beverage_cold,100,53,3,2,5,0,none,none,0,0.9355,0,369
2026-02-05,Veg Momo,food_main,160,75,3,2,5,0,none,none,0,0.9355,0,369
2026-02-05,Buff Momo,food_main,180,69,3,2,5,0,none,none,0,0.9355,0,369
2026-02-05,Chicken Chowmein,food_main,190,51,3,2,5,0,none,none,0,0.9355,0,369
2026-02-05,Veg Thukpa,food_main,170,32,3,2,5,0,none,none,0,0.9355,0,369
2026-02-05,Club Sandwich,food_main,250,29,3,2,5,0,none,none,0,0.9355,0,369
2026-02-05,Chicken Burger,food_main,280,31,3,2,5,0,none,none,0,0.9355,0,369
2026-02-05,French Fries,food_snack,130,52,3,2,5,0,none,none,0,0.9355,0,369
2026-02-05,Samosa,food_snack,40,37,3,2,5,0,none,none,0,0.9355,0,369
2026-02-05,Chocolate Cake Slice,food_bakery,160,12,3,2,5,0,none,none,0,0.9355,0,369
2026-02-05,Croissant,food_bakery,140,16,3,2,5,0,none,none,0,0.9355,0,369
2026-02-06,Milk Tea (Dudh Chiya),beverage_hot,40,189,4,2,6,0,none,none,0,0.9292,0,370
2026-02-06,Masala Chiya,beverage_hot,50,137,4,2,6,0,none,none,0,0.9292,0,370
2026-02-06,Black Tea (Kalo Chiya),beverage_hot,30,58,4,2,6,0,none,none,0,0.9292,0,370
2026-02-06,Americano,beverage_hot,150,72,4,2,6,0,none,none,0,0.9292,0,370
2026-02-06,Cappuccino,beverage_hot,190,79,4,2,6,0,none,none,0,0.9292,0,370
2026-02-06,Cafe Latte,beverage_hot,200,64,4,2,6,0,none,none,0,0.9292,0,370
2026-02-06,Hot Chocolate,beverage_hot,180,51,4,2,6,0,none,none,0,0.9292,0,370
2026-02-06,Cold Coffee,beverage_cold,220,59,4,2,6,0,none,none,0,0.9292,0,370
2026-02-06,Iced Americano,beverage_cold,180,46,4,2,6,0,none,none,0,0.9292,0,370
2026-02-06,Lassi,beverage_cold,120,51,4,2,6,0,none,none,0,0.9292,0,370
2026-02-06,Fresh Lime Soda,beverage_cold,100,74,4,2,6,0,none,none,0,0.9292,0,370
2026-02-06,Veg Momo,food_main,160,97,4,2,6,0,none,none,0,0.9292,0,370
2026-02-06,Buff Momo,food_main,180,92,4,2,6,0,none,none,0,0.9292,0,370
2026-02-06,Chicken Chowmein,food_main,190,60,4,2,6,0,none,none,0,0.9292,0,370
2026-02-06,Veg Thukpa,food_main,170,35,4,2,6,0,none,none,0,0.9292,0,370
2026-02-06,Club Sandwich,food_main,250,43,4,2,6,0,none,none,0,0.9292,0,370
2026-02-06,Chicken Burger,food_main,280,28,4,2,6,0,none,none,0,0.9292,0,370
2026-02-06,French Fries,food_snack,130,59,4,2,6,0,none,none,0,0.9292,0,370
2026-02-06,Samosa,food_snack,40,47,4,2,6,0,none,none,0,0.9292,0,370
2026-02-06,Chocolate Cake Slice,food_bakery,160,22,4,2,6,0,none,none,0,0.9292,0,370
2026-02-06,Croissant,food_bakery,140,18,4,2,6,0,none,none,0,0.9292,0,370
2026-02-07,Milk Tea (Dudh Chiya),beverage_hot,40,181,5,2,7,1,none,none,0,0.9227,0,371
2026-02-07,Masala Chiya,beverage_hot,50,148,5,2,7,1,none,none,0,0.9227,0,371
2026-02-07,Black Tea (Kalo Chiya),beverage_hot,30,57,5,2,7,1,none,none,0,0.9227,0,371
2026-02-07,Americano,beverage_hot,150,65,5,2,7,1,none,none,0,0.9227,0,371
2026-02-07,Cappuccino,beverage_hot,190,82,5,2,7,1,none,none,0,0.9227,0,371
2026-02-07,Cafe Latte,beverage_hot,200,71,5,2,7,1,none,none,0,0.9227,0,371
2026-02-07,Hot Chocolate,beverage_hot,180,34,5,2,7,1,none,none,0,0.9227,0,371
2026-02-07,Cold Coffee,beverage_cold,220,76,5,2,7,1,none,none,0,0.9227,0,371
2026-02-07,Iced Americano,beverage_cold,180,45,5,2,7,1,none,none,0,0.9227,0,371
2026-02-07,Lassi,beverage_cold,120,46,5,2,7,1,none,none,0,0.9227,0,371
2026-02-07,Fresh Lime Soda,beverage_cold,100,36,5,2,7,1,none,none,0,0.9227,0,371
2026-02-07,Veg Momo,food_main,160,82,5,2,7,1,none,none,0,0.9227,0,371
2026-02-07,Buff Momo,food_main,180,86,5,2,7,1,none,none,0,0.9227,0,371
2026-02-07,Chicken Chowmein,food_main,190,65,5,2,7,1,none,none,0,0.9227,0,371
2026-02-07,Veg Thukpa,food_main,170,46,5,2,7,1,none,none,0,0.9227,0,371
2026-02-07,Club Sandwich,food_main,250,38,5,2,7,1,none,none,0,0.9227,0,371
2026-02-07,Chicken Burger,food_main,280,38,5,2,7,1,none,none,0,0.9227,0,371
2026-02-07,French Fries,food_snack,130,65,5,2,7,1,none,none,0,0.9227,0,371
2026-02-07,Samosa,food_snack,40,34,5,2,7,1,none,none,0,0.9227,0,371
2026-02-07,Chocolate Cake Slice,food_bakery,160,27,5,2,7,1,none,none,0,0.9227,0,371
2026-02-07,Croissant,food_bakery,140,19,5,2,7,1,none,none,0,0.9227,0,371
2026-02-08,Milk Tea (Dudh Chiya),beverage_hot,40,169,6,2,8,0,none,none,0,0.916,0,372
2026-02-08,Masala Chiya,beverage_hot,50,98,6,2,8,0,none,none,0,0.916,0,372
2026-02-08,Black Tea (Kalo Chiya),beverage_hot,30,53,6,2,8,0,none,none,0,0.916,0,372
2026-02-08,Americano,beverage_hot,150,47,6,2,8,0,none,none,0,0.916,0,372
2026-02-08,Cappuccino,beverage_hot,190,73,6,2,8,0,none,none,0,0.916,0,372
2026-02-08,Cafe Latte,beverage_hot,200,56,6,2,8,0,none,none,0,0.916,0,372
2026-02-08,Hot Chocolate,beverage_hot,180,32,6,2,8,0,none,none,0,0.916,0,372
2026-02-08,Cold Coffee,beverage_cold,220,46,6,2,8,0,none,none,0,0.916,0,372
2026-02-08,Iced Americano,beverage_cold,180,38,6,2,8,0,none,none,0,0.916,0,372
2026-02-08,Lassi,beverage_cold,120,40,6,2,8,0,none,none,0,0.916,0,372
2026-02-08,Fresh Lime Soda,beverage_cold,100,41,6,2,8,0,none,none,0,0.916,0,372
2026-02-08,Veg Momo,food_main,160,78,6,2,8,0,none,none,0,0.916,0,372
2026-02-08,Buff Momo,food_main,180,72,6,2,8,0,none,none,0,0.916,0,372
2026-02-08,Chicken Chowmein,food_main,190,53,6,2,8,0,none,none,0,0.916,0,372
2026-02-08,Veg Thukpa,food_main,170,31,6,2,8,0,none,none,0,0.916,0,372
2026-02-08,Club Sandwich,food_main,250,30,6,2,8,0,none,none,0,0.916,0,372
2026-02-08,Chicken Burger,food_main,280,17,6,2,8,0,none,none,0,0.916,0,372
2026-02-08,French Fries,food_snack,130,54,6,2,8,0,none,none,0,0.916,0,372
2026-02-08,Samosa,food_snack,40,34,6,2,8,0,none,none,0,0.916,0,372
2026-02-08,Chocolate Cake Slice,food_bakery,160,17,6,2,8,0,none,none,0,0.916,0,372
2026-02-08,Croissant,food_bakery,140,10,6,2,8,0,none,none,0,0.916,0,372
2026-02-09,Milk Tea (Dudh Chiya),beverage_hot,40,143,0,2,9,0,none,none,0,0.9089,0,373
2026-02-09,Masala Chiya,beverage_hot,50,70,0,2,9,0,none,none,0,0.9089,0,373
2026-02-09,Black Tea (Kalo Chiya),beverage_hot,30,36,0,2,9,0,none,none,0,0.9089,0,373
2026-02-09,Americano,beverage_hot,150,57,0,2,9,0,none,none,0,0.9089,0,373
2026-02-09,Cappuccino,beverage_hot,190,66,0,2,9,0,none,none,0,0.9089,0,373
2026-02-09,Cafe Latte,beverage_hot,200,61,0,2,9,0,none,none,0,0.9089,0,373
2026-02-09,Hot Chocolate,beverage_hot,180,24,0,2,9,0,none,none,0,0.9089,0,373
2026-02-09,Cold Coffee,beverage_cold,220,47,0,2,9,0,none,none,0,0.9089,0,373
2026-02-09,Iced Americano,beverage_cold,180,39,0,2,9,0,none,none,0,0.9089,0,373
2026-02-09,Lassi,beverage_cold,120,41,0,2,9,0,none,none,0,0.9089,0,373
2026-02-09,Fresh Lime Soda,beverage_cold,100,50,0,2,9,0,none,none,0,0.9089,0,373
2026-02-09,Veg Momo,food_main,160,72,0,2,9,0,none,none,0,0.9089,0,373
2026-02-09,Buff Momo,food_main,180,70,0,2,9,0,none,none,0,0.9089,0,373
2026-02-09,Chicken Chowmein,food_main,190,44,0,2,9,0,none,none,0,0.9089,0,373
2026-02-09,Veg Thukpa,food_main,170,13,0,2,9,0,none,none,0,0.9089,0,373
2026-02-09,Club Sandwich,food_main,250,24,0,2,9,0,none,none,0,0.9089,0,373
2026-02-09,Chicken Burger,food_main,280,20,0,2,9,0,none,none,0,0.9089,0,373
2026-02-09,French Fries,food_snack,130,36,0,2,9,0,none,none,0,0.9089,0,373
2026-02-09,Samosa,food_snack,40,52,0,2,9,0,none,none,0,0.9089,0,373
2026-02-09,Chocolate Cake Slice,food_bakery,160,21,0,2,9,0,none,none,0,0.9089,0,373
2026-02-09,Croissant,food_bakery,140,17,0,2,9,0,none,none,0,0.9089,0,373
2026-02-10,Milk Tea (Dudh Chiya),beverage_hot,40,169,1,2,10,0,none,none,0,0.9016,0,374
2026-02-10,Masala Chiya,beverage_hot,50,98,1,2,10,0,none,none,0,0.9016,0,374
2026-02-10,Black Tea (Kalo Chiya),beverage_hot,30,43,1,2,10,0,none,none,0,0.9016,0,374
2026-02-10,Americano,beverage_hot,150,33,1,2,10,0,none,none,0,0.9016,0,374
2026-02-10,Cappuccino,beverage_hot,190,54,1,2,10,0,none,none,0,0.9016,0,374
2026-02-10,Cafe Latte,beverage_hot,200,55,1,2,10,0,none,none,0,0.9016,0,374
2026-02-10,Hot Chocolate,beverage_hot,180,32,1,2,10,0,none,none,0,0.9016,0,374
2026-02-10,Cold Coffee,beverage_cold,220,41,1,2,10,0,none,none,0,0.9016,0,374
2026-02-10,Iced Americano,beverage_cold,180,35,1,2,10,0,none,none,0,0.9016,0,374
2026-02-10,Lassi,beverage_cold,120,36,1,2,10,0,none,none,0,0.9016,0,374
2026-02-10,Fresh Lime Soda,beverage_cold,100,53,1,2,10,0,none,none,0,0.9016,0,374
2026-02-10,Veg Momo,food_main,160,55,1,2,10,0,none,none,0,0.9016,0,374
2026-02-10,Buff Momo,food_main,180,86,1,2,10,0,none,none,0,0.9016,0,374
2026-02-10,Chicken Chowmein,food_main,190,41,1,2,10,0,none,none,0,0.9016,0,374
2026-02-10,Veg Thukpa,food_main,170,21,1,2,10,0,none,none,0,0.9016,0,374
2026-02-10,Club Sandwich,food_main,250,25,1,2,10,0,none,none,0,0.9016,0,374
2026-02-10,Chicken Burger,food_main,280,25,1,2,10,0,none,none,0,0.9016,0,374
2026-02-10,French Fries,food_snack,130,49,1,2,10,0,none,none,0,0.9016,0,374
2026-02-10,Samosa,food_snack,40,33,1,2,10,0,none,none,0,0.9016,0,374
2026-02-10,Chocolate Cake Slice,food_bakery,160,21,1,2,10,0,none,none,0,0.9016,0,374
2026-02-10,Croissant,food_bakery,140,14,1,2,10,0,none,none,0,0.9016,0,374
2026-02-11,Milk Tea (Dudh Chiya),beverage_hot,40,192,2,2,11,0,none,none,0,0.8941,0,375
2026-02-11,Masala Chiya,beverage_hot,50,131,2,2,11,0,none,none,0,0.8941,0,375
2026-02-11,Black Tea (Kalo Chiya),beverage_hot,30,48,2,2,11,0,none,none,0,0.8941,0,375
2026-02-11,Americano,beverage_hot,150,67,2,2,11,0,none,none,0,0.8941,0,375
2026-02-11,Cappuccino,beverage_hot,190,56,2,2,11,0,none,none,0,0.8941,0,375
2026-02-11,Cafe Latte,beverage_hot,200,77,2,2,11,0,none,none,0,0.8941,0,375
2026-02-11,Hot Chocolate,beverage_hot,180,33,2,2,11,0,none,none,0,0.8941,0,375
2026-02-11,Cold Coffee,beverage_cold,220,54,2,2,11,0,none,none,0,0.8941,0,375
2026-02-11,Iced Americano,beverage_cold,180,52,2,2,11,0,none,none,0,0.8941,0,375
2026-02-11,Lassi,beverage_cold,120,53,2,2,11,0,none,none,0,0.8941,0,375
2026-02-11,Fresh Lime Soda,beverage_cold,100,60,2,2,11,0,none,none,0,0.8941,0,375
2026-02-11,Veg Momo,food_main,160,83,2,2,11,0,none,none,0,0.8941,0,375
2026-02-11,Buff Momo,food_main,180,86,2,2,11,0,none,none,0,0.8941,0,375
2026-02-11,Chicken Chowmein,food_main,190,62,2,2,11,0,none,none,0,0.8941,0,375
2026-02-11,Veg Thukpa,food_main,170,35,2,2,11,0,none,none,0,0.8941,0,375
2026-02-11,Club Sandwich,food_main,250,54,2,2,11,0,none,none,0,0.8941,0,375
2026-02-11,Chicken Burger,food_main,280,37,2,2,11,0,none,none,0,0.8941,0,375
2026-02-11,French Fries,food_snack,130,68,2,2,11,0,none,none,0,0.8941,0,375
2026-02-11,Samosa,food_snack,40,46,2,2,11,0,none,none,0,0.8941,0,375
2026-02-11,Chocolate Cake Slice,food_bakery,160,26,2,2,11,0,none,none,0,0.8941,0,375
2026-02-11,Croissant,food_bakery,140,16,2,2,11,0,none,none,0,0.8941,0,375
2026-02-12,Milk Tea (Dudh Chiya),beverage_hot,40,233,3,2,12,0,none,none,0,0.8862,0,376
2026-02-12,Masala Chiya,beverage_hot,50,140,3,2,12,0,none,none,0,0.8862,0,376
2026-02-12,Black Tea (Kalo Chiya),beverage_hot,30,73,3,2,12,0,none,none,0,0.8862,0,376
2026-02-12,Americano,beverage_hot,150,77,3,2,12,0,none,none,0,0.8862,0,376
2026-02-12,Cappuccino,beverage_hot,190,74,3,2,12,0,none,none,0,0.8862,0,376
2026-02-12,Cafe Latte,beverage_hot,200,70,3,2,12,0,none,none,0,0.8862,0,376
2026-02-12,Hot Chocolate,beverage_hot,180,48,3,2,12,0,none,none,0,0.8862,0,376
2026-02-12,Cold Coffee,beverage_cold,220,67,3,2,12,0,none,none,0,0.8862,0,376
2026-02-12,Iced Americano,beverage_cold,180,61,3,2,12,0,none,none,0,0.8862,0,376
2026-02-12,Lassi,beverage_cold,120,60,3,2,12,0,none,none,0,0.8862,0,376
2026-02-12,Fresh Lime Soda,beverage_cold,100,59,3,2,12,0,none,none,0,0.8862,0,376
2026-02-12,Veg Momo,food_main,160,90,3,2,12,0,none,none,0,0.8862,0,376
2026-02-12,Buff Momo,food_main,180,90,3,2,12,0,none,none,0,0.8862,0,376
2026-02-12,Chicken Chowmein,food_main,190,78,3,2,12,0,none,none,0,0.8862,0,376
2026-02-12,Veg Thukpa,food_main,170,52,3,2,12,0,none,none,0,0.8862,0,376
2026-02-12,Club Sandwich,food_main,250,39,3,2,12,0,none,none,0,0.8862,0,376
2026-02-12,Chicken Burger,food_main,280,45,3,2,12,0,none,none,0,0.8862,0,376
2026-02-12,French Fries,food_snack,130,48,3,2,12,0,none,none,0,0.8862,0,376
2026-02-12,Samosa,food_snack,40,65,3,2,12,0,none,none,0,0.8862,0,376
2026-02-12,Chocolate Cake Slice,food_bakery,160,25,3,2,12,0,none,none,0,0.8862,0,376
2026-02-12,Croissant,food_bakery,140,23,3,2,12,0,none,none,0,0.8862,0,376
2026-02-13,Milk Tea (Dudh Chiya),beverage_hot,40,189,4,2,13,0,none,none,0,0.8781,0,377
2026-02-13,Masala Chiya,beverage_hot,50,110,4,2,13,0,none,none,0,0.8781,0,377
2026-02-13,Black Tea (Kalo Chiya),beverage_hot,30,49,4,2,13,0,none,none,0,0.8781,0,377
2026-02-13,Americano,beverage_hot,150,58,4,2,13,0,none,none,0,0.8781,0,377
2026-02-13,Cappuccino,beverage_hot,190,58,4,2,13,0,none,none,0,0.8781,0,377
2026-02-13,Cafe Latte,beverage_hot,200,47,4,2,13,0,none,none,0,0.8781,0,377
2026-02-13,Hot Chocolate,beverage_hot,180,28,4,2,13,0,none,none,0,0.8781,0,377
2026-02-13,Cold Coffee,beverage_cold,220,67,4,2,13,0,none,none,0,0.8781,0,377
2026-02-13,Iced Americano,beverage_cold,180,41,4,2,13,0,none,none,0,0.8781,0,377
2026-02-13,Lassi,beverage_cold,120,41,4,2,13,0,none,none,0,0.8781,0,377
2026-02-13,Fresh Lime Soda,beverage_cold,100,40,4,2,13,0,none,none,0,0.8781,0,377
2026-02-13,Veg Momo,food_main,160,59,4,2,13,0,none,none,0,0.8781,0,377
2026-02-13,Buff Momo,food_main,180,76,4,2,13,0,none,none,0,0.8781,0,377
2026-02-13,Chicken Chowmein,food_main,190,52,4,2,13,0,none,none,0,0.8781,0,377
2026-02-13,Veg Thukpa,food_main,170,19,4,2,13,0,none,none,0,0.8781,0,377
2026-02-13,Club Sandwich,food_main,250,43,4,2,13,0,none,none,0,0.8781,0,377
2026-02-13,Chicken Burger,food_main,280,22,4,2,13,0,none,none,0,0.8781,0,377
2026-02-13,French Fries,food_snack,130,51,4,2,13,0,none,none,0,0.8781,0,377
2026-02-13,Samosa,food_snack,40,43,4,2,13,0,none,none,0,0.8781,0,377
2026-02-13,Chocolate Cake Slice,food_bakery,160,19,4,2,13,0,none,none,0,0.8781,0,377
2026-02-13,Croissant,food_bakery,140,14,4,2,13,0,none,none,0,0.8781,0,377
2026-02-14,Milk Tea (Dudh Chiya),beverage_hot,40,335,5,2,14,1,Valentine's Day,spike,0,0.8698,0,378
2026-02-14,Masala Chiya,beverage_hot,50,200,5,2,14,1,Valentine's Day,spike,0,0.8698,0,378
2026-02-14,Black Tea (Kalo Chiya),beverage_hot,30,105,5,2,14,1,Valentine's Day,spike,0,0.8698,0,378
2026-02-14,Americano,beverage_hot,150,95,5,2,14,1,Valentine's Day,spike,0,0.8698,0,378
2026-02-14,Cappuccino,beverage_hot,190,139,5,2,14,1,Valentine's Day,spike,0,0.8698,0,378
2026-02-14,Cafe Latte,beverage_hot,200,117,5,2,14,1,Valentine's Day,spike,0,0.8698,0,378
2026-02-14,Hot Chocolate,beverage_hot,180,64,5,2,14,1,Valentine's Day,spike,0,0.8698,0,378
2026-02-14,Cold Coffee,beverage_cold,220,110,5,2,14,1,Valentine's Day,spike,0,0.8698,0,378
2026-02-14,Iced Americano,beverage_cold,180,86,5,2,14,1,Valentine's Day,spike,0,0.8698,0,378
2026-02-14,Lassi,beverage_cold,120,67,5,2,14,1,Valentine's Day,spike,0,0.8698,0,378
2026-02-14,Fresh Lime Soda,beverage_cold,100,93,5,2,14,1,Valentine's Day,spike,0,0.8698,0,378
2026-02-14,Veg Momo,food_main,160,161,5,2,14,1,Valentine's Day,spike,0,0.8698,0,378
2026-02-14,Buff Momo,food_main,180,155,5,2,14,1,Valentine's Day,spike,0,0.8698,0,378
2026-02-14,Chicken Chowmein,food_main,190,124,5,2,14,1,Valentine's Day,spike,0,0.8698,0,378
2026-02-14,Veg Thukpa,food_main,170,55,5,2,14,1,Valentine's Day,spike,0,0.8698,0,378
2026-02-14,Club Sandwich,food_main,250,62,5,2,14,1,Valentine's Day,spike,0,0.8698,0,378
2026-02-14,Chicken Burger,food_main,280,61,5,2,14,1,Valentine's Day,spike,0,0.8698,0,378
2026-02-14,French Fries,food_snack,130,88,5,2,14,1,Valentine's Day,spike,0,0.8698,0,378
2026-02-14,Samosa,food_snack,40,77,5,2,14,1,Valentine's Day,spike,0,0.8698,0,378
2026-02-14,Chocolate Cake Slice,food_bakery,160,37,5,2,14,1,Valentine's Day,spike,0,0.8698,0,378
2026-02-14,Croissant,food_bakery,140,31,5,2,14,1,Valentine's Day,spike,0,0.8698,0,378
2026-02-15,Milk Tea (Dudh Chiya),beverage_hot,40,158,6,2,15,0,Maha Shivaratri,holiday,0,0.8611,0,379
2026-02-15,Masala Chiya,beverage_hot,50,113,6,2,15,0,Maha Shivaratri,holiday,0,0.8611,0,379
2026-02-15,Black Tea (Kalo Chiya),beverage_hot,30,53,6,2,15,0,Maha Shivaratri,holiday,0,0.8611,0,379
2026-02-15,Americano,beverage_hot,150,51,6,2,15,0,Maha Shivaratri,holiday,0,0.8611,0,379
2026-02-15,Cappuccino,beverage_hot,190,75,6,2,15,0,Maha Shivaratri,holiday,0,0.8611,0,379
2026-02-15,Cafe Latte,beverage_hot,200,47,6,2,15,0,Maha Shivaratri,holiday,0,0.8611,0,379
2026-02-15,Hot Chocolate,beverage_hot,180,24,6,2,15,0,Maha Shivaratri,holiday,0,0.8611,0,379
2026-02-15,Cold Coffee,beverage_cold,220,44,6,2,15,0,Maha Shivaratri,holiday,0,0.8611,0,379
2026-02-15,Iced Americano,beverage_cold,180,40,6,2,15,0,Maha Shivaratri,holiday,0,0.8611,0,379
2026-02-15,Lassi,beverage_cold,120,42,6,2,15,0,Maha Shivaratri,holiday,0,0.8611,0,379
2026-02-15,Fresh Lime Soda,beverage_cold,100,58,6,2,15,0,Maha Shivaratri,holiday,0,0.8611,0,379
2026-02-15,Veg Momo,food_main,160,71,6,2,15,0,Maha Shivaratri,holiday,0,0.8611,0,379
2026-02-15,Buff Momo,food_main,180,81,6,2,15,0,Maha Shivaratri,holiday,0,0.8611,0,379
2026-02-15,Chicken Chowmein,food_main,190,62,6,2,15,0,Maha Shivaratri,holiday,0,0.8611,0,379
2026-02-15,Veg Thukpa,food_main,170,26,6,2,15,0,Maha Shivaratri,holiday,0,0.8611,0,379
2026-02-15,Club Sandwich,food_main,250,30,6,2,15,0,Maha Shivaratri,holiday,0,0.8611,0,379
2026-02-15,Chicken Burger,food_main,280,28,6,2,15,0,Maha Shivaratri,holiday,0,0.8611,0,379
2026-02-15,French Fries,food_snack,130,43,6,2,15,0,Maha Shivaratri,holiday,0,0.8611,0,379
2026-02-15,Samosa,food_snack,40,56,6,2,15,0,Maha Shivaratri,holiday,0,0.8611,0,379
2026-02-15,Chocolate Cake Slice,food_bakery,160,22,6,2,15,0,Maha Shivaratri,holiday,0,0.8611,0,379
2026-02-15,Croissant,food_bakery,140,8,6,2,15,0,Maha Shivaratri,holiday,0,0.8611,0,379
2026-02-16,Milk Tea (Dudh Chiya),beverage_hot,40,165,0,2,16,0,none,none,0,0.8523,0,380
2026-02-16,Masala Chiya,beverage_hot,50,120,0,2,16,0,none,none,0,0.8523,0,380
2026-02-16,Black Tea (Kalo Chiya),beverage_hot,30,45,0,2,16,0,none,none,0,0.8523,0,380
2026-02-16,Americano,beverage_hot,150,62,0,2,16,0,none,none,0,0.8523,0,380
2026-02-16,Cappuccino,beverage_hot,190,56,0,2,16,0,none,none,0,0.8523,0,380
2026-02-16,Cafe Latte,beverage_hot,200,57,0,2,16,0,none,none,0,0.8523,0,380
2026-02-16,Hot Chocolate,beverage_hot,180,38,0,2,16,0,none,none,0,0.8523,0,380
2026-02-16,Cold Coffee,beverage_cold,220,44,0,2,16,0,none,none,0,0.8523,0,380
2026-02-16,Iced Americano,beverage_cold,180,44,0,2,16,0,none,none,0,0.8523,0,380
2026-02-16,Lassi,beverage_cold,120,34,0,2,16,0,none,none,0,0.8523,0,380
2026-02-16,Fresh Lime Soda,beverage_cold,100,41,0,2,16,0,none,none,0,0.8523,0,380
2026-02-16,Veg Momo,food_main,160,93,0,2,16,0,none,none,0,0.8523,0,380
2026-02-16,Buff Momo,food_main,180,71,0,2,16,0,none,none,0,0.8523,0,380
2026-02-16,Chicken Chowmein,food_main,190,45,0,2,16,0,none,none,0,0.8523,0,380
2026-02-16,Veg Thukpa,food_main,170,34,0,2,16,0,none,none,0,0.8523,0,380
2026-02-16,Club Sandwich,food_main,250,28,0,2,16,0,none,none,0,0.8523,0,380
2026-02-16,Chicken Burger,food_main,280,29,0,2,16,0,none,none,0,0.8523,0,380
2026-02-16,French Fries,food_snack,130,56,0,2,16,0,none,none,0,0.8523,0,380
2026-02-16,Samosa,food_snack,40,51,0,2,16,0,none,none,0,0.8523,0,380
2026-02-16,Chocolate Cake Slice,food_bakery,160,13,0,2,16,0,none,none,0,0.8523,0,380
2026-02-16,Croissant,food_bakery,140,18,0,2,16,0,none,none,0,0.8523,0,380
2026-02-17,Milk Tea (Dudh Chiya),beverage_hot,40,170,1,2,17,0,none,none,0,0.8432,0,381
2026-02-17,Masala Chiya,beverage_hot,50,101,1,2,17,0,none,none,0,0.8432,0,381
2026-02-17,Black Tea (Kalo Chiya),beverage_hot,30,31,1,2,17,0,none,none,0,0.8432,0,381
2026-02-17,Americano,beverage_hot,150,54,1,2,17,0,none,none,0,0.8432,0,381
2026-02-17,Cappuccino,beverage_hot,190,53,1,2,17,0,none,none,0,0.8432,0,381
2026-02-17,Cafe Latte,beverage_hot,200,43,1,2,17,0,none,none,0,0.8432,0,381
2026-02-17,Hot Chocolate,beverage_hot,180,28,1,2,17,0,none,none,0,0.8432,0,381
2026-02-17,Cold Coffee,beverage_cold,220,62,1,2,17,0,none,none,0,0.8432,0,381
2026-02-17,Iced Americano,beverage_cold,180,48,1,2,17,0,none,none,0,0.8432,0,381
2026-02-17,Lassi,beverage_cold,120,38,1,2,17,0,none,none,0,0.8432,0,381
2026-02-17,Fresh Lime Soda,beverage_cold,100,42,1,2,17,0,none,none,0,0.8432,0,381
2026-02-17,Veg Momo,food_main,160,56,1,2,17,0,none,none,0,0.8432,0,381
2026-02-17,Buff Momo,food_main,180,74,1,2,17,0,none,none,0,0.8432,0,381
2026-02-17,Chicken Chowmein,food_main,190,35,1,2,17,0,none,none,0,0.8432,0,381
2026-02-17,Veg Thukpa,food_main,170,25,1,2,17,0,none,none,0,0.8432,0,381
2026-02-17,Club Sandwich,food_main,250,31,1,2,17,0,none,none,0,0.8432,0,381
2026-02-17,Chicken Burger,food_main,280,32,1,2,17,0,none,none,0,0.8432,0,381
2026-02-17,French Fries,food_snack,130,47,1,2,17,0,none,none,0,0.8432,0,381
2026-02-17,Samosa,food_snack,40,31,1,2,17,0,none,none,0,0.8432,0,381
2026-02-17,Chocolate Cake Slice,food_bakery,160,23,1,2,17,0,none,none,0,0.8432,0,381
2026-02-17,Croissant,food_bakery,140,17,1,2,17,0,none,none,0,0.8432,0,381
2026-02-18,Milk Tea (Dudh Chiya),beverage_hot,40,166,2,2,18,0,Losar,holiday,0,0.8338,0,382
2026-02-18,Masala Chiya,beverage_hot,50,100,2,2,18,0,Losar,holiday,0,0.8338,0,382
2026-02-18,Black Tea (Kalo Chiya),beverage_hot,30,56,2,2,18,0,Losar,holiday,0,0.8338,0,382
2026-02-18,Americano,beverage_hot,150,57,2,2,18,0,Losar,holiday,0,0.8338,0,382
2026-02-18,Cappuccino,beverage_hot,190,74,2,2,18,0,Losar,holiday,0,0.8338,0,382
2026-02-18,Cafe Latte,beverage_hot,200,72,2,2,18,0,Losar,holiday,0,0.8338,0,382
2026-02-18,Hot Chocolate,beverage_hot,180,38,2,2,18,0,Losar,holiday,0,0.8338,0,382
2026-02-18,Cold Coffee,beverage_cold,220,63,2,2,18,0,Losar,holiday,0,0.8338,0,382
2026-02-18,Iced Americano,beverage_cold,180,28,2,2,18,0,Losar,holiday,0,0.8338,0,382
2026-02-18,Lassi,beverage_cold,120,42,2,2,18,0,Losar,holiday,0,0.8338,0,382
2026-02-18,Fresh Lime Soda,beverage_cold,100,53,2,2,18,0,Losar,holiday,0,0.8338,0,382
2026-02-18,Veg Momo,food_main,160,79,2,2,18,0,Losar,holiday,0,0.8338,0,382
2026-02-18,Buff Momo,food_main,180,91,2,2,18,0,Losar,holiday,0,0.8338,0,382
2026-02-18,Chicken Chowmein,food_main,190,58,2,2,18,0,Losar,holiday,0,0.8338,0,382
2026-02-18,Veg Thukpa,food_main,170,33,2,2,18,0,Losar,holiday,0,0.8338,0,382
2026-02-18,Club Sandwich,food_main,250,45,2,2,18,0,Losar,holiday,0,0.8338,0,382
2026-02-18,Chicken Burger,food_main,280,34,2,2,18,0,Losar,holiday,0,0.8338,0,382
2026-02-18,French Fries,food_snack,130,50,2,2,18,0,Losar,holiday,0,0.8338,0,382
2026-02-18,Samosa,food_snack,40,51,2,2,18,0,Losar,holiday,0,0.8338,0,382
2026-02-18,Chocolate Cake Slice,food_bakery,160,26,2,2,18,0,Losar,holiday,0,0.8338,0,382
2026-02-18,Croissant,food_bakery,140,12,2,2,18,0,Losar,holiday,0,0.8338,0,382
2026-02-19,Milk Tea (Dudh Chiya),beverage_hot,40,152,3,2,19,0,none,none,0,0.8242,0,383
2026-02-19,Masala Chiya,beverage_hot,50,99,3,2,19,0,none,none,0,0.8242,0,383
2026-02-19,Black Tea (Kalo Chiya),beverage_hot,30,33,3,2,19,0,none,none,0,0.8242,0,383
2026-02-19,Americano,beverage_hot,150,43,3,2,19,0,none,none,0,0.8242,0,383
2026-02-19,Cappuccino,beverage_hot,190,51,3,2,19,0,none,none,0,0.8242,0,383
2026-02-19,Cafe Latte,beverage_hot,200,47,3,2,19,0,none,none,0,0.8242,0,383
2026-02-19,Hot Chocolate,beverage_hot,180,26,3,2,19,0,none,none,0,0.8242,0,383
2026-02-19,Cold Coffee,beverage_cold,220,47,3,2,19,0,none,none,0,0.8242,0,383
2026-02-19,Iced Americano,beverage_cold,180,41,3,2,19,0,none,none,0,0.8242,0,383
2026-02-19,Lassi,beverage_cold,120,47,3,2,19,0,none,none,0,0.8242,0,383
2026-02-19,Fresh Lime Soda,beverage_cold,100,48,3,2,19,0,none,none,0,0.8242,0,383
2026-02-19,Veg Momo,food_main,160,65,3,2,19,0,none,none,0,0.8242,0,383
2026-02-19,Buff Momo,food_main,180,83,3,2,19,0,none,none,0,0.8242,0,383
2026-02-19,Chicken Chowmein,food_main,190,53,3,2,19,0,none,none,0,0.8242,0,383
2026-02-19,Veg Thukpa,food_main,170,26,3,2,19,0,none,none,0,0.8242,0,383
2026-02-19,Club Sandwich,food_main,250,34,3,2,19,0,none,none,0,0.8242,0,383
2026-02-19,Chicken Burger,food_main,280,20,3,2,19,0,none,none,0,0.8242,0,383
2026-02-19,French Fries,food_snack,130,39,3,2,19,0,none,none,0,0.8242,0,383
2026-02-19,Samosa,food_snack,40,47,3,2,19,0,none,none,0,0.8242,0,383
2026-02-19,Chocolate Cake Slice,food_bakery,160,29,3,2,19,0,none,none,0,0.8242,0,383
2026-02-19,Croissant,food_bakery,140,14,3,2,19,0,none,none,0,0.8242,0,383
2026-02-20,Milk Tea (Dudh Chiya),beverage_hot,40,205,4,2,20,0,none,none,0,0.8143,0,384
2026-02-20,Masala Chiya,beverage_hot,50,152,4,2,20,0,none,none,0,0.8143,0,384
2026-02-20,Black Tea (Kalo Chiya),beverage_hot,30,62,4,2,20,0,none,none,0,0.8143,0,384
2026-02-20,Americano,beverage_hot,150,66,4,2,20,0,none,none,0,0.8143,0,384
2026-02-20,Cappuccino,beverage_hot,190,90,4,2,20,0,none,none,0,0.8143,0,384
2026-02-20,Cafe Latte,beverage_hot,200,70,4,2,20,0,none,none,0,0.8143,0,384
2026-02-20,Hot Chocolate,beverage_hot,180,43,4,2,20,0,none,none,0,0.8143,0,384
2026-02-20,Cold Coffee,beverage_cold,220,52,4,2,20,0,none,none,0,0.8143,0,384
2026-02-20,Iced Americano,beverage_cold,180,49,4,2,20,0,none,none,0,0.8143,0,384
2026-02-20,Lassi,beverage_cold,120,60,4,2,20,0,none,none,0,0.8143,0,384
2026-02-20,Fresh Lime Soda,beverage_cold,100,54,4,2,20,0,none,none,0,0.8143,0,384
2026-02-20,Veg Momo,food_main,160,76,4,2,20,0,none,none,0,0.8143,0,384
2026-02-20,Buff Momo,food_main,180,106,4,2,20,0,none,none,0,0.8143,0,384
2026-02-20,Chicken Chowmein,food_main,190,70,4,2,20,0,none,none,0,0.8143,0,384
2026-02-20,Veg Thukpa,food_main,170,39,4,2,20,0,none,none,0,0.8143,0,384
2026-02-20,Club Sandwich,food_main,250,61,4,2,20,0,none,none,0,0.8143,0,384
2026-02-20,Chicken Burger,food_main,280,34,4,2,20,0,none,none,0,0.8143,0,384
2026-02-20,French Fries,food_snack,130,54,4,2,20,0,none,none,0,0.8143,0,384
2026-02-20,Samosa,food_snack,40,67,4,2,20,0,none,none,0,0.8143,0,384
2026-02-20,Chocolate Cake Slice,food_bakery,160,26,4,2,20,0,none,none,0,0.8143,0,384
2026-02-20,Croissant,food_bakery,140,22,4,2,20,0,none,none,0,0.8143,0,384
2026-02-21,Milk Tea (Dudh Chiya),beverage_hot,40,213,5,2,21,1,none,none,0,0.8042,0,385
2026-02-21,Masala Chiya,beverage_hot,50,168,5,2,21,1,none,none,0,0.8042,0,385
2026-02-21,Black Tea (Kalo Chiya),beverage_hot,30,67,5,2,21,1,none,none,0,0.8042,0,385
2026-02-21,Americano,beverage_hot,150,80,5,2,21,1,none,none,0,0.8042,0,385
2026-02-21,Cappuccino,beverage_hot,190,88,5,2,21,1,none,none,0,0.8042,0,385
2026-02-21,Cafe Latte,beverage_hot,200,74,5,2,21,1,none,none,0,0.8042,0,385
2026-02-21,Hot Chocolate,beverage_hot,180,34,5,2,21,1,none,none,0,0.8042,0,385
2026-02-21,Cold Coffee,beverage_cold,220,67,5,2,21,1,none,none,0,0.8042,0,385
2026-02-21,Iced Americano,beverage_cold,180,49,5,2,21,1,none,none,0,0.8042,0,385
2026-02-21,Lassi,beverage_cold,120,56,5,2,21,1,none,none,0,0.8042,0,385
2026-02-21,Fresh Lime Soda,beverage_cold,100,71,5,2,21,1,none,none,0,0.8042,0,385
2026-02-21,Veg Momo,food_main,160,87,5,2,21,1,none,none,0,0.8042,0,385
2026-02-21,Buff Momo,food_main,180,123,5,2,21,1,none,none,0,0.8042,0,385
2026-02-21,Chicken Chowmein,food_main,190,68,5,2,21,1,none,none,0,0.8042,0,385
2026-02-21,Veg Thukpa,food_main,170,49,5,2,21,1,none,none,0,0.8042,0,385
2026-02-21,Club Sandwich,food_main,250,41,5,2,21,1,none,none,0,0.8042,0,385
2026-02-21,Chicken Burger,food_main,280,45,5,2,21,1,none,none,0,0.8042,0,385
2026-02-21,French Fries,food_snack,130,67,5,2,21,1,none,none,0,0.8042,0,385
2026-02-21,Samosa,food_snack,40,54,5,2,21,1,none,none,0,0.8042,0,385
2026-02-21,Chocolate Cake Slice,food_bakery,160,20,5,2,21,1,none,none,0,0.8042,0,385
2026-02-21,Croissant,food_bakery,140,33,5,2,21,1,none,none,0,0.8042,0,385
2026-02-22,Milk Tea (Dudh Chiya),beverage_hot,40,149,6,2,22,0,none,none,0,0.7938,0,386
2026-02-22,Masala Chiya,beverage_hot,50,86,6,2,22,0,none,none,0,0.7938,0,386
2026-02-22,Black Tea (Kalo Chiya),beverage_hot,30,51,6,2,22,0,none,none,0,0.7938,0,386
2026-02-22,Americano,beverage_hot,150,42,6,2,22,0,none,none,0,0.7938,0,386
2026-02-22,Cappuccino,beverage_hot,190,54,6,2,22,0,none,none,0,0.7938,0,386
2026-02-22,Cafe Latte,beverage_hot,200,59,6,2,22,0,none,none,0,0.7938,0,386
2026-02-22,Hot Chocolate,beverage_hot,180,31,6,2,22,0,none,none,0,0.7938,0,386
2026-02-22,Cold Coffee,beverage_cold,220,43,6,2,22,0,none,none,0,0.7938,0,386
2026-02-22,Iced Americano,beverage_cold,180,30,6,2,22,0,none,none,0,0.7938,0,386
2026-02-22,Lassi,beverage_cold,120,39,6,2,22,0,none,none,0,0.7938,0,386
2026-02-22,Fresh Lime Soda,beverage_cold,100,45,6,2,22,0,none,none,0,0.7938,0,386
2026-02-22,Veg Momo,food_main,160,71,6,2,22,0,none,none,0,0.7938,0,386
2026-02-22,Buff Momo,food_main,180,79,6,2,22,0,none,none,0,0.7938,0,386
2026-02-22,Chicken Chowmein,food_main,190,49,6,2,22,0,none,none,0,0.7938,0,386
2026-02-22,Veg Thukpa,food_main,170,22,6,2,22,0,none,none,0,0.7938,0,386
2026-02-22,Club Sandwich,food_main,250,32,6,2,22,0,none,none,0,0.7938,0,386
2026-02-22,Chicken Burger,food_main,280,22,6,2,22,0,none,none,0,0.7938,0,386
2026-02-22,French Fries,food_snack,130,34,6,2,22,0,none,none,0,0.7938,0,386
2026-02-22,Samosa,food_snack,40,33,6,2,22,0,none,none,0,0.7938,0,386
2026-02-22,Chocolate Cake Slice,food_bakery,160,14,6,2,22,0,none,none,0,0.7938,0,386
2026-02-22,Croissant,food_bakery,140,16,6,2,22,0,none,none,0,0.7938,0,386
2026-02-23,Milk Tea (Dudh Chiya),beverage_hot,40,186,0,2,23,0,none,none,0,0.7833,0,387
2026-02-23,Masala Chiya,beverage_hot,50,101,0,2,23,0,none,none,0,0.7833,0,387
2026-02-23,Black Tea (Kalo Chiya),beverage_hot,30,47,0,2,23,0,none,none,0,0.7833,0,387
2026-02-23,Americano,beverage_hot,150,58,0,2,23,0,none,none,0,0.7833,0,387
2026-02-23,Cappuccino,beverage_hot,190,66,0,2,23,0,none,none,0,0.7833,0,387
2026-02-23,Cafe Latte,beverage_hot,200,64,0,2,23,0,none,none,0,0.7833,0,387
2026-02-23,Hot Chocolate,beverage_hot,180,31,0,2,23,0,none,none,0,0.7833,0,387
2026-02-23,Cold Coffee,beverage_cold,220,45,0,2,23,0,none,none,0,0.7833,0,387
2026-02-23,Iced Americano,beverage_cold,180,50,0,2,23,0,none,none,0,0.7833,0,387
2026-02-23,Lassi,beverage_cold,120,47,0,2,23,0,none,none,0,0.7833,0,387
2026-02-23,Fresh Lime Soda,beverage_cold,100,42,0,2,23,0,none,none,0,0.7833,0,387
2026-02-23,Veg Momo,food_main,160,74,0,2,23,0,none,none,0,0.7833,0,387
2026-02-23,Buff Momo,food_main,180,92,0,2,23,0,none,none,0,0.7833,0,387
2026-02-23,Chicken Chowmein,food_main,190,45,0,2,23,0,none,none,0,0.7833,0,387
2026-02-23,Veg Thukpa,food_main,170,32,0,2,23,0,none,none,0,0.7833,0,387
2026-02-23,Club Sandwich,food_main,250,42,0,2,23,0,none,none,0,0.7833,0,387
2026-02-23,Chicken Burger,food_main,280,29,0,2,23,0,none,none,0,0.7833,0,387
2026-02-23,French Fries,food_snack,130,50,0,2,23,0,none,none,0,0.7833,0,387
2026-02-23,Samosa,food_snack,40,48,0,2,23,0,none,none,0,0.7833,0,387
2026-02-23,Chocolate Cake Slice,food_bakery,160,13,0,2,23,0,none,none,0,0.7833,0,387
2026-02-23,Croissant,food_bakery,140,5,0,2,23,0,none,none,0,0.7833,0,387
2026-02-24,Milk Tea (Dudh Chiya),beverage_hot,40,156,1,2,24,0,none,none,0,0.7725,0,388
2026-02-24,Masala Chiya,beverage_hot,50,113,1,2,24,0,none,none,0,0.7725,0,388
2026-02-24,Black Tea (Kalo Chiya),beverage_hot,30,50,1,2,24,0,none,none,0,0.7725,0,388
2026-02-24,Americano,beverage_hot,150,57,1,2,24,0,none,none,0,0.7725,0,388
2026-02-24,Cappuccino,beverage_hot,190,62,1,2,24,0,none,none,0,0.7725,0,388
2026-02-24,Cafe Latte,beverage_hot,200,57,1,2,24,0,none,none,0,0.7725,0,388
2026-02-24,Hot Chocolate,beverage_hot,180,23,1,2,24,0,none,none,0,0.7725,0,388
2026-02-24,Cold Coffee,beverage_cold,220,44,1,2,24,0,none,none,0,0.7725,0,388
2026-02-24,Iced Americano,beverage_cold,180,41,1,2,24,0,none,none,0,0.7725,0,388
2026-02-24,Lassi,beverage_cold,120,35,1,2,24,0,none,none,0,0.7725,0,388
2026-02-24,Fresh Lime Soda,beverage_cold,100,58,1,2,24,0,none,none,0,0.7725,0,388
2026-02-24,Veg Momo,food_main,160,73,1,2,24,0,none,none,0,0.7725,0,388
2026-02-24,Buff Momo,food_main,180,80,1,2,24,0,none,none,0,0.7725,0,388
2026-02-24,Chicken Chowmein,food_main,190,50,1,2,24,0,none,none,0,0.7725,0,388
2026-02-24,Veg Thukpa,food_main,170,26,1,2,24,0,none,none,0,0.7725,0,388
2026-02-24,Club Sandwich,food_main,250,38,1,2,24,0,none,none,0,0.7725,0,388
2026-02-24,Chicken Burger,food_main,280,20,1,2,24,0,none,none,0,0.7725,0,388
2026-02-24,French Fries,food_snack,130,54,1,2,24,0,none,none,0,0.7725,0,388
2026-02-24,Samosa,food_snack,40,29,1,2,24,0,none,none,0,0.7725,0,388
2026-02-24,Chocolate Cake Slice,food_bakery,160,17,1,2,24,0,none,none,0,0.7725,0,388
2026-02-24,Croissant,food_bakery,140,15,1,2,24,0,none,none,0,0.7725,0,388
2026-02-25,Milk Tea (Dudh Chiya),beverage_hot,40,174,2,2,25,0,none,none,0,0.7614,0,389
2026-02-25,Masala Chiya,beverage_hot,50,115,2,2,25,0,none,none,0,0.7614,0,389
2026-02-25,Black Tea (Kalo Chiya),beverage_hot,30,46,2,2,25,0,none,none,0,0.7614,0,389
2026-02-25,Americano,beverage_hot,150,50,2,2,25,0,none,none,0,0.7614,0,389
2026-02-25,Cappuccino,beverage_hot,190,49,2,2,25,0,none,none,0,0.7614,0,389
2026-02-25,Cafe Latte,beverage_hot,200,60,2,2,25,0,none,none,0,0.7614,0,389
2026-02-25,Hot Chocolate,beverage_hot,180,35,2,2,25,0,none,none,0,0.7614,0,389
2026-02-25,Cold Coffee,beverage_cold,220,65,2,2,25,0,none,none,0,0.7614,0,389
2026-02-25,Iced Americano,beverage_cold,180,35,2,2,25,0,none,none,0,0.7614,0,389
2026-02-25,Lassi,beverage_cold,120,41,2,2,25,0,none,none,0,0.7614,0,389
2026-02-25,Fresh Lime Soda,beverage_cold,100,50,2,2,25,0,none,none,0,0.7614,0,389
2026-02-25,Veg Momo,food_main,160,83,2,2,25,0,none,none,0,0.7614,0,389
2026-02-25,Buff Momo,food_main,180,84,2,2,25,0,none,none,0,0.7614,0,389
2026-02-25,Chicken Chowmein,food_main,190,55,2,2,25,0,none,none,0,0.7614,0,389
2026-02-25,Veg Thukpa,food_main,170,25,2,2,25,0,none,none,0,0.7614,0,389
2026-02-25,Club Sandwich,food_main,250,29,2,2,25,0,none,none,0,0.7614,0,389
2026-02-25,Chicken Burger,food_main,280,27,2,2,25,0,none,none,0,0.7614,0,389
2026-02-25,French Fries,food_snack,130,60,2,2,25,0,none,none,0,0.7614,0,389
2026-02-25,Samosa,food_snack,40,48,2,2,25,0,none,none,0,0.7614,0,389
2026-02-25,Chocolate Cake Slice,food_bakery,160,26,2,2,25,0,none,none,0,0.7614,0,389
2026-02-25,Croissant,food_bakery,140,10,2,2,25,0,none,none,0,0.7614,0,389
2026-02-26,Milk Tea (Dudh Chiya),beverage_hot,40,181,3,2,26,0,none,none,0,0.7502,0,390
2026-02-26,Masala Chiya,beverage_hot,50,100,3,2,26,0,none,none,0,0.7502,0,390
2026-02-26,Black Tea (Kalo Chiya),beverage_hot,30,43,3,2,26,0,none,none,0,0.7502,0,390
2026-02-26,Americano,beverage_hot,150,60,3,2,26,0,none,none,0,0.7502,0,390
2026-02-26,Cappuccino,beverage_hot,190,57,3,2,26,0,none,none,0,0.7502,0,390
2026-02-26,Cafe Latte,beverage_hot,200,53,3,2,26,0,none,none,0,0.7502,0,390
2026-02-26,Hot Chocolate,beverage_hot,180,29,3,2,26,0,none,none,0,0.7502,0,390
2026-02-26,Cold Coffee,beverage_cold,220,51,3,2,26,0,none,none,0,0.7502,0,390
2026-02-26,Iced Americano,beverage_cold,180,42,3,2,26,0,none,none,0,0.7502,0,390
2026-02-26,Lassi,beverage_cold,120,41,3,2,26,0,none,none,0,0.7502,0,390
2026-02-26,Fresh Lime Soda,beverage_cold,100,43,3,2,26,0,none,none,0,0.7502,0,390
2026-02-26,Veg Momo,food_main,160,78,3,2,26,0,none,none,0,0.7502,0,390
2026-02-26,Buff Momo,food_main,180,83,3,2,26,0,none,none,0,0.7502,0,390
2026-02-26,Chicken Chowmein,food_main,190,60,3,2,26,0,none,none,0,0.7502,0,390
2026-02-26,Veg Thukpa,food_main,170,37,3,2,26,0,none,none,0,0.7502,0,390
2026-02-26,Club Sandwich,food_main,250,33,3,2,26,0,none,none,0,0.7502,0,390
2026-02-26,Chicken Burger,food_main,280,24,3,2,26,0,none,none,0,0.7502,0,390
2026-02-26,French Fries,food_snack,130,59,3,2,26,0,none,none,0,0.7502,0,390
2026-02-26,Samosa,food_snack,40,38,3,2,26,0,none,none,0,0.7502,0,390
2026-02-26,Chocolate Cake Slice,food_bakery,160,18,3,2,26,0,none,none,0,0.7502,0,390
2026-02-26,Croissant,food_bakery,140,11,3,2,26,0,none,none,0,0.7502,0,390
2026-02-27,Milk Tea (Dudh Chiya),beverage_hot,40,173,4,2,27,0,none,none,0,0.7387,0,391
2026-02-27,Masala Chiya,beverage_hot,50,118,4,2,27,0,none,none,0,0.7387,0,391
2026-02-27,Black Tea (Kalo Chiya),beverage_hot,30,64,4,2,27,0,none,none,0,0.7387,0,391
2026-02-27,Americano,beverage_hot,150,51,4,2,27,0,none,none,0,0.7387,0,391
2026-02-27,Cappuccino,beverage_hot,190,75,4,2,27,0,none,none,0,0.7387,0,391
2026-02-27,Cafe Latte,beverage_hot,200,66,4,2,27,0,none,none,0,0.7387,0,391
2026-02-27,Hot Chocolate,beverage_hot,180,43,4,2,27,0,none,none,0,0.7387,0,391
2026-02-27,Cold Coffee,beverage_cold,220,59,4,2,27,0,none,none,0,0.7387,0,391
2026-02-27,Iced Americano,beverage_cold,180,38,4,2,27,0,none,none,0,0.7387,0,391
2026-02-27,Lassi,beverage_cold,120,69,4,2,27,0,none,none,0,0.7387,0,391
2026-02-27,Fresh Lime Soda,beverage_cold,100,45,4,2,27,0,none,none,0,0.7387,0,391
2026-02-27,Veg Momo,food_main,160,67,4,2,27,0,none,none,0,0.7387,0,391
2026-02-27,Buff Momo,food_main,180,79,4,2,27,0,none,none,0,0.7387,0,391
2026-02-27,Chicken Chowmein,food_main,190,52,4,2,27,0,none,none,0,0.7387,0,391
2026-02-27,Veg Thukpa,food_main,170,43,4,2,27,0,none,none,0,0.7387,0,391
2026-02-27,Club Sandwich,food_main,250,45,4,2,27,0,none,none,0,0.7387,0,391
2026-02-27,Chicken Burger,food_main,280,30,4,2,27,0,none,none,0,0.7387,0,391
2026-02-27,French Fries,food_snack,130,56,4,2,27,0,none,none,0,0.7387,0,391
2026-02-27,Samosa,food_snack,40,39,4,2,27,0,none,none,0,0.7387,0,391
2026-02-27,Chocolate Cake Slice,food_bakery,160,24,4,2,27,0,none,none,0,0.7387,0,391
2026-02-27,Croissant,food_bakery,140,15,4,2,27,0,none,none,0,0.7387,0,391
2026-02-28,Milk Tea (Dudh Chiya),beverage_hot,40,224,5,2,28,1,none,none,0,0.727,0,392
2026-02-28,Masala Chiya,beverage_hot,50,138,5,2,28,1,none,none,0,0.727,0,392
2026-02-28,Black Tea (Kalo Chiya),beverage_hot,30,56,5,2,28,1,none,none,0,0.727,0,392
2026-02-28,Americano,beverage_hot,150,73,5,2,28,1,none,none,0,0.727,0,392
2026-02-28,Cappuccino,beverage_hot,190,81,5,2,28,1,none,none,0,0.727,0,392
2026-02-28,Cafe Latte,beverage_hot,200,79,5,2,28,1,none,none,0,0.727,0,392
2026-02-28,Hot Chocolate,beverage_hot,180,42,5,2,28,1,none,none,0,0.727,0,392
2026-02-28,Cold Coffee,beverage_cold,220,71,5,2,28,1,none,none,0,0.727,0,392
2026-02-28,Iced Americano,beverage_cold,180,54,5,2,28,1,none,none,0,0.727,0,392
2026-02-28,Lassi,beverage_cold,120,74,5,2,28,1,none,none,0,0.727,0,392
2026-02-28,Fresh Lime Soda,beverage_cold,100,60,5,2,28,1,none,none,0,0.727,0,392
2026-02-28,Veg Momo,food_main,160,86,5,2,28,1,none,none,0,0.727,0,392
2026-02-28,Buff Momo,food_main,180,98,5,2,28,1,none,none,0,0.727,0,392
2026-02-28,Chicken Chowmein,food_main,190,76,5,2,28,1,none,none,0,0.727,0,392
2026-02-28,Veg Thukpa,food_main,170,38,5,2,28,1,none,none,0,0.727,0,392
2026-02-28,Club Sandwich,food_main,250,43,5,2,28,1,none,none,0,0.727,0,392
2026-02-28,Chicken Burger,food_main,280,47,5,2,28,1,none,none,0,0.727,0,392
2026-02-28,French Fries,food_snack,130,55,5,2,28,1,none,none,0,0.727,0,392
2026-02-28,Samosa,food_snack,40,45,5,2,28,1,none,none,0,0.727,0,392
2026-02-28,Chocolate Cake Slice,food_bakery,160,40,5,2,28,1,none,none,0,0.727,0,392
2026-02-28,Croissant,food_bakery,140,17,5,2,28,1,none,none,0,0.727,0,392
2026-03-01,Milk Tea (Dudh Chiya),beverage_hot,40,184,6,3,1,0,none,none,0,0.715,0,393
2026-03-01,Masala Chiya,beverage_hot,50,100,6,3,1,0,none,none,0,0.715,0,393
2026-03-01,Black Tea (Kalo Chiya),beverage_hot,30,39,6,3,1,0,none,none,0,0.715,0,393
2026-03-01,Americano,beverage_hot,150,45,6,3,1,0,none,none,0,0.715,0,393
2026-03-01,Cappuccino,beverage_hot,190,62,6,3,1,0,none,none,0,0.715,0,393
2026-03-01,Cafe Latte,beverage_hot,200,51,6,3,1,0,none,none,0,0.715,0,393
2026-03-01,Hot Chocolate,beverage_hot,180,34,6,3,1,0,none,none,0,0.715,0,393
2026-03-01,Cold Coffee,beverage_cold,220,45,6,3,1,0,none,none,0,0.715,0,393
2026-03-01,Iced Americano,beverage_cold,180,36,6,3,1,0,none,none,0,0.715,0,393
2026-03-01,Lassi,beverage_cold,120,36,6,3,1,0,none,none,0,0.715,0,393
2026-03-01,Fresh Lime Soda,beverage_cold,100,45,6,3,1,0,none,none,0,0.715,0,393
2026-03-01,Veg Momo,food_main,160,78,6,3,1,0,none,none,0,0.715,0,393
2026-03-01,Buff Momo,food_main,180,83,6,3,1,0,none,none,0,0.715,0,393
2026-03-01,Chicken Chowmein,food_main,190,53,6,3,1,0,none,none,0,0.715,0,393
2026-03-01,Veg Thukpa,food_main,170,41,6,3,1,0,none,none,0,0.715,0,393
2026-03-01,Club Sandwich,food_main,250,25,6,3,1,0,none,none,0,0.715,0,393
2026-03-01,Chicken Burger,food_main,280,38,6,3,1,0,none,none,0,0.715,0,393
2026-03-01,French Fries,food_snack,130,46,6,3,1,0,none,none,0,0.715,0,393
2026-03-01,Samosa,food_snack,40,30,6,3,1,0,none,none,0,0.715,0,393
2026-03-01,Chocolate Cake Slice,food_bakery,160,21,6,3,1,0,none,none,0,0.715,0,393
2026-03-01,Croissant,food_bakery,140,10,6,3,1,0,none,none,0,0.715,0,393
2026-03-02,Milk Tea (Dudh Chiya),beverage_hot,40,199,0,3,2,0,none,none,0,0.7029,0,394
2026-03-02,Masala Chiya,beverage_hot,50,130,0,3,2,0,none,none,0,0.7029,0,394
2026-03-02,Black Tea (Kalo Chiya),beverage_hot,30,66,0,3,2,0,none,none,0,0.7029,0,394
2026-03-02,Americano,beverage_hot,150,62,0,3,2,0,none,none,0,0.7029,0,394
2026-03-02,Cappuccino,beverage_hot,190,75,0,3,2,0,none,none,0,0.7029,0,394
2026-03-02,Cafe Latte,beverage_hot,200,56,0,3,2,0,none,none,0,0.7029,0,394
2026-03-02,Hot Chocolate,beverage_hot,180,46,0,3,2,0,none,none,0,0.7029,0,394
2026-03-02,Cold Coffee,beverage_cold,220,62,0,3,2,0,none,none,0,0.7029,0,394
2026-03-02,Iced Americano,beverage_cold,180,44,0,3,2,0,none,none,0,0.7029,0,394
2026-03-02,Lassi,beverage_cold,120,51,0,3,2,0,none,none,0,0.7029,0,394
2026-03-02,Fresh Lime Soda,beverage_cold,100,48,0,3,2,0,none,none,0,0.7029,0,394
2026-03-02,Veg Momo,food_main,160,81,0,3,2,0,none,none,0,0.7029,0,394
2026-03-02,Buff Momo,food_main,180,91,0,3,2,0,none,none,0,0.7029,0,394
2026-03-02,Chicken Chowmein,food_main,190,47,0,3,2,0,none,none,0,0.7029,0,394
2026-03-02,Veg Thukpa,food_main,170,46,0,3,2,0,none,none,0,0.7029,0,394
2026-03-02,Club Sandwich,food_main,250,40,0,3,2,0,none,none,0,0.7029,0,394
2026-03-02,Chicken Burger,food_main,280,40,0,3,2,0,none,none,0,0.7029,0,394
2026-03-02,French Fries,food_snack,130,47,0,3,2,0,none,none,0,0.7029,0,394
2026-03-02,Samosa,food_snack,40,50,0,3,2,0,none,none,0,0.7029,0,394
2026-03-02,Chocolate Cake Slice,food_bakery,160,27,0,3,2,0,none,none,0,0.7029,0,394
2026-03-02,Croissant,food_bakery,140,14,0,3,2,0,none,none,0,0.7029,0,394
2026-03-03,Milk Tea (Dudh Chiya),beverage_hot,40,210,1,3,3,0,Holi,spike,0,0.6906,0,395
2026-03-03,Masala Chiya,beverage_hot,50,143,1,3,3,0,Holi,spike,0,0.6906,0,395
2026-03-03,Black Tea (Kalo Chiya),beverage_hot,30,68,1,3,3,0,Holi,spike,0,0.6906,0,395
2026-03-03,Americano,beverage_hot,150,72,1,3,3,0,Holi,spike,0,0.6906,0,395
2026-03-03,Cappuccino,beverage_hot,190,78,1,3,3,0,Holi,spike,0,0.6906,0,395
2026-03-03,Cafe Latte,beverage_hot,200,78,1,3,3,0,Holi,spike,0,0.6906,0,395
2026-03-03,Hot Chocolate,beverage_hot,180,36,1,3,3,0,Holi,spike,0,0.6906,0,395
2026-03-03,Cold Coffee,beverage_cold,220,76,1,3,3,0,Holi,spike,0,0.6906,0,395
2026-03-03,Iced Americano,beverage_cold,180,61,1,3,3,0,Holi,spike,0,0.6906,0,395
2026-03-03,Lassi,beverage_cold,120,38,1,3,3,0,Holi,spike,0,0.6906,0,395
2026-03-03,Fresh Lime Soda,beverage_cold,100,55,1,3,3,0,Holi,spike,0,0.6906,0,395
2026-03-03,Veg Momo,food_main,160,111,1,3,3,0,Holi,spike,0,0.6906,0,395
2026-03-03,Buff Momo,food_main,180,110,1,3,3,0,Holi,spike,0,0.6906,0,395
2026-03-03,Chicken Chowmein,food_main,190,73,1,3,3,0,Holi,spike,0,0.6906,0,395
2026-03-03,Veg Thukpa,food_main,170,46,1,3,3,0,Holi,spike,0,0.6906,0,395
2026-03-03,Club Sandwich,food_main,250,39,1,3,3,0,Holi,spike,0,0.6906,0,395
2026-03-03,Chicken Burger,food_main,280,27,1,3,3,0,Holi,spike,0,0.6906,0,395
2026-03-03,French Fries,food_snack,130,60,1,3,3,0,Holi,spike,0,0.6906,0,395
2026-03-03,Samosa,food_snack,40,48,1,3,3,0,Holi,spike,0,0.6906,0,395
2026-03-03,Chocolate Cake Slice,food_bakery,160,28,1,3,3,0,Holi,spike,0,0.6906,0,395
2026-03-03,Croissant,food_bakery,140,23,1,3,3,0,Holi,spike,0,0.6906,0,395
2026-03-04,Milk Tea (Dudh Chiya),beverage_hot,40,182,2,3,4,0,none,none,0,0.678,0,396
2026-03-04,Masala Chiya,beverage_hot,50,120,2,3,4,0,none,none,0,0.678,0,396
2026-03-04,Black Tea (Kalo Chiya),beverage_hot,30,41,2,3,4,0,none,none,0,0.678,0,396
2026-03-04,Americano,beverage_hot,150,55,2,3,4,0,none,none,0,0.678,0,396
2026-03-04,Cappuccino,beverage_hot,190,73,2,3,4,0,none,none,0,0.678,0,396
2026-03-04,Cafe Latte,beverage_hot,200,69,2,3,4,0,none,none,0,0.678,0,396
2026-03-04,Hot Chocolate,beverage_hot,180,35,2,3,4,0,none,none,0,0.678,0,396
2026-03-04,Cold Coffee,beverage_cold,220,64,2,3,4,0,none,none,0,0.678,0,396
2026-03-04,Iced Americano,beverage_cold,180,38,2,3,4,0,none,none,0,0.678,0,396
2026-03-04,Lassi,beverage_cold,120,49,2,3,4,0,none,none,0,0.678,0,396
2026-03-04,Fresh Lime Soda,beverage_cold,100,50,2,3,4,0,none,none,0,0.678,0,396
2026-03-04,Veg Momo,food_main,160,83,2,3,4,0,none,none,0,0.678,0,396
2026-03-04,Buff Momo,food_main,180,95,2,3,4,0,none,none,0,0.678,0,396
2026-03-04,Chicken Chowmein,food_main,190,66,2,3,4,0,none,none,0,0.678,0,396
2026-03-04,Veg Thukpa,food_main,170,39,2,3,4,0,none,none,0,0.678,0,396
2026-03-04,Club Sandwich,food_main,250,42,2,3,4,0,none,none,0,0.678,0,396
2026-03-04,Chicken Burger,food_main,280,32,2,3,4,0,none,none,0,0.678,0,396
2026-03-04,French Fries,food_snack,130,57,2,3,4,0,none,none,0,0.678,0,396
2026-03-04,Samosa,food_snack,40,48,2,3,4,0,none,none,0,0.678,0,396
2026-03-04,Chocolate Cake Slice,food_bakery,160,28,2,3,4,0,none,none,0,0.678,0,396
2026-03-04,Croissant,food_bakery,140,17,2,3,4,0,none,none,0,0.678,0,396
2026-03-05,Milk Tea (Dudh Chiya),beverage_hot,40,158,3,3,5,0,none,none,0,0.6653,0,397
2026-03-05,Masala Chiya,beverage_hot,50,105,3,3,5,0,none,none,0,0.6653,0,397
2026-03-05,Black Tea (Kalo Chiya),beverage_hot,30,46,3,3,5,0,none,none,0,0.6653,0,397
2026-03-05,Americano,beverage_hot,150,43,3,3,5,0,none,none,0,0.6653,0,397
2026-03-05,Cappuccino,beverage_hot,190,58,3,3,5,0,none,none,0,0.6653,0,397
2026-03-05,Cafe Latte,beverage_hot,200,63,3,3,5,0,none,none,0,0.6653,0,397
2026-03-05,Hot Chocolate,beverage_hot,180,29,3,3,5,0,none,none,0,0.6653,0,397
2026-03-05,Cold Coffee,beverage_cold,220,50,3,3,5,0,none,none,0,0.6653,0,397
2026-03-05,Iced Americano,beverage_cold,180,33,3,3,5,0,none,none,0,0.6653,0,397
2026-03-05,Lassi,beverage_cold,120,42,3,3,5,0,none,none,0,0.6653,0,397
2026-03-05,Fresh Lime Soda,beverage_cold,100,55,3,3,5,0,none,none,0,0.6653,0,397
2026-03-05,Veg Momo,food_main,160,72,3,3,5,0,none,none,0,0.6653,0,397
2026-03-05,Buff Momo,food_main,180,63,3,3,5,0,none,none,0,0.6653,0,397
2026-03-05,Chicken Chowmein,food_main,190,47,3,3,5,0,none,none,0,0.6653,0,397
2026-03-05,Veg Thukpa,food_main,170,28,3,3,5,0,none,none,0,0.6653,0,397
2026-03-05,Club Sandwich,food_main,250,26,3,3,5,0,none,none,0,0.6653,0,397
2026-03-05,Chicken Burger,food_main,280,21,3,3,5,0,none,none,0,0.6653,0,397
2026-03-05,French Fries,food_snack,130,37,3,3,5,0,none,none,0,0.6653,0,397
2026-03-05,Samosa,food_snack,40,51,3,3,5,0,none,none,0,0.6653,0,397
2026-03-05,Chocolate Cake Slice,food_bakery,160,21,3,3,5,0,none,none,0,0.6653,0,397
2026-03-05,Croissant,food_bakery,140,14,3,3,5,0,none,none,0,0.6653,0,397
2026-03-06,Milk Tea (Dudh Chiya),beverage_hot,40,206,4,3,6,0,none,none,0,0.6523,0,398
2026-03-06,Masala Chiya,beverage_hot,50,139,4,3,6,0,none,none,0,0.6523,0,398
2026-03-06,Black Tea (Kalo Chiya),beverage_hot,30,60,4,3,6,0,none,none,0,0.6523,0,398
2026-03-06,Americano,beverage_hot,150,59,4,3,6,0,none,none,0,0.6523,0,398
2026-03-06,Cappuccino,beverage_hot,190,66,4,3,6,0,none,none,0,0.6523,0,398
2026-03-06,Cafe Latte,beverage_hot,200,85,4,3,6,0,none,none,0,0.6523,0,398
2026-03-06,Hot Chocolate,beverage_hot,180,46,4,3,6,0,none,none,0,0.6523,0,398
2026-03-06,Cold Coffee,beverage_cold,220,68,4,3,6,0,none,none,0,0.6523,0,398
2026-03-06,Iced Americano,beverage_cold,180,51,4,3,6,0,none,none,0,0.6523,0,398
2026-03-06,Lassi,beverage_cold,120,56,4,3,6,0,none,none,0,0.6523,0,398
2026-03-06,Fresh Lime Soda,beverage_cold,100,59,4,3,6,0,none,none,0,0.6523,0,398
2026-03-06,Veg Momo,food_main,160,96,4,3,6,0,none,none,0,0.6523,0,398
2026-03-06,Buff Momo,food_main,180,96,4,3,6,0,none,none,0,0.6523,0,398
2026-03-06,Chicken Chowmein,food_main,190,79,4,3,6,0,none,none,0,0.6523,0,398
2026-03-06,Veg Thukpa,food_main,170,44,4,3,6,0,none,none,0,0.6523,0,398
2026-03-06,Club Sandwich,food_main,250,56,4,3,6,0,none,none,0,0.6523,0,398
2026-03-06,Chicken Burger,food_main,280,40,4,3,6,0,none,none,0,0.6523,0,398
2026-03-06,French Fries,food_snack,130,73,4,3,6,0,none,none,0,0.6523,0,398
2026-03-06,Samosa,food_snack,40,45,4,3,6,0,none,none,0,0.6523,0,398
2026-03-06,Chocolate Cake Slice,food_bakery,160,21,4,3,6,0,none,none,0,0.6523,0,398
2026-03-06,Croissant,food_bakery,140,16,4,3,6,0,none,none,0,0.6523,0,398
2026-03-07,Milk Tea (Dudh Chiya),beverage_hot,40,253,5,3,7,1,none,none,0,0.6392,0,399
2026-03-07,Masala Chiya,beverage_hot,50,179,5,3,7,1,none,none,0,0.6392,0,399
2026-03-07,Black Tea (Kalo Chiya),beverage_hot,30,71,5,3,7,1,none,none,0,0.6392,0,399
2026-03-07,Americano,beverage_hot,150,68,5,3,7,1,none,none,0,0.6392,0,399
2026-03-07,Cappuccino,beverage_hot,190,90,5,3,7,1,none,none,0,0.6392,0,399
2026-03-07,Cafe Latte,beverage_hot,200,79,5,3,7,1,none,none,0,0.6392,0,399
2026-03-07,Hot Chocolate,beverage_hot,180,40,5,3,7,1,none,none,0,0.6392,0,399
2026-03-07,Cold Coffee,beverage_cold,220,61,5,3,7,1,none,none,0,0.6392,0,399
2026-03-07,Iced Americano,beverage_cold,180,54,5,3,7,1,none,none,0,0.6392,0,399
2026-03-07,Lassi,beverage_cold,120,59,5,3,7,1,none,none,0,0.6392,0,399
2026-03-07,Fresh Lime Soda,beverage_cold,100,81,5,3,7,1,none,none,0,0.6392,0,399
2026-03-07,Veg Momo,food_main,160,101,5,3,7,1,none,none,0,0.6392,0,399
2026-03-07,Buff Momo,food_main,180,117,5,3,7,1,none,none,0,0.6392,0,399
2026-03-07,Chicken Chowmein,food_main,190,83,5,3,7,1,none,none,0,0.6392,0,399
2026-03-07,Veg Thukpa,food_main,170,40,5,3,7,1,none,none,0,0.6392,0,399
2026-03-07,Club Sandwich,food_main,250,50,5,3,7,1,none,none,0,0.6392,0,399
2026-03-07,Chicken Burger,food_main,280,35,5,3,7,1,none,none,0,0.6392,0,399
2026-03-07,French Fries,food_snack,130,77,5,3,7,1,none,none,0,0.6392,0,399
2026-03-07,Samosa,food_snack,40,62,5,3,7,1,none,none,0,0.6392,0,399
2026-03-07,Chocolate Cake Slice,food_bakery,160,42,5,3,7,1,none,none,0,0.6392,0,399
2026-03-07,Croissant,food_bakery,140,29,5,3,7,1,none,none,0,0.6392,0,399
2026-03-08,Milk Tea (Dudh Chiya),beverage_hot,40,145,6,3,8,0,none,none,0,0.6259,0,400
2026-03-08,Masala Chiya,beverage_hot,50,98,6,3,8,0,none,none,0,0.6259,0,400
2026-03-08,Black Tea (Kalo Chiya),beverage_hot,30,41,6,3,8,0,none,none,0,0.6259,0,400
2026-03-08,Americano,beverage_hot,150,44,6,3,8,0,none,none,0,0.6259,0,400
2026-03-08,Cappuccino,beverage_hot,190,53,6,3,8,0,none,none,0,0.6259,0,400
2026-03-08,Cafe Latte,beverage_hot,200,55,6,3,8,0,none,none,0,0.6259,0,400
2026-03-08,Hot Chocolate,beverage_hot,180,32,6,3,8,0,none,none,0,0.6259,0,400
2026-03-08,Cold Coffee,beverage_cold,220,43,6,3,8,0,none,none,0,0.6259,0,400
2026-03-08,Iced Americano,beverage_cold,180,28,6,3,8,0,none,none,0,0.6259,0,400
2026-03-08,Lassi,beverage_cold,120,40,6,3,8,0,none,none,0,0.6259,0,400
2026-03-08,Fresh Lime Soda,beverage_cold,100,47,6,3,8,0,none,none,0,0.6259,0,400
2026-03-08,Veg Momo,food_main,160,69,6,3,8,0,none,none,0,0.6259,0,400
2026-03-08,Buff Momo,food_main,180,74,6,3,8,0,none,none,0,0.6259,0,400
2026-03-08,Chicken Chowmein,food_main,190,46,6,3,8,0,none,none,0,0.6259,0,400
2026-03-08,Veg Thukpa,food_main,170,23,6,3,8,0,none,none,0,0.6259,0,400
2026-03-08,Club Sandwich,food_main,250,27,6,3,8,0,none,none,0,0.6259,0,400
2026-03-08,Chicken Burger,food_main,280,24,6,3,8,0,none,none,0,0.6259,0,400
2026-03-08,French Fries,food_snack,130,43,6,3,8,0,none,none,0,0.6259,0,400
2026-03-08,Samosa,food_snack,40,32,6,3,8,0,none,none,0,0.6259,0,400
2026-03-08,Chocolate Cake Slice,food_bakery,160,20,6,3,8,0,none,none,0,0.6259,0,400
2026-03-08,Croissant,food_bakery,140,12,6,3,8,0,none,none,0,0.6259,0,400
2026-03-09,Milk Tea (Dudh Chiya),beverage_hot,40,178,0,3,9,0,none,none,0,0.6124,0,401
2026-03-09,Masala Chiya,beverage_hot,50,117,0,3,9,0,none,none,0,0.6124,0,401
2026-03-09,Black Tea (Kalo Chiya),beverage_hot,30,52,0,3,9,0,none,none,0,0.6124,0,401
2026-03-09,Americano,beverage_hot,150,61,0,3,9,0,none,none,0,0.6124,0,401
2026-03-09,Cappuccino,beverage_hot,190,70,0,3,9,0,none,none,0,0.6124,0,401
2026-03-09,Cafe Latte,beverage_hot,200,49,0,3,9,0,none,none,0,0.6124,0,401
2026-03-09,Hot Chocolate,beverage_hot,180,35,0,3,9,0,none,none,0,0.6124,0,401
2026-03-09,Cold Coffee,beverage_cold,220,60,0,3,9,0,none,none,0,0.6124,0,401
2026-03-09,Iced Americano,beverage_cold,180,54,0,3,9,0,none,none,0,0.6124,0,401
2026-03-09,Lassi,beverage_cold,120,39,0,3,9,0,none,none,0,0.6124,0,401
2026-03-09,Fresh Lime Soda,beverage_cold,100,50,0,3,9,0,none,none,0,0.6124,0,401
2026-03-09,Veg Momo,food_main,160,80,0,3,9,0,none,none,0,0.6124,0,401
2026-03-09,Buff Momo,food_main,180,94,0,3,9,0,none,none,0,0.6124,0,401
2026-03-09,Chicken Chowmein,food_main,190,50,0,3,9,0,none,none,0,0.6124,0,401
2026-03-09,Veg Thukpa,food_main,170,29,0,3,9,0,none,none,0,0.6124,0,401
2026-03-09,Club Sandwich,food_main,250,32,0,3,9,0,none,none,0,0.6124,0,401
2026-03-09,Chicken Burger,food_main,280,23,0,3,9,0,none,none,0,0.6124,0,401
2026-03-09,French Fries,food_snack,130,68,0,3,9,0,none,none,0,0.6124,0,401
2026-03-09,Samosa,food_snack,40,45,0,3,9,0,none,none,0,0.6124,0,401
2026-03-09,Chocolate Cake Slice,food_bakery,160,36,0,3,9,0,none,none,0,0.6124,0,401
2026-03-09,Croissant,food_bakery,140,19,0,3,9,0,none,none,0,0.6124,0,401
2026-03-10,Milk Tea (Dudh Chiya),beverage_hot,40,145,1,3,10,0,none,none,0,0.5987,0,402
2026-03-10,Masala Chiya,beverage_hot,50,95,1,3,10,0,none,none,0,0.5987,0,402
2026-03-10,Black Tea (Kalo Chiya),beverage_hot,30,50,1,3,10,0,none,none,0,0.5987,0,402
2026-03-10,Americano,beverage_hot,150,48,1,3,10,0,none,none,0,0.5987,0,402
2026-03-10,Cappuccino,beverage_hot,190,52,1,3,10,0,none,none,0,0.5987,0,402
2026-03-10,Cafe Latte,beverage_hot,200,44,1,3,10,0,none,none,0,0.5987,0,402
2026-03-10,Hot Chocolate,beverage_hot,180,32,1,3,10,0,none,none,0,0.5987,0,402
2026-03-10,Cold Coffee,beverage_cold,220,59,1,3,10,0,none,none,0,0.5987,0,402
2026-03-10,Iced Americano,beverage_cold,180,40,1,3,10,0,none,none,0,0.5987,0,402
2026-03-10,Lassi,beverage_cold,120,46,1,3,10,0,none,none,0,0.5987,0,402
2026-03-10,Fresh Lime Soda,beverage_cold,100,34,1,3,10,0,none,none,0,0.5987,0,402
2026-03-10,Veg Momo,food_main,160,66,1,3,10,0,none,none,0,0.5987,0,402
2026-03-10,Buff Momo,food_main,180,66,1,3,10,0,none,none,0,0.5987,0,402
2026-03-10,Chicken Chowmein,food_main,190,46,1,3,10,0,none,none,0,0.5987,0,402
2026-03-10,Veg Thukpa,food_main,170,27,1,3,10,0,none,none,0,0.5987,0,402
2026-03-10,Club Sandwich,food_main,250,33,1,3,10,0,none,none,0,0.5987,0,402
2026-03-10,Chicken Burger,food_main,280,27,1,3,10,0,none,none,0,0.5987,0,402
2026-03-10,French Fries,food_snack,130,34,1,3,10,0,none,none,0,0.5987,0,402
2026-03-10,Samosa,food_snack,40,44,1,3,10,0,none,none,0,0.5987,0,402
2026-03-10,Chocolate Cake Slice,food_bakery,160,20,1,3,10,0,none,none,0,0.5987,0,402
2026-03-10,Croissant,food_bakery,140,13,1,3,10,0,none,none,0,0.5987,0,402
2026-03-11,Milk Tea (Dudh Chiya),beverage_hot,40,185,2,3,11,0,none,none,0,0.5848,0,403
2026-03-11,Masala Chiya,beverage_hot,50,105,2,3,11,0,none,none,0,0.5848,0,403
2026-03-11,Black Tea (Kalo Chiya),beverage_hot,30,43,2,3,11,0,none,none,0,0.5848,0,403
2026-03-11,Americano,beverage_hot,150,48,2,3,11,0,none,none,0,0.5848,0,403
2026-03-11,Cappuccino,beverage_hot,190,68,2,3,11,0,none,none,0,0.5848,0,403
2026-03-11,Cafe Latte,beverage_hot,200,52,2,3,11,0,none,none,0,0.5848,0,403
2026-03-11,Hot Chocolate,beverage_hot,180,33,2,3,11,0,none,none,0,0.5848,0,403
2026-03-11,Cold Coffee,beverage_cold,220,54,2,3,11,0,none,none,0,0.5848,0,403
2026-03-11,Iced Americano,beverage_cold,180,34,2,3,11,0,none,none,0,0.5848,0,403
2026-03-11,Lassi,beverage_cold,120,41,2,3,11,0,none,none,0,0.5848,0,403
2026-03-11,Fresh Lime Soda,beverage_cold,100,45,2,3,11,0,none,none,0,0.5848,0,403
2026-03-11,Veg Momo,food_main,160,57,2,3,11,0,none,none,0,0.5848,0,403
2026-03-11,Buff Momo,food_main,180,83,2,3,11,0,none,none,0,0.5848,0,403
2026-03-11,Chicken Chowmein,food_main,190,56,2,3,11,0,none,none,0,0.5848,0,403
2026-03-11,Veg Thukpa,food_main,170,32,2,3,11,0,none,none,0,0.5848,0,403
2026-03-11,Club Sandwich,food_main,250,31,2,3,11,0,none,none,0,0.5848,0,403
2026-03-11,Chicken Burger,food_main,280,30,2,3,11,0,none,none,0,0.5848,0,403
2026-03-11,French Fries,food_snack,130,46,2,3,11,0,none,none,0,0.5848,0,403
2026-03-11,Samosa,food_snack,40,51,2,3,11,0,none,none,0,0.5848,0,403
2026-03-11,Chocolate Cake Slice,food_bakery,160,23,2,3,11,0,none,none,0,0.5848,0,403
2026-03-11,Croissant,food_bakery,140,16,2,3,11,0,none,none,0,0.5848,0,403
2026-03-12,Milk Tea (Dudh Chiya),beverage_hot,40,187,3,3,12,0,none,none,0,0.5708,0,404
2026-03-12,Masala Chiya,beverage_hot,50,123,3,3,12,0,none,none,0,0.5708,0,404
2026-03-12,Black Tea (Kalo Chiya),beverage_hot,30,42,3,3,12,0,none,none,0,0.5708,0,404
2026-03-12,Americano,beverage_hot,150,54,3,3,12,0,none,none,0,0.5708,0,404
2026-03-12,Cappuccino,beverage_hot,190,61,3,3,12,0,none,none,0,0.5708,0,404
2026-03-12,Cafe Latte,beverage_hot,200,62,3,3,12,0,none,none,0,0.5708,0,404
2026-03-12,Hot Chocolate,beverage_hot,180,32,3,3,12,0,none,none,0,0.5708,0,404
2026-03-12,Cold Coffee,beverage_cold,220,55,3,3,12,0,none,none,0,0.5708,0,404
2026-03-12,Iced Americano,beverage_cold,180,37,3,3,12,0,none,none,0,0.5708,0,404
2026-03-12,Lassi,beverage_cold,120,35,3,3,12,0,none,none,0,0.5708,0,404
2026-03-12,Fresh Lime Soda,beverage_cold,100,50,3,3,12,0,none,none,0,0.5708,0,404
2026-03-12,Veg Momo,food_main,160,71,3,3,12,0,none,none,0,0.5708,0,404
2026-03-12,Buff Momo,food_main,180,88,3,3,12,0,none,none,0,0.5708,0,404
2026-03-12,Chicken Chowmein,food_main,190,57,3,3,12,0,none,none,0,0.5708,0,404
2026-03-12,Veg Thukpa,food_main,170,22,3,3,12,0,none,none,0,0.5708,0,404
2026-03-12,Club Sandwich,food_main,250,27,3,3,12,0,none,none,0,0.5708,0,404
2026-03-12,Chicken Burger,food_main,280,25,3,3,12,0,none,none,0,0.5708,0,404
2026-03-12,French Fries,food_snack,130,51,3,3,12,0,none,none,0,0.5708,0,404
2026-03-12,Samosa,food_snack,40,48,3,3,12,0,none,none,0,0.5708,0,404
2026-03-12,Chocolate Cake Slice,food_bakery,160,21,3,3,12,0,none,none,0,0.5708,0,404
2026-03-12,Croissant,food_bakery,140,13,3,3,12,0,none,none,0,0.5708,0,404
2026-03-13,Milk Tea (Dudh Chiya),beverage_hot,40,184,4,3,13,0,none,none,0,0.5566,0,405
2026-03-13,Masala Chiya,beverage_hot,50,114,4,3,13,0,none,none,0,0.5566,0,405
2026-03-13,Black Tea (Kalo Chiya),beverage_hot,30,61,4,3,13,0,none,none,0,0.5566,0,405
2026-03-13,Americano,beverage_hot,150,67,4,3,13,0,none,none,0,0.5566,0,405
2026-03-13,Cappuccino,beverage_hot,190,71,4,3,13,0,none,none,0,0.5566,0,405
2026-03-13,Cafe Latte,beverage_hot,200,80,4,3,13,0,none,none,0,0.5566,0,405
2026-03-13,Hot Chocolate,beverage_hot,180,43,4,3,13,0,none,none,0,0.5566,0,405
2026-03-13,Cold Coffee,beverage_cold,220,62,4,3,13,0,none,none,0,0.5566,0,405
2026-03-13,Iced Americano,beverage_cold,180,51,4,3,13,0,none,none,0,0.5566,0,405
2026-03-13,Lassi,beverage_cold,120,56,4,3,13,0,none,none,0,0.5566,0,405
2026-03-13,Fresh Lime Soda,beverage_cold,100,46,4,3,13,0,none,none,0,0.5566,0,405
2026-03-13,Veg Momo,food_main,160,81,4,3,13,0,none,none,0,0.5566,0,405
2026-03-13,Buff Momo,food_main,180,83,4,3,13,0,none,none,0,0.5566,0,405
2026-03-13,Chicken Chowmein,food_main,190,54,4,3,13,0,none,none,0,0.5566,0,405
2026-03-13,Veg Thukpa,food_main,170,23,4,3,13,0,none,none,0,0.5566,0,405
2026-03-13,Club Sandwich,food_main,250,31,4,3,13,0,none,none,0,0.5566,0,405
2026-03-13,Chicken Burger,food_main,280,43,4,3,13,0,none,none,0,0.5566,0,405
2026-03-13,French Fries,food_snack,130,65,4,3,13,0,none,none,0,0.5566,0,405
2026-03-13,Samosa,food_snack,40,52,4,3,13,0,none,none,0,0.5566,0,405
2026-03-13,Chocolate Cake Slice,food_bakery,160,19,4,3,13,0,none,none,0,0.5566,0,405
2026-03-13,Croissant,food_bakery,140,14,4,3,13,0,none,none,0,0.5566,0,405
2026-03-14,Milk Tea (Dudh Chiya),beverage_hot,40,199,5,3,14,1,none,none,0,0.5422,0,406
2026-03-14,Masala Chiya,beverage_hot,50,146,5,3,14,1,none,none,0,0.5422,0,406
2026-03-14,Black Tea (Kalo Chiya),beverage_hot,30,92,5,3,14,1,none,none,0,0.5422,0,406
2026-03-14,Americano,beverage_hot,150,67,5,3,14,1,none,none,0,0.5422,0,406
2026-03-14,Cappuccino,beverage_hot,190,74,5,3,14,1,none,none,0,0.5422,0,406
2026-03-14,Cafe Latte,beverage_hot,200,69,5,3,14,1,none,none,0,0.5422,0,406
2026-03-14,Hot Chocolate,beverage_hot,180,49,5,3,14,1,none,none,0,0.5422,0,406
2026-03-14,Cold Coffee,beverage_cold,220,70,5,3,14,1,none,none,0,0.5422,0,406
2026-03-14,Iced Americano,beverage_cold,180,51,5,3,14,1,none,none,0,0.5422,0,406
2026-03-14,Lassi,beverage_cold,120,47,5,3,14,1,none,none,0,0.5422,0,406
2026-03-14,Fresh Lime Soda,beverage_cold,100,76,5,3,14,1,none,none,0,0.5422,0,406
2026-03-14,Veg Momo,food_main,160,98,5,3,14,1,none,none,0,0.5422,0,406
2026-03-14,Buff Momo,food_main,180,103,5,3,14,1,none,none,0,0.5422,0,406
2026-03-14,Chicken Chowmein,food_main,190,65,5,3,14,1,none,none,0,0.5422,0,406
2026-03-14,Veg Thukpa,food_main,170,36,5,3,14,1,none,none,0,0.5422,0,406
2026-03-14,Club Sandwich,food_main,250,38,5,3,14,1,none,none,0,0.5422,0,406
2026-03-14,Chicken Burger,food_main,280,39,5,3,14,1,none,none,0,0.5422,0,406
2026-03-14,French Fries,food_snack,130,62,5,3,14,1,none,none,0,0.5422,0,406
2026-03-14,Samosa,food_snack,40,50,5,3,14,1,none,none,0,0.5422,0,406
2026-03-14,Chocolate Cake Slice,food_bakery,160,27,5,3,14,1,none,none,0,0.5422,0,406
2026-03-14,Croissant,food_bakery,140,15,5,3,14,1,none,none,0,0.5422,0,406
2026-03-15,Milk Tea (Dudh Chiya),beverage_hot,40,131,6,3,15,0,none,none,0,0.5277,0,407
2026-03-15,Masala Chiya,beverage_hot,50,117,6,3,15,0,none,none,0,0.5277,0,407
2026-03-15,Black Tea (Kalo Chiya),beverage_hot,30,42,6,3,15,0,none,none,0,0.5277,0,407
2026-03-15,Americano,beverage_hot,150,38,6,3,15,0,none,none,0,0.5277,0,407
2026-03-15,Cappuccino,beverage_hot,190,73,6,3,15,0,none,none,0,0.5277,0,407
2026-03-15,Cafe Latte,beverage_hot,200,47,6,3,15,0,none,none,0,0.5277,0,407
2026-03-15,Hot Chocolate,beverage_hot,180,34,6,3,15,0,none,none,0,0.5277,0,407
2026-03-15,Cold Coffee,beverage_cold,220,62,6,3,15,0,none,none,0,0.5277,0,407
2026-03-15,Iced Americano,beverage_cold,180,30,6,3,15,0,none,none,0,0.5277,0,407
2026-03-15,Lassi,beverage_cold,120,36,6,3,15,0,none,none,0,0.5277,0,407
2026-03-15,Fresh Lime Soda,beverage_cold,100,36,6,3,15,0,none,none,0,0.5277,0,407
2026-03-15,Veg Momo,food_main,160,57,6,3,15,0,none,none,0,0.5277,0,407
2026-03-15,Buff Momo,food_main,180,68,6,3,15,0,none,none,0,0.5277,0,407
2026-03-15,Chicken Chowmein,food_main,190,55,6,3,15,0,none,none,0,0.5277,0,407
2026-03-15,Veg Thukpa,food_main,170,29,6,3,15,0,none,none,0,0.5277,0,407
2026-03-15,Club Sandwich,food_main,250,26,6,3,15,0,none,none,0,0.5277,0,407
2026-03-15,Chicken Burger,food_main,280,20,6,3,15,0,none,none,0,0.5277,0,407
2026-03-15,French Fries,food_snack,130,58,6,3,15,0,none,none,0,0.5277,0,407
2026-03-15,Samosa,food_snack,40,31,6,3,15,0,none,none,0,0.5277,0,407
2026-03-15,Chocolate Cake Slice,food_bakery,160,12,6,3,15,0,none,none,0,0.5277,0,407
2026-03-15,Croissant,food_bakery,140,14,6,3,15,0,none,none,0,0.5277,0,407
2026-03-16,Milk Tea (Dudh Chiya),beverage_hot,40,169,0,3,16,0,none,none,0,0.513,0,408
2026-03-16,Masala Chiya,beverage_hot,50,86,0,3,16,0,none,none,0,0.513,0,408
2026-03-16,Black Tea (Kalo Chiya),beverage_hot,30,45,0,3,16,0,none,none,0,0.513,0,408
2026-03-16,Americano,beverage_hot,150,46,0,3,16,0,none,none,0,0.513,0,408
2026-03-16,Cappuccino,beverage_hot,190,60,0,3,16,0,none,none,0,0.513,0,408
2026-03-16,Cafe Latte,beverage_hot,200,57,0,3,16,0,none,none,0,0.513,0,408
2026-03-16,Hot Chocolate,beverage_hot,180,25,0,3,16,0,none,none,0,0.513,0,408
2026-03-16,Cold Coffee,beverage_cold,220,50,0,3,16,0,none,none,0,0.513,0,408
2026-03-16,Iced Americano,beverage_cold,180,48,0,3,16,0,none,none,0,0.513,0,408
2026-03-16,Lassi,beverage_cold,120,42,0,3,16,0,none,none,0,0.513,0,408
2026-03-16,Fresh Lime Soda,beverage_cold,100,41,0,3,16,0,none,none,0,0.513,0,408
2026-03-16,Veg Momo,food_main,160,74,0,3,16,0,none,none,0,0.513,0,408
2026-03-16,Buff Momo,food_main,180,70,0,3,16,0,none,none,0,0.513,0,408
2026-03-16,Chicken Chowmein,food_main,190,49,0,3,16,0,none,none,0,0.513,0,408
2026-03-16,Veg Thukpa,food_main,170,32,0,3,16,0,none,none,0,0.513,0,408
2026-03-16,Club Sandwich,food_main,250,43,0,3,16,0,none,none,0,0.513,0,408
2026-03-16,Chicken Burger,food_main,280,18,0,3,16,0,none,none,0,0.513,0,408
2026-03-16,French Fries,food_snack,130,38,0,3,16,0,none,none,0,0.513,0,408
2026-03-16,Samosa,food_snack,40,41,0,3,16,0,none,none,0,0.513,0,408
2026-03-16,Chocolate Cake Slice,food_bakery,160,13,0,3,16,0,none,none,0,0.513,0,408
2026-03-16,Croissant,food_bakery,140,12,0,3,16,0,none,none,0,0.513,0,408
2026-03-17,Milk Tea (Dudh Chiya),beverage_hot,40,183,1,3,17,0,none,none,0,0.4981,0,409
2026-03-17,Masala Chiya,beverage_hot,50,119,1,3,17,0,none,none,0,0.4981,0,409
2026-03-17,Black Tea (Kalo Chiya),beverage_hot,30,56,1,3,17,0,none,none,0,0.4981,0,409
2026-03-17,Americano,beverage_hot,150,55,1,3,17,0,none,none,0,0.4981,0,409
2026-03-17,Cappuccino,beverage_hot,190,66,1,3,17,0,none,none,0,0.4981,0,409
2026-03-17,Cafe Latte,beverage_hot,200,46,1,3,17,0,none,none,0,0.4981,0,409
2026-03-17,Hot Chocolate,beverage_hot,180,30,1,3,17,0,none,none,0,0.4981,0,409
2026-03-17,Cold Coffee,beverage_cold,220,46,1,3,17,0,none,none,0,0.4981,0,409
2026-03-17,Iced Americano,beverage_cold,180,42,1,3,17,0,none,none,0,0.4981,0,409
2026-03-17,Lassi,beverage_cold,120,34,1,3,17,0,none,none,0,0.4981,0,409
2026-03-17,Fresh Lime Soda,beverage_cold,100,48,1,3,17,0,none,none,0,0.4981,0,409
2026-03-17,Veg Momo,food_main,160,80,1,3,17,0,none,none,0,0.4981,0,409
2026-03-17,Buff Momo,food_main,180,77,1,3,17,0,none,none,0,0.4981,0,409
2026-03-17,Chicken Chowmein,food_main,190,57,1,3,17,0,none,none,0,0.4981,0,409
2026-03-17,Veg Thukpa,food_main,170,35,1,3,17,0,none,none,0,0.4981,0,409
2026-03-17,Club Sandwich,food_main,250,39,1,3,17,0,none,none,0,0.4981,0,409
2026-03-17,Chicken Burger,food_main,280,32,1,3,17,0,none,none,0,0.4981,0,409
2026-03-17,French Fries,food_snack,130,42,1,3,17,0,none,none,0,0.4981,0,409
2026-03-17,Samosa,food_snack,40,40,1,3,17,0,none,none,0,0.4981,0,409
2026-03-17,Chocolate Cake Slice,food_bakery,160,22,1,3,17,0,none,none,0,0.4981,0,409
2026-03-17,Croissant,food_bakery,140,14,1,3,17,0,none,none,0,0.4981,0,409
2026-03-18,Milk Tea (Dudh Chiya),beverage_hot,40,155,2,3,18,0,none,none,0,0.4831,0,410
2026-03-18,Masala Chiya,beverage_hot,50,105,2,3,18,0,none,none,0,0.4831,0,410
2026-03-18,Black Tea (Kalo Chiya),beverage_hot,30,47,2,3,18,0,none,none,0,0.4831,0,410
2026-03-18,Americano,beverage_hot,150,53,2,3,18,0,none,none,0,0.4831,0,410
2026-03-18,Cappuccino,beverage_hot,190,76,2,3,18,0,none,none,0,0.4831,0,410
2026-03-18,Cafe Latte,beverage_hot,200,57,2,3,18,0,none,none,0,0.4831,0,410
2026-03-18,Hot Chocolate,beverage_hot,180,28,2,3,18,0,none,none,0,0.4831,0,410
2026-03-18,Cold Coffee,beverage_cold,220,55,2,3,18,0,none,none,0,0.4831,0,410
2026-03-18,Iced Americano,beverage_cold,180,35,2,3,18,0,none,none,0,0.4831,0,410
2026-03-18,Lassi,beverage_cold,120,49,2,3,18,0,none,none,0,0.4831,0,410
2026-03-18,Fresh Lime Soda,beverage_cold,100,55,2,3,18,0,none,none,0,0.4831,0,410
2026-03-18,Veg Momo,food_main,160,73,2,3,18,0,none,none,0,0.4831,0,410
2026-03-18,Buff Momo,food_main,180,76,2,3,18,0,none,none,0,0.4831,0,410
2026-03-18,Chicken Chowmein,food_main,190,72,2,3,18,0,none,none,0,0.4831,0,410
2026-03-18,Veg Thukpa,food_main,170,35,2,3,18,0,none,none,0,0.4831,0,410
2026-03-18,Club Sandwich,food_main,250,36,2,3,18,0,none,none,0,0.4831,0,410
2026-03-18,Chicken Burger,food_main,280,41,2,3,18,0,none,none,0,0.4831,0,410
2026-03-18,French Fries,food_snack,130,56,2,3,18,0,none,none,0,0.4831,0,410
2026-03-18,Samosa,food_snack,40,32,2,3,18,0,none,none,0,0.4831,0,410
2026-03-18,Chocolate Cake Slice,food_bakery,160,24,2,3,18,0,none,none,0,0.4831,0,410
2026-03-18,Croissant,food_bakery,140,14,2,3,18,0,none,none,0,0.4831,0,410
2026-03-19,Milk Tea (Dudh Chiya),beverage_hot,40,200,3,3,19,0,none,none,0,0.468,0,411
2026-03-19,Masala Chiya,beverage_hot,50,160,3,3,19,0,none,none,0,0.468,0,411
2026-03-19,Black Tea (Kalo Chiya),beverage_hot,30,51,3,3,19,0,none,none,0,0.468,0,411
2026-03-19,Americano,beverage_hot,150,61,3,3,19,0,none,none,0,0.468,0,411
2026-03-19,Cappuccino,beverage_hot,190,83,3,3,19,0,none,none,0,0.468,0,411
2026-03-19,Cafe Latte,beverage_hot,200,61,3,3,19,0,none,none,0,0.468,0,411
2026-03-19,Hot Chocolate,beverage_hot,180,36,3,3,19,0,none,none,0,0.468,0,411
2026-03-19,Cold Coffee,beverage_cold,220,57,3,3,19,0,none,none,0,0.468,0,411
2026-03-19,Iced Americano,beverage_cold,180,40,3,3,19,0,none,none,0,0.468,0,411
2026-03-19,Lassi,beverage_cold,120,43,3,3,19,0,none,none,0,0.468,0,411
2026-03-19,Fresh Lime Soda,beverage_cold,100,52,3,3,19,0,none,none,0,0.468,0,411
2026-03-19,Veg Momo,food_main,160,102,3,3,19,0,none,none,0,0.468,0,411
2026-03-19,Buff Momo,food_main,180,98,3,3,19,0,none,none,0,0.468,0,411
2026-03-19,Chicken Chowmein,food_main,190,73,3,3,19,0,none,none,0,0.468,0,411
2026-03-19,Veg Thukpa,food_main,170,43,3,3,19,0,none,none,0,0.468,0,411
2026-03-19,Club Sandwich,food_main,250,38,3,3,19,0,none,none,0,0.468,0,411
2026-03-19,Chicken Burger,food_main,280,27,3,3,19,0,none,none,0,0.468,0,411
2026-03-19,French Fries,food_snack,130,53,3,3,19,0,none,none,0,0.468,0,411
2026-03-19,Samosa,food_snack,40,51,3,3,19,0,none,none,0,0.468,0,411
2026-03-19,Chocolate Cake Slice,food_bakery,160,19,3,3,19,0,none,none,0,0.468,0,411
2026-03-19,Croissant,food_bakery,140,17,3,3,19,0,none,none,0,0.468,0,411
2026-03-20,Milk Tea (Dudh Chiya),beverage_hot,40,208,4,3,20,0,none,none,0,0.4527,0,412
2026-03-20,Masala Chiya,beverage_hot,50,131,4,3,20,0,none,none,0,0.4527,0,412
2026-03-20,Black Tea (Kalo Chiya),beverage_hot,30,59,4,3,20,0,none,none,0,0.4527,0,412
2026-03-20,Americano,beverage_hot,150,60,4,3,20,0,none,none,0,0.4527,0,412
2026-03-20,Cappuccino,beverage_hot,190,80,4,3,20,0,none,none,0,0.4527,0,412
2026-03-20,Cafe Latte,beverage_hot,200,63,4,3,20,0,none,none,0,0.4527,0,412
2026-03-20,Hot Chocolate,beverage_hot,180,44,4,3,20,0,none,none,0,0.4527,0,412
2026-03-20,Cold Coffee,beverage_cold,220,65,4,3,20,0,none,none,0,0.4527,0,412
2026-03-20,Iced Americano,beverage_cold,180,61,4,3,20,0,none,none,0,0.4527,0,412
2026-03-20,Lassi,beverage_cold,120,48,4,3,20,0,none,none,0,0.4527,0,412
2026-03-20,Fresh Lime Soda,beverage_cold,100,51,4,3,20,0,none,none,0,0.4527,0,412
2026-03-20,Veg Momo,food_main,160,76,4,3,20,0,none,none,0,0.4527,0,412
2026-03-20,Buff Momo,food_main,180,101,4,3,20,0,none,none,0,0.4527,0,412
2026-03-20,Chicken Chowmein,food_main,190,84,4,3,20,0,none,none,0,0.4527,0,412
2026-03-20,Veg Thukpa,food_main,170,36,4,3,20,0,none,none,0,0.4527,0,412
2026-03-20,Club Sandwich,food_main,250,45,4,3,20,0,none,none,0,0.4527,0,412
2026-03-20,Chicken Burger,food_main,280,45,4,3,20,0,none,none,0,0.4527,0,412
2026-03-20,French Fries,food_snack,130,53,4,3,20,0,none,none,0,0.4527,0,412
2026-03-20,Samosa,food_snack,40,47,4,3,20,0,none,none,0,0.4527,0,412
2026-03-20,Chocolate Cake Slice,food_bakery,160,25,4,3,20,0,none,none,0,0.4527,0,412
2026-03-20,Croissant,food_bakery,140,25,4,3,20,0,none,none,0,0.4527,0,412
2026-03-21,Milk Tea (Dudh Chiya),beverage_hot,40,195,5,3,21,1,none,none,0,0.4373,0,413
2026-03-21,Masala Chiya,beverage_hot,50,143,5,3,21,1,none,none,0,0.4373,0,413
2026-03-21,Black Tea (Kalo Chiya),beverage_hot,30,69,5,3,21,1,none,none,0,0.4373,0,413
2026-03-21,Americano,beverage_hot,150,68,5,3,21,1,none,none,0,0.4373,0,413
2026-03-21,Cappuccino,beverage_hot,190,78,5,3,21,1,none,none,0,0.4373,0,413
2026-03-21,Cafe Latte,beverage_hot,200,66,5,3,21,1,none,none,0,0.4373,0,413
2026-03-21,Hot Chocolate,beverage_hot,180,41,5,3,21,1,none,none,0,0.4373,0,413
2026-03-21,Cold Coffee,beverage_cold,220,62,5,3,21,1,none,none,0,0.4373,0,413
2026-03-21,Iced Americano,beverage_cold,180,37,5,3,21,1,none,none,0,0.4373,0,413
2026-03-21,Lassi,beverage_cold,120,66,5,3,21,1,none,none,0,0.4373,0,413
2026-03-21,Fresh Lime Soda,beverage_cold,100,67,5,3,21,1,none,none,0,0.4373,0,413
2026-03-21,Veg Momo,food_main,160,89,5,3,21,1,none,none,0,0.4373,0,413
2026-03-21,Buff Momo,food_main,180,113,5,3,21,1,none,none,0,0.4373,0,413
2026-03-21,Chicken Chowmein,food_main,190,63,5,3,21,1,none,none,0,0.4373,0,413
2026-03-21,Veg Thukpa,food_main,170,39,5,3,21,1,none,none,0,0.4373,0,413
2026-03-21,Club Sandwich,food_main,250,35,5,3,21,1,none,none,0,0.4373,0,413
2026-03-21,Chicken Burger,food_main,280,42,5,3,21,1,none,none,0,0.4373,0,413
2026-03-21,French Fries,food_snack,130,63,5,3,21,1,none,none,0,0.4373,0,413
2026-03-21,Samosa,food_snack,40,48,5,3,21,1,none,none,0,0.4373,0,413
2026-03-21,Chocolate Cake Slice,food_bakery,160,28,5,3,21,1,none,none,0,0.4373,0,413
2026-03-21,Croissant,food_bakery,140,19,5,3,21,1,none,none,0,0.4373,0,413
2026-03-22,Milk Tea (Dudh Chiya),beverage_hot,40,143,6,3,22,0,none,none,0,0.4218,0,414
2026-03-22,Masala Chiya,beverage_hot,50,90,6,3,22,0,none,none,0,0.4218,0,414
2026-03-22,Black Tea (Kalo Chiya),beverage_hot,30,50,6,3,22,0,none,none,0,0.4218,0,414
2026-03-22,Americano,beverage_hot,150,55,6,3,22,0,none,none,0,0.4218,0,414
2026-03-22,Cappuccino,beverage_hot,190,44,6,3,22,0,none,none,0,0.4218,0,414
2026-03-22,Cafe Latte,beverage_hot,200,57,6,3,22,0,none,none,0,0.4218,0,414
2026-03-22,Hot Chocolate,beverage_hot,180,27,6,3,22,0,none,none,0,0.4218,0,414
2026-03-22,Cold Coffee,beverage_cold,220,61,6,3,22,0,none,none,0,0.4218,0,414
2026-03-22,Iced Americano,beverage_cold,180,33,6,3,22,0,none,none,0,0.4218,0,414
2026-03-22,Lassi,beverage_cold,120,35,6,3,22,0,none,none,0,0.4218,0,414
2026-03-22,Fresh Lime Soda,beverage_cold,100,44,6,3,22,0,none,none,0,0.4218,0,414
2026-03-22,Veg Momo,food_main,160,62,6,3,22,0,none,none,0,0.4218,0,414
2026-03-22,Buff Momo,food_main,180,78,6,3,22,0,none,none,0,0.4218,0,414
2026-03-22,Chicken Chowmein,food_main,190,49,6,3,22,0,none,none,0,0.4218,0,414
2026-03-22,Veg Thukpa,food_main,170,27,6,3,22,0,none,none,0,0.4218,0,414
2026-03-22,Club Sandwich,food_main,250,24,6,3,22,0,none,none,0,0.4218,0,414
2026-03-22,Chicken Burger,food_main,280,20,6,3,22,0,none,none,0,0.4218,0,414
2026-03-22,French Fries,food_snack,130,27,6,3,22,0,none,none,0,0.4218,0,414
2026-03-22,Samosa,food_snack,40,50,6,3,22,0,none,none,0,0.4218,0,414
2026-03-22,Chocolate Cake Slice,food_bakery,160,19,6,3,22,0,none,none,0,0.4218,0,414
2026-03-22,Croissant,food_bakery,140,14,6,3,22,0,none,none,0,0.4218,0,414
2026-03-23,Milk Tea (Dudh Chiya),beverage_hot,40,167,0,3,23,0,none,none,0,0.4061,0,415
2026-03-23,Masala Chiya,beverage_hot,50,120,0,3,23,0,none,none,0,0.4061,0,415
2026-03-23,Black Tea (Kalo Chiya),beverage_hot,30,59,0,3,23,0,none,none,0,0.4061,0,415
2026-03-23,Americano,beverage_hot,150,57,0,3,23,0,none,none,0,0.4061,0,415
2026-03-23,Cappuccino,beverage_hot,190,69,0,3,23,0,none,none,0,0.4061,0,415
2026-03-23,Cafe Latte,beverage_hot,200,58,0,3,23,0,none,none,0,0.4061,0,415
2026-03-23,Hot Chocolate,beverage_hot,180,33,0,3,23,0,none,none,0,0.4061,0,415
2026-03-23,Cold Coffee,beverage_cold,220,78,0,3,23,0,none,none,0,0.4061,0,415
2026-03-23,Iced Americano,beverage_cold,180,44,0,3,23,0,none,none,0,0.4061,0,415
2026-03-23,Lassi,beverage_cold,120,40,0,3,23,0,none,none,0,0.4061,0,415
2026-03-23,Fresh Lime Soda,beverage_cold,100,42,0,3,23,0,none,none,0,0.4061,0,415
2026-03-23,Veg Momo,food_main,160,96,0,3,23,0,none,none,0,0.4061,0,415
2026-03-23,Buff Momo,food_main,180,91,0,3,23,0,none,none,0,0.4061,0,415
2026-03-23,Chicken Chowmein,food_main,190,61,0,3,23,0,none,none,0,0.4061,0,415
2026-03-23,Veg Thukpa,food_main,170,23,0,3,23,0,none,none,0,0.4061,0,415
2026-03-23,Club Sandwich,food_main,250,42,0,3,23,0,none,none,0,0.4061,0,415
2026-03-23,Chicken Burger,food_main,280,28,0,3,23,0,none,none,0,0.4061,0,415
2026-03-23,French Fries,food_snack,130,57,0,3,23,0,none,none,0,0.4061,0,415
2026-03-23,Samosa,food_snack,40,54,0,3,23,0,none,none,0,0.4061,0,415
2026-03-23,Chocolate Cake Slice,food_bakery,160,25,0,3,23,0,none,none,0,0.4061,0,415
2026-03-23,Croissant,food_bakery,140,12,0,3,23,0,none,none,0,0.4061,0,415
2026-03-24,Milk Tea (Dudh Chiya),beverage_hot,40,188,1,3,24,0,none,none,0,0.3904,0,416
2026-03-24,Masala Chiya,beverage_hot,50,136,1,3,24,0,none,none,0,0.3904,0,416
2026-03-24,Black Tea (Kalo Chiya),beverage_hot,30,60,1,3,24,0,none,none,0,0.3904,0,416
2026-03-24,Americano,beverage_hot,150,57,1,3,24,0,none,none,0,0.3904,0,416
2026-03-24,Cappuccino,beverage_hot,190,72,1,3,24,0,none,none,0,0.3904,0,416
2026-03-24,Cafe Latte,beverage_hot,200,52,1,3,24,0,none,none,0,0.3904,0,416
2026-03-24,Hot Chocolate,beverage_hot,180,29,1,3,24,0,none,none,0,0.3904,0,416
2026-03-24,Cold Coffee,beverage_cold,220,53,1,3,24,0,none,none,0,0.3904,0,416
2026-03-24,Iced Americano,beverage_cold,180,42,1,3,24,0,none,none,0,0.3904,0,416
2026-03-24,Lassi,beverage_cold,120,43,1,3,24,0,none,none,0,0.3904,0,416
2026-03-24,Fresh Lime Soda,beverage_cold,100,59,1,3,24,0,none,none,0,0.3904,0,416
2026-03-24,Veg Momo,food_main,160,76,1,3,24,0,none,none,0,0.3904,0,416
2026-03-24,Buff Momo,food_main,180,88,1,3,24,0,none,none,0,0.3904,0,416
2026-03-24,Chicken Chowmein,food_main,190,58,1,3,24,0,none,none,0,0.3904,0,416
2026-03-24,Veg Thukpa,food_main,170,34,1,3,24,0,none,none,0,0.3904,0,416
2026-03-24,Club Sandwich,food_main,250,31,1,3,24,0,none,none,0,0.3904,0,416
2026-03-24,Chicken Burger,food_main,280,33,1,3,24,0,none,none,0,0.3904,0,416
2026-03-24,French Fries,food_snack,130,51,1,3,24,0,none,none,0,0.3904,0,416
2026-03-24,Samosa,food_snack,40,44,1,3,24,0,none,none,0,0.3904,0,416
2026-03-24,Chocolate Cake Slice,food_bakery,160,31,1,3,24,0,none,none,0,0.3904,0,416
2026-03-24,Croissant,food_bakery,140,14,1,3,24,0,none,none,0,0.3904,0,416
2026-03-25,Milk Tea (Dudh Chiya),beverage_hot,40,173,2,3,25,0,none,none,0,0.3745,0,417
2026-03-25,Masala Chiya,beverage_hot,50,135,2,3,25,0,none,none,0,0.3745,0,417
2026-03-25,Black Tea (Kalo Chiya),beverage_hot,30,53,2,3,25,0,none,none,0,0.3745,0,417
2026-03-25,Americano,beverage_hot,150,53,2,3,25,0,none,none,0,0.3745,0,417
2026-03-25,Cappuccino,beverage_hot,190,64,2,3,25,0,none,none,0,0.3745,0,417
2026-03-25,Cafe Latte,beverage_hot,200,65,2,3,25,0,none,none,0,0.3745,0,417
2026-03-25,Hot Chocolate,beverage_hot,180,28,2,3,25,0,none,none,0,0.3745,0,417
2026-03-25,Cold Coffee,beverage_cold,220,55,2,3,25,0,none,none,0,0.3745,0,417
2026-03-25,Iced Americano,beverage_cold,180,45,2,3,25,0,none,none,0,0.3745,0,417
2026-03-25,Lassi,beverage_cold,120,42,2,3,25,0,none,none,0,0.3745,0,417
2026-03-25,Fresh Lime Soda,beverage_cold,100,49,2,3,25,0,none,none,0,0.3745,0,417
2026-03-25,Veg Momo,food_main,160,81,2,3,25,0,none,none,0,0.3745,0,417
2026-03-25,Buff Momo,food_main,180,68,2,3,25,0,none,none,0,0.3745,0,417
2026-03-25,Chicken Chowmein,food_main,190,59,2,3,25,0,none,none,0,0.3745,0,417
2026-03-25,Veg Thukpa,food_main,170,43,2,3,25,0,none,none,0,0.3745,0,417
2026-03-25,Club Sandwich,food_main,250,28,2,3,25,0,none,none,0,0.3745,0,417
2026-03-25,Chicken Burger,food_main,280,35,2,3,25,0,none,none,0,0.3745,0,417
2026-03-25,French Fries,food_snack,130,52,2,3,25,0,none,none,0,0.3745,0,417
2026-03-25,Samosa,food_snack,40,46,2,3,25,0,none,none,0,0.3745,0,417
2026-03-25,Chocolate Cake Slice,food_bakery,160,23,2,3,25,0,none,none,0,0.3745,0,417
2026-03-25,Croissant,food_bakery,140,14,2,3,25,0,none,none,0,0.3745,0,417
2026-03-26,Milk Tea (Dudh Chiya),beverage_hot,40,198,3,3,26,0,none,none,0,0.3585,0,418
2026-03-26,Masala Chiya,beverage_hot,50,126,3,3,26,0,none,none,0,0.3585,0,418
2026-03-26,Black Tea (Kalo Chiya),beverage_hot,30,47,3,3,26,0,none,none,0,0.3585,0,418
2026-03-26,Americano,beverage_hot,150,62,3,3,26,0,none,none,0,0.3585,0,418
2026-03-26,Cappuccino,beverage_hot,190,56,3,3,26,0,none,none,0,0.3585,0,418
2026-03-26,Cafe Latte,beverage_hot,200,49,3,3,26,0,none,none,0,0.3585,0,418
2026-03-26,Hot Chocolate,beverage_hot,180,43,3,3,26,0,none,none,0,0.3585,0,418
2026-03-26,Cold Coffee,beverage_cold,220,45,3,3,26,0,none,none,0,0.3585,0,418
2026-03-26,Iced Americano,beverage_cold,180,34,3,3,26,0,none,none,0,0.3585,0,418
2026-03-26,Lassi,beverage_cold,120,42,3,3,26,0,none,none,0,0.3585,0,418
2026-03-26,Fresh Lime Soda,beverage_cold,100,55,3,3,26,0,none,none,0,0.3585,0,418
2026-03-26,Veg Momo,food_main,160,93,3,3,26,0,none,none,0,0.3585,0,418
2026-03-26,Buff Momo,food_main,180,71,3,3,26,0,none,none,0,0.3585,0,418
2026-03-26,Chicken Chowmein,food_main,190,56,3,3,26,0,none,none,0,0.3585,0,418
2026-03-26,Veg Thukpa,food_main,170,29,3,3,26,0,none,none,0,0.3585,0,418
2026-03-26,Club Sandwich,food_main,250,35,3,3,26,0,none,none,0,0.3585,0,418
2026-03-26,Chicken Burger,food_main,280,20,3,3,26,0,none,none,0,0.3585,0,418
2026-03-26,French Fries,food_snack,130,57,3,3,26,0,none,none,0,0.3585,0,418
2026-03-26,Samosa,food_snack,40,40,3,3,26,0,none,none,0,0.3585,0,418
2026-03-26,Chocolate Cake Slice,food_bakery,160,17,3,3,26,0,none,none,0,0.3585,0,418
2026-03-26,Croissant,food_bakery,140,30,3,3,26,0,none,none,0,0.3585,0,418
2026-03-27,Milk Tea (Dudh Chiya),beverage_hot,40,205,4,3,27,0,none,none,0,0.3424,0,419
2026-03-27,Masala Chiya,beverage_hot,50,125,4,3,27,0,none,none,0,0.3424,0,419
2026-03-27,Black Tea (Kalo Chiya),beverage_hot,30,61,4,3,27,0,none,none,0,0.3424,0,419
2026-03-27,Americano,beverage_hot,150,59,4,3,27,0,none,none,0,0.3424,0,419
2026-03-27,Cappuccino,beverage_hot,190,75,4,3,27,0,none,none,0,0.3424,0,419
2026-03-27,Cafe Latte,beverage_hot,200,75,4,3,27,0,none,none,0,0.3424,0,419
2026-03-27,Hot Chocolate,beverage_hot,180,38,4,3,27,0,none,none,0,0.3424,0,419
2026-03-27,Cold Coffee,beverage_cold,220,66,4,3,27,0,none,none,0,0.3424,0,419
2026-03-27,Iced Americano,beverage_cold,180,45,4,3,27,0,none,none,0,0.3424,0,419
2026-03-27,Lassi,beverage_cold,120,45,4,3,27,0,none,none,0,0.3424,0,419
2026-03-27,Fresh Lime Soda,beverage_cold,100,63,4,3,27,0,none,none,0,0.3424,0,419
2026-03-27,Veg Momo,food_main,160,98,4,3,27,0,none,none,0,0.3424,0,419
2026-03-27,Buff Momo,food_main,180,99,4,3,27,0,none,none,0,0.3424,0,419
2026-03-27,Chicken Chowmein,food_main,190,76,4,3,27,0,none,none,0,0.3424,0,419
2026-03-27,Veg Thukpa,food_main,170,34,4,3,27,0,none,none,0,0.3424,0,419
2026-03-27,Club Sandwich,food_main,250,34,4,3,27,0,none,none,0,0.3424,0,419
2026-03-27,Chicken Burger,food_main,280,42,4,3,27,0,none,none,0,0.3424,0,419
2026-03-27,French Fries,food_snack,130,72,4,3,27,0,none,none,0,0.3424,0,419
2026-03-27,Samosa,food_snack,40,46,4,3,27,0,none,none,0,0.3424,0,419
2026-03-27,Chocolate Cake Slice,food_bakery,160,29,4,3,27,0,none,none,0,0.3424,0,419
2026-03-27,Croissant,food_bakery,140,35,4,3,27,0,none,none,0,0.3424,0,419
2026-03-28,Milk Tea (Dudh Chiya),beverage_hot,40,215,5,3,28,1,none,none,0,0.3261,0,420
2026-03-28,Masala Chiya,beverage_hot,50,134,5,3,28,1,none,none,0,0.3261,0,420
2026-03-28,Black Tea (Kalo Chiya),beverage_hot,30,58,5,3,28,1,none,none,0,0.3261,0,420
2026-03-28,Americano,beverage_hot,150,60,5,3,28,1,none,none,0,0.3261,0,420
2026-03-28,Cappuccino,beverage_hot,190,63,5,3,28,1,none,none,0,0.3261,0,420
2026-03-28,Cafe Latte,beverage_hot,200,65,5,3,28,1,none,none,0,0.3261,0,420
2026-03-28,Hot Chocolate,beverage_hot,180,36,5,3,28,1,none,none,0,0.3261,0,420
2026-03-28,Cold Coffee,beverage_cold,220,40,5,3,28,1,none,none,0,0.3261,0,420
2026-03-28,Iced Americano,beverage_cold,180,39,5,3,28,1,none,none,0,0.3261,0,420
2026-03-28,Lassi,beverage_cold,120,63,5,3,28,1,none,none,0,0.3261,0,420
2026-03-28,Fresh Lime Soda,beverage_cold,100,65,5,3,28,1,none,none,0,0.3261,0,420
2026-03-28,Veg Momo,food_main,160,99,5,3,28,1,none,none,0,0.3261,0,420
2026-03-28,Buff Momo,food_main,180,110,5,3,28,1,none,none,0,0.3261,0,420
2026-03-28,Chicken Chowmein,food_main,190,69,5,3,28,1,none,none,0,0.3261,0,420
2026-03-28,Veg Thukpa,food_main,170,34,5,3,28,1,none,none,0,0.3261,0,420
2026-03-28,Club Sandwich,food_main,250,43,5,3,28,1,none,none,0,0.3261,0,420
2026-03-28,Chicken Burger,food_main,280,31,5,3,28,1,none,none,0,0.3261,0,420
2026-03-28,French Fries,food_snack,130,60,5,3,28,1,none,none,0,0.3261,0,420
2026-03-28,Samosa,food_snack,40,43,5,3,28,1,none,none,0,0.3261,0,420
2026-03-28,Chocolate Cake Slice,food_bakery,160,29,5,3,28,1,none,none,0,0.3261,0,420
2026-03-28,Croissant,food_bakery,140,16,5,3,28,1,none,none,0,0.3261,0,420
2026-03-29,Milk Tea (Dudh Chiya),beverage_hot,40,142,6,3,29,0,none,none,0,0.3098,0,421
2026-03-29,Masala Chiya,beverage_hot,50,89,6,3,29,0,none,none,0,0.3098,0,421
2026-03-29,Black Tea (Kalo Chiya),beverage_hot,30,51,6,3,29,0,none,none,0,0.3098,0,421
2026-03-29,Americano,beverage_hot,150,39,6,3,29,0,none,none,0,0.3098,0,421
2026-03-29,Cappuccino,beverage_hot,190,61,6,3,29,0,none,none,0,0.3098,0,421
2026-03-29,Cafe Latte,beverage_hot,200,50,6,3,29,0,none,none,0,0.3098,0,421
2026-03-29,Hot Chocolate,beverage_hot,180,33,6,3,29,0,none,none,0,0.3098,0,421
2026-03-29,Cold Coffee,beverage_cold,220,56,6,3,29,0,none,none,0,0.3098,0,421
2026-03-29,Iced Americano,beverage_cold,180,42,6,3,29,0,none,none,0,0.3098,0,421
2026-03-29,Lassi,beverage_cold,120,38,6,3,29,0,none,none,0,0.3098,0,421
2026-03-29,Fresh Lime Soda,beverage_cold,100,45,6,3,29,0,none,none,0,0.3098,0,421
2026-03-29,Veg Momo,food_main,160,67,6,3,29,0,none,none,0,0.3098,0,421
2026-03-29,Buff Momo,food_main,180,89,6,3,29,0,none,none,0,0.3098,0,421
2026-03-29,Chicken Chowmein,food_main,190,31,6,3,29,0,none,none,0,0.3098,0,421
2026-03-29,Veg Thukpa,food_main,170,27,6,3,29,0,none,none,0,0.3098,0,421
2026-03-29,Club Sandwich,food_main,250,31,6,3,29,0,none,none,0,0.3098,0,421
2026-03-29,Chicken Burger,food_main,280,26,6,3,29,0,none,none,0,0.3098,0,421
2026-03-29,French Fries,food_snack,130,50,6,3,29,0,none,none,0,0.3098,0,421
2026-03-29,Samosa,food_snack,40,38,6,3,29,0,none,none,0,0.3098,0,421
2026-03-29,Chocolate Cake Slice,food_bakery,160,31,6,3,29,0,none,none,0,0.3098,0,421
2026-03-29,Croissant,food_bakery,140,14,6,3,29,0,none,none,0,0.3098,0,421
2026-03-30,Milk Tea (Dudh Chiya),beverage_hot,40,151,0,3,30,0,none,none,0,0.2934,0,422
2026-03-30,Masala Chiya,beverage_hot,50,99,0,3,30,0,none,none,0,0.2934,0,422
2026-03-30,Black Tea (Kalo Chiya),beverage_hot,30,35,0,3,30,0,none,none,0,0.2934,0,422
2026-03-30,Americano,beverage_hot,150,42,0,3,30,0,none,none,0,0.2934,0,422
2026-03-30,Cappuccino,beverage_hot,190,57,0,3,30,0,none,none,0,0.2934,0,422
2026-03-30,Cafe Latte,beverage_hot,200,44,0,3,30,0,none,none,0,0.2934,0,422
2026-03-30,Hot Chocolate,beverage_hot,180,27,0,3,30,0,none,none,0,0.2934,0,422
2026-03-30,Cold Coffee,beverage_cold,220,51,0,3,30,0,none,none,0,0.2934,0,422
2026-03-30,Iced Americano,beverage_cold,180,25,0,3,30,0,none,none,0,0.2934,0,422
2026-03-30,Lassi,beverage_cold,120,37,0,3,30,0,none,none,0,0.2934,0,422
2026-03-30,Fresh Lime Soda,beverage_cold,100,52,0,3,30,0,none,none,0,0.2934,0,422
2026-03-30,Veg Momo,food_main,160,69,0,3,30,0,none,none,0,0.2934,0,422
2026-03-30,Buff Momo,food_main,180,83,0,3,30,0,none,none,0,0.2934,0,422
2026-03-30,Chicken Chowmein,food_main,190,45,0,3,30,0,none,none,0,0.2934,0,422
2026-03-30,Veg Thukpa,food_main,170,33,0,3,30,0,none,none,0,0.2934,0,422
2026-03-30,Club Sandwich,food_main,250,18,0,3,30,0,none,none,0,0.2934,0,422
2026-03-30,Chicken Burger,food_main,280,15,0,3,30,0,none,none,0,0.2934,0,422
2026-03-30,French Fries,food_snack,130,39,0,3,30,0,none,none,0,0.2934,0,422
2026-03-30,Samosa,food_snack,40,31,0,3,30,0,none,none,0,0.2934,0,422
2026-03-30,Chocolate Cake Slice,food_bakery,160,25,0,3,30,0,none,none,0,0.2934,0,422
2026-03-30,Croissant,food_bakery,140,17,0,3,30,0,none,none,0,0.2934,0,422
2026-03-31,Milk Tea (Dudh Chiya),beverage_hot,40,175,1,3,31,0,none,none,0,0.2769,0,423
2026-03-31,Masala Chiya,beverage_hot,50,117,1,3,31,0,none,none,0,0.2769,0,423
2026-03-31,Black Tea (Kalo Chiya),beverage_hot,30,76,1,3,31,0,none,none,0,0.2769,0,423
2026-03-31,Americano,beverage_hot,150,60,1,3,31,0,none,none,0,0.2769,0,423
2026-03-31,Cappuccino,beverage_hot,190,77,1,3,31,0,none,none,0,0.2769,0,423
2026-03-31,Cafe Latte,beverage_hot,200,65,1,3,31,0,none,none,0,0.2769,0,423
2026-03-31,Hot Chocolate,beverage_hot,180,26,1,3,31,0,none,none,0,0.2769,0,423
2026-03-31,Cold Coffee,beverage_cold,220,56,1,3,31,0,none,none,0,0.2769,0,423
2026-03-31,Iced Americano,beverage_cold,180,45,1,3,31,0,none,none,0,0.2769,0,423
2026-03-31,Lassi,beverage_cold,120,50,1,3,31,0,none,none,0,0.2769,0,423
2026-03-31,Fresh Lime Soda,beverage_cold,100,56,1,3,31,0,none,none,0,0.2769,0,423
2026-03-31,Veg Momo,food_main,160,69,1,3,31,0,none,none,0,0.2769,0,423
2026-03-31,Buff Momo,food_main,180,95,1,3,31,0,none,none,0,0.2769,0,423
2026-03-31,Chicken Chowmein,food_main,190,60,1,3,31,0,none,none,0,0.2769,0,423
2026-03-31,Veg Thukpa,food_main,170,27,1,3,31,0,none,none,0,0.2769,0,423
2026-03-31,Club Sandwich,food_main,250,34,1,3,31,0,none,none,0,0.2769,0,423
2026-03-31,Chicken Burger,food_main,280,23,1,3,31,0,none,none,0,0.2769,0,423
2026-03-31,French Fries,food_snack,130,53,1,3,31,0,none,none,0,0.2769,0,423
2026-03-31,Samosa,food_snack,40,43,1,3,31,0,none,none,0,0.2769,0,423
2026-03-31,Chocolate Cake Slice,food_bakery,160,24,1,3,31,0,none,none,0,0.2769,0,423
2026-03-31,Croissant,food_bakery,140,12,1,3,31,0,none,none,0,0.2769,0,423
2026-04-01,Milk Tea (Dudh Chiya),beverage_hot,40,167,2,4,1,0,none,none,0,0.2604,0,424
2026-04-01,Masala Chiya,beverage_hot,50,97,2,4,1,0,none,none,0,0.2604,0,424
2026-04-01,Black Tea (Kalo Chiya),beverage_hot,30,39,2,4,1,0,none,none,0,0.2604,0,424
2026-04-01,Americano,beverage_hot,150,43,2,4,1,0,none,none,0,0.2604,0,424
2026-04-01,Cappuccino,beverage_hot,190,63,2,4,1,0,none,none,0,0.2604,0,424
2026-04-01,Cafe Latte,beverage_hot,200,65,2,4,1,0,none,none,0,0.2604,0,424
2026-04-01,Hot Chocolate,beverage_hot,180,33,2,4,1,0,none,none,0,0.2604,0,424
2026-04-01,Cold Coffee,beverage_cold,220,46,2,4,1,0,none,none,0,0.2604,0,424
2026-04-01,Iced Americano,beverage_cold,180,34,2,4,1,0,none,none,0,0.2604,0,424
2026-04-01,Lassi,beverage_cold,120,31,2,4,1,0,none,none,0,0.2604,0,424
2026-04-01,Fresh Lime Soda,beverage_cold,100,50,2,4,1,0,none,none,0,0.2604,0,424
2026-04-01,Veg Momo,food_main,160,76,2,4,1,0,none,none,0,0.2604,0,424
2026-04-01,Buff Momo,food_main,180,79,2,4,1,0,none,none,0,0.2604,0,424
2026-04-01,Chicken Chowmein,food_main,190,62,2,4,1,0,none,none,0,0.2604,0,424
2026-04-01,Veg Thukpa,food_main,170,27,2,4,1,0,none,none,0,0.2604,0,424
2026-04-01,Club Sandwich,food_main,250,27,2,4,1,0,none,none,0,0.2604,0,424
2026-04-01,Chicken Burger,food_main,280,30,2,4,1,0,none,none,0,0.2604,0,424
2026-04-01,French Fries,food_snack,130,41,2,4,1,0,none,none,0,0.2604,0,424
2026-04-01,Samosa,food_snack,40,38,2,4,1,0,none,none,0,0.2604,0,424
2026-04-01,Chocolate Cake Slice,food_bakery,160,21,2,4,1,0,none,none,0,0.2604,0,424
2026-04-01,Croissant,food_bakery,140,15,2,4,1,0,none,none,0,0.2604,0,424
2026-04-02,Milk Tea (Dudh Chiya),beverage_hot,40,154,3,4,2,0,none,none,0,0.2437,0,425
2026-04-02,Masala Chiya,beverage_hot,50,100,3,4,2,0,none,none,0,0.2437,0,425
2026-04-02,Black Tea (Kalo Chiya),beverage_hot,30,60,3,4,2,0,none,none,0,0.2437,0,425
2026-04-02,Americano,beverage_hot,150,58,3,4,2,0,none,none,0,0.2437,0,425
2026-04-02,Cappuccino,beverage_hot,190,76,3,4,2,0,none,none,0,0.2437,0,425
2026-04-02,Cafe Latte,beverage_hot,200,58,3,4,2,0,none,none,0,0.2437,0,425
2026-04-02,Hot Chocolate,beverage_hot,180,31,3,4,2,0,none,none,0,0.2437,0,425
2026-04-02,Cold Coffee,beverage_cold,220,55,3,4,2,0,none,none,0,0.2437,0,425
2026-04-02,Iced Americano,beverage_cold,180,50,3,4,2,0,none,none,0,0.2437,0,425
2026-04-02,Lassi,beverage_cold,120,39,3,4,2,0,none,none,0,0.2437,0,425
2026-04-02,Fresh Lime Soda,beverage_cold,100,51,3,4,2,0,none,none,0,0.2437,0,425
2026-04-02,Veg Momo,food_main,160,74,3,4,2,0,none,none,0,0.2437,0,425
2026-04-02,Buff Momo,food_main,180,81,3,4,2,0,none,none,0,0.2437,0,425
2026-04-02,Chicken Chowmein,food_main,190,64,3,4,2,0,none,none,0,0.2437,0,425
2026-04-02,Veg Thukpa,food_main,170,23,3,4,2,0,none,none,0,0.2437,0,425
2026-04-02,Club Sandwich,food_main,250,40,3,4,2,0,none,none,0,0.2437,0,425
2026-04-02,Chicken Burger,food_main,280,33,3,4,2,0,none,none,0,0.2437,0,425
2026-04-02,French Fries,food_snack,130,56,3,4,2,0,none,none,0,0.2437,0,425
2026-04-02,Samosa,food_snack,40,32,3,4,2,0,none,none,0,0.2437,0,425
2026-04-02,Chocolate Cake Slice,food_bakery,160,29,3,4,2,0,none,none,0,0.2437,0,425
2026-04-02,Croissant,food_bakery,140,13,3,4,2,0,none,none,0,0.2437,0,425
2026-04-03,Milk Tea (Dudh Chiya),beverage_hot,40,172,4,4,3,0,none,none,0,0.227,0,426
2026-04-03,Masala Chiya,beverage_hot,50,98,4,4,3,0,none,none,0,0.227,0,426
2026-04-03,Black Tea (Kalo Chiya),beverage_hot,30,55,4,4,3,0,none,none,0,0.227,0,426
2026-04-03,Americano,beverage_hot,150,61,4,4,3,0,none,none,0,0.227,0,426
2026-04-03,Cappuccino,beverage_hot,190,65,4,4,3,0,none,none,0,0.227,0,426
2026-04-03,Cafe Latte,beverage_hot,200,67,4,4,3,0,none,none,0,0.227,0,426
2026-04-03,Hot Chocolate,beverage_hot,180,35,4,4,3,0,none,none,0,0.227,0,426
2026-04-03,Cold Coffee,beverage_cold,220,53,4,4,3,0,none,none,0,0.227,0,426
2026-04-03,Iced Americano,beverage_cold,180,36,4,4,3,0,none,none,0,0.227,0,426
2026-04-03,Lassi,beverage_cold,120,35,4,4,3,0,none,none,0,0.227,0,426
2026-04-03,Fresh Lime Soda,beverage_cold,100,38,4,4,3,0,none,none,0,0.227,0,426
2026-04-03,Veg Momo,food_main,160,76,4,4,3,0,none,none,0,0.227,0,426
2026-04-03,Buff Momo,food_main,180,72,4,4,3,0,none,none,0,0.227,0,426
2026-04-03,Chicken Chowmein,food_main,190,65,4,4,3,0,none,none,0,0.227,0,426
2026-04-03,Veg Thukpa,food_main,170,35,4,4,3,0,none,none,0,0.227,0,426
2026-04-03,Club Sandwich,food_main,250,26,4,4,3,0,none,none,0,0.227,0,426
2026-04-03,Chicken Burger,food_main,280,28,4,4,3,0,none,none,0,0.227,0,426
2026-04-03,French Fries,food_snack,130,49,4,4,3,0,none,none,0,0.227,0,426
2026-04-03,Samosa,food_snack,40,45,4,4,3,0,none,none,0,0.227,0,426
2026-04-03,Chocolate Cake Slice,food_bakery,160,17,4,4,3,0,none,none,0,0.227,0,426
2026-04-03,Croissant,food_bakery,140,18,4,4,3,0,none,none,0,0.227,0,426
2026-04-04,Milk Tea (Dudh Chiya),beverage_hot,40,213,5,4,4,1,none,none,0,0.2102,0,427
2026-04-04,Masala Chiya,beverage_hot,50,135,5,4,4,1,none,none,0,0.2102,0,427
2026-04-04,Black Tea (Kalo Chiya),beverage_hot,30,65,5,4,4,1,none,none,0,0.2102,0,427
2026-04-04,Americano,beverage_hot,150,74,5,4,4,1,none,none,0,0.2102,0,427
2026-04-04,Cappuccino,beverage_hot,190,84,5,4,4,1,none,none,0,0.2102,0,427
2026-04-04,Cafe Latte,beverage_hot,200,67,5,4,4,1,none,none,0,0.2102,0,427
2026-04-04,Hot Chocolate,beverage_hot,180,45,5,4,4,1,none,none,0,0.2102,0,427
2026-04-04,Cold Coffee,beverage_cold,220,66,5,4,4,1,none,none,0,0.2102,0,427
2026-04-04,Iced Americano,beverage_cold,180,46,5,4,4,1,none,none,0,0.2102,0,427
2026-04-04,Lassi,beverage_cold,120,56,5,4,4,1,none,none,0,0.2102,0,427
2026-04-04,Fresh Lime Soda,beverage_cold,100,54,5,4,4,1,none,none,0,0.2102,0,427
2026-04-04,Veg Momo,food_main,160,82,5,4,4,1,none,none,0,0.2102,0,427
2026-04-04,Buff Momo,food_main,180,94,5,4,4,1,none,none,0,0.2102,0,427
2026-04-04,Chicken Chowmein,food_main,190,71,5,4,4,1,none,none,0,0.2102,0,427
2026-04-04,Veg Thukpa,food_main,170,40,5,4,4,1,none,none,0,0.2102,0,427
2026-04-04,Club Sandwich,food_main,250,39,5,4,4,1,none,none,0,0.2102,0,427
2026-04-04,Chicken Burger,food_main,280,35,5,4,4,1,none,none,0,0.2102,0,427
2026-04-04,French Fries,food_snack,130,60,5,4,4,1,none,none,0,0.2102,0,427
2026-04-04,Samosa,food_snack,40,51,5,4,4,1,none,none,0,0.2102,0,427
2026-04-04,Chocolate Cake Slice,food_bakery,160,23,5,4,4,1,none,none,0,0.2102,0,427
2026-04-04,Croissant,food_bakery,140,27,5,4,4,1,none,none,0,0.2102,0,427
2026-04-05,Milk Tea (Dudh Chiya),beverage_hot,40,128,6,4,5,0,none,none,0,0.1934,0,428
2026-04-05,Masala Chiya,beverage_hot,50,94,6,4,5,0,none,none,0,0.1934,0,428
2026-04-05,Black Tea (Kalo Chiya),beverage_hot,30,46,6,4,5,0,none,none,0,0.1934,0,428
2026-04-05,Americano,beverage_hot,150,38,6,4,5,0,none,none,0,0.1934,0,428
2026-04-05,Cappuccino,beverage_hot,190,48,6,4,5,0,none,none,0,0.1934,0,428
2026-04-05,Cafe Latte,beverage_hot,200,51,6,4,5,0,none,none,0,0.1934,0,428
2026-04-05,Hot Chocolate,beverage_hot,180,24,6,4,5,0,none,none,0,0.1934,0,428
2026-04-05,Cold Coffee,beverage_cold,220,41,6,4,5,0,none,none,0,0.1934,0,428
2026-04-05,Iced Americano,beverage_cold,180,35,6,4,5,0,none,none,0,0.1934,0,428
2026-04-05,Lassi,beverage_cold,120,33,6,4,5,0,none,none,0,0.1934,0,428
2026-04-05,Fresh Lime Soda,beverage_cold,100,43,6,4,5,0,none,none,0,0.1934,0,428
2026-04-05,Veg Momo,food_main,160,56,6,4,5,0,none,none,0,0.1934,0,428
2026-04-05,Buff Momo,food_main,180,70,6,4,5,0,none,none,0,0.1934,0,428
2026-04-05,Chicken Chowmein,food_main,190,42,6,4,5,0,none,none,0,0.1934,0,428
2026-04-05,Veg Thukpa,food_main,170,20,6,4,5,0,none,none,0,0.1934,0,428
2026-04-05,Club Sandwich,food_main,250,33,6,4,5,0,none,none,0,0.1934,0,428
2026-04-05,Chicken Burger,food_main,280,16,6,4,5,0,none,none,0,0.1934,0,428
2026-04-05,French Fries,food_snack,130,40,6,4,5,0,none,none,0,0.1934,0,428
2026-04-05,Samosa,food_snack,40,35,6,4,5,0,none,none,0,0.1934,0,428
2026-04-05,Chocolate Cake Slice,food_bakery,160,20,6,4,5,0,none,none,0,0.1934,0,428
2026-04-05,Croissant,food_bakery,140,15,6,4,5,0,none,none,0,0.1934,0,428
2026-04-06,Milk Tea (Dudh Chiya),beverage_hot,40,139,0,4,6,0,none,none,0,0.1765,0,429
2026-04-06,Masala Chiya,beverage_hot,50,99,0,4,6,0,none,none,0,0.1765,0,429
2026-04-06,Black Tea (Kalo Chiya),beverage_hot,30,40,0,4,6,0,none,none,0,0.1765,0,429
2026-04-06,Americano,beverage_hot,150,44,0,4,6,0,none,none,0,0.1765,0,429
2026-04-06,Cappuccino,beverage_hot,190,55,0,4,6,0,none,none,0,0.1765,0,429
2026-04-06,Cafe Latte,beverage_hot,200,48,0,4,6,0,none,none,0,0.1765,0,429
2026-04-06,Hot Chocolate,beverage_hot,180,27,0,4,6,0,none,none,0,0.1765,0,429
2026-04-06,Cold Coffee,beverage_cold,220,36,0,4,6,0,none,none,0,0.1765,0,429
2026-04-06,Iced Americano,beverage_cold,180,45,0,4,6,0,none,none,0,0.1765,0,429
2026-04-06,Lassi,beverage_cold,120,49,0,4,6,0,none,none,0,0.1765,0,429
2026-04-06,Fresh Lime Soda,beverage_cold,100,39,0,4,6,0,none,none,0,0.1765,0,429
2026-04-06,Veg Momo,food_main,160,53,0,4,6,0,none,none,0,0.1765,0,429
2026-04-06,Buff Momo,food_main,180,78,0,4,6,0,none,none,0,0.1765,0,429
2026-04-06,Chicken Chowmein,food_main,190,46,0,4,6,0,none,none,0,0.1765,0,429
2026-04-06,Veg Thukpa,food_main,170,30,0,4,6,0,none,none,0,0.1765,0,429
2026-04-06,Club Sandwich,food_main,250,32,0,4,6,0,none,none,0,0.1765,0,429
2026-04-06,Chicken Burger,food_main,280,26,0,4,6,0,none,none,0,0.1765,0,429
2026-04-06,French Fries,food_snack,130,31,0,4,6,0,none,none,0,0.1765,0,429
2026-04-06,Samosa,food_snack,40,29,0,4,6,0,none,none,0,0.1765,0,429
2026-04-06,Chocolate Cake Slice,food_bakery,160,22,0,4,6,0,none,none,0,0.1765,0,429
2026-04-06,Croissant,food_bakery,140,15,0,4,6,0,none,none,0,0.1765,0,429
2026-04-07,Milk Tea (Dudh Chiya),beverage_hot,40,201,1,4,7,0,none,none,0,0.1595,0,430
2026-04-07,Masala Chiya,beverage_hot,50,112,1,4,7,0,none,none,0,0.1595,0,430
2026-04-07,Black Tea (Kalo Chiya),beverage_hot,30,47,1,4,7,0,none,none,0,0.1595,0,430
2026-04-07,Americano,beverage_hot,150,55,1,4,7,0,none,none,0,0.1595,0,430
2026-04-07,Cappuccino,beverage_hot,190,50,1,4,7,0,none,none,0,0.1595,0,430
2026-04-07,Cafe Latte,beverage_hot,200,57,1,4,7,0,none,none,0,0.1595,0,430
2026-04-07,Hot Chocolate,beverage_hot,180,30,1,4,7,0,none,none,0,0.1595,0,430
2026-04-07,Cold Coffee,beverage_cold,220,66,1,4,7,0,none,none,0,0.1595,0,430
2026-04-07,Iced Americano,beverage_cold,180,47,1,4,7,0,none,none,0,0.1595,0,430
2026-04-07,Lassi,beverage_cold,120,45,1,4,7,0,none,none,0,0.1595,0,430
2026-04-07,Fresh Lime Soda,beverage_cold,100,49,1,4,7,0,none,none,0,0.1595,0,430
2026-04-07,Veg Momo,food_main,160,75,1,4,7,0,none,none,0,0.1595,0,430
2026-04-07,Buff Momo,food_main,180,92,1,4,7,0,none,none,0,0.1595,0,430
2026-04-07,Chicken Chowmein,food_main,190,58,1,4,7,0,none,none,0,0.1595,0,430
2026-04-07,Veg Thukpa,food_main,170,35,1,4,7,0,none,none,0,0.1595,0,430
2026-04-07,Club Sandwich,food_main,250,30,1,4,7,0,none,none,0,0.1595,0,430
2026-04-07,Chicken Burger,food_main,280,31,1,4,7,0,none,none,0,0.1595,0,430
2026-04-07,French Fries,food_snack,130,64,1,4,7,0,none,none,0,0.1595,0,430
2026-04-07,Samosa,food_snack,40,52,1,4,7,0,none,none,0,0.1595,0,430
2026-04-07,Chocolate Cake Slice,food_bakery,160,25,1,4,7,0,none,none,0,0.1595,0,430
2026-04-07,Croissant,food_bakery,140,13,1,4,7,0,none,none,0,0.1595,0,430
2026-04-08,Milk Tea (Dudh Chiya),beverage_hot,40,172,2,4,8,0,none,none,0,0.1425,0,431
2026-04-08,Masala Chiya,beverage_hot,50,113,2,4,8,0,none,none,0,0.1425,0,431
2026-04-08,Black Tea (Kalo Chiya),beverage_hot,30,53,2,4,8,0,none,none,0,0.1425,0,431
2026-04-08,Americano,beverage_hot,150,54,2,4,8,0,none,none,0,0.1425,0,431
2026-04-08,Cappuccino,beverage_hot,190,69,2,4,8,0,none,none,0,0.1425,0,431
2026-04-08,Cafe Latte,beverage_hot,200,61,2,4,8,0,none,none,0,0.1425,0,431
2026-04-08,Hot Chocolate,beverage_hot,180,31,2,4,8,0,none,none,0,0.1425,0,431
2026-04-08,Cold Coffee,beverage_cold,220,60,2,4,8,0,none,none,0,0.1425,0,431
2026-04-08,Iced Americano,beverage_cold,180,39,2,4,8,0,none,none,0,0.1425,0,431
2026-04-08,Lassi,beverage_cold,120,62,2,4,8,0,none,none,0,0.1425,0,431
2026-04-08,Fresh Lime Soda,beverage_cold,100,49,2,4,8,0,none,none,0,0.1425,0,431
2026-04-08,Veg Momo,food_main,160,80,2,4,8,0,none,none,0,0.1425,0,431
2026-04-08,Buff Momo,food_main,180,92,2,4,8,0,none,none,0,0.1425,0,431
2026-04-08,Chicken Chowmein,food_main,190,47,2,4,8,0,none,none,0,0.1425,0,431
2026-04-08,Veg Thukpa,food_main,170,35,2,4,8,0,none,none,0,0.1425,0,431
2026-04-08,Club Sandwich,food_main,250,32,2,4,8,0,none,none,0,0.1425,0,431
2026-04-08,Chicken Burger,food_main,280,39,2,4,8,0,none,none,0,0.1425,0,431
2026-04-08,French Fries,food_snack,130,51,2,4,8,0,none,none,0,0.1425,0,431
2026-04-08,Samosa,food_snack,40,41,2,4,8,0,none,none,0,0.1425,0,431
2026-04-08,Chocolate Cake Slice,food_bakery,160,21,2,4,8,0,none,none,0,0.1425,0,431
2026-04-08,Croissant,food_bakery,140,18,2,4,8,0,none,none,0,0.1425,0,431
2026-04-09,Milk Tea (Dudh Chiya),beverage_hot,40,140,3,4,9,0,none,none,0,0.1255,0,432
2026-04-09,Masala Chiya,beverage_hot,50,110,3,4,9,0,none,none,0,0.1255,0,432
2026-04-09,Black Tea (Kalo Chiya),beverage_hot,30,43,3,4,9,0,none,none,0,0.1255,0,432
2026-04-09,Americano,beverage_hot,150,45,3,4,9,0,none,none,0,0.1255,0,432
2026-04-09,Cappuccino,beverage_hot,190,68,3,4,9,0,none,none,0,0.1255,0,432
2026-04-09,Cafe Latte,beverage_hot,200,44,3,4,9,0,none,none,0,0.1255,0,432
2026-04-09,Hot Chocolate,beverage_hot,180,30,3,4,9,0,none,none,0,0.1255,0,432
2026-04-09,Cold Coffee,beverage_cold,220,43,3,4,9,0,none,none,0,0.1255,0,432
2026-04-09,Iced Americano,beverage_cold,180,36,3,4,9,0,none,none,0,0.1255,0,432
2026-04-09,Lassi,beverage_cold,120,34,3,4,9,0,none,none,0,0.1255,0,432
2026-04-09,Fresh Lime Soda,beverage_cold,100,38,3,4,9,0,none,none,0,0.1255,0,432
2026-04-09,Veg Momo,food_main,160,83,3,4,9,0,none,none,0,0.1255,0,432
2026-04-09,Buff Momo,food_main,180,80,3,4,9,0,none,none,0,0.1255,0,432
2026-04-09,Chicken Chowmein,food_main,190,61,3,4,9,0,none,none,0,0.1255,0,432
2026-04-09,Veg Thukpa,food_main,170,35,3,4,9,0,none,none,0,0.1255,0,432
2026-04-09,Club Sandwich,food_main,250,35,3,4,9,0,none,none,0,0.1255,0,432
2026-04-09,Chicken Burger,food_main,280,32,3,4,9,0,none,none,0,0.1255,0,432
2026-04-09,French Fries,food_snack,130,45,3,4,9,0,none,none,0,0.1255,0,432
2026-04-09,Samosa,food_snack,40,46,3,4,9,0,none,none,0,0.1255,0,432
2026-04-09,Chocolate Cake Slice,food_bakery,160,13,3,4,9,0,none,none,0,0.1255,0,432
2026-04-09,Croissant,food_bakery,140,12,3,4,9,0,none,none,0,0.1255,0,432
2026-04-10,Milk Tea (Dudh Chiya),beverage_hot,40,265,4,4,10,0,none,none,0,0.1084,0,433
2026-04-10,Masala Chiya,beverage_hot,50,173,4,4,10,0,none,none,0,0.1084,0,433
2026-04-10,Black Tea (Kalo Chiya),beverage_hot,30,97,4,4,10,0,none,none,0,0.1084,0,433
2026-04-10,Americano,beverage_hot,150,72,4,4,10,0,none,none,0,0.1084,0,433
2026-04-10,Cappuccino,beverage_hot,190,85,4,4,10,0,none,none,0,0.1084,0,433
2026-04-10,Cafe Latte,beverage_hot,200,79,4,4,10,0,none,none,0,0.1084,0,433
2026-04-10,Hot Chocolate,beverage_hot,180,40,4,4,10,0,none,none,0,0.1084,0,433
2026-04-10,Cold Coffee,beverage_cold,220,72,4,4,10,0,none,none,0,0.1084,0,433
2026-04-10,Iced Americano,beverage_cold,180,59,4,4,10,0,none,none,0,0.1084,0,433
2026-04-10,Lassi,beverage_cold,120,62,4,4,10,0,none,none,0,0.1084,0,433
2026-04-10,Fresh Lime Soda,beverage_cold,100,73,4,4,10,0,none,none,0,0.1084,0,433
2026-04-10,Veg Momo,food_main,160,123,4,4,10,0,none,none,0,0.1084,0,433
2026-04-10,Buff Momo,food_main,180,99,4,4,10,0,none,none,0,0.1084,0,433
2026-04-10,Chicken Chowmein,food_main,190,93,4,4,10,0,none,none,0,0.1084,0,433
2026-04-10,Veg Thukpa,food_main,170,37,4,4,10,0,none,none,0,0.1084,0,433
2026-04-10,Club Sandwich,food_main,250,52,4,4,10,0,none,none,0,0.1084,0,433
2026-04-10,Chicken Burger,food_main,280,31,4,4,10,0,none,none,0,0.1084,0,433
2026-04-10,French Fries,food_snack,130,67,4,4,10,0,none,none,0,0.1084,0,433
2026-04-10,Samosa,food_snack,40,57,4,4,10,0,none,none,0,0.1084,0,433
2026-04-10,Chocolate Cake Slice,food_bakery,160,23,4,4,10,0,none,none,0,0.1084,0,433
2026-04-10,Croissant,food_bakery,140,17,4,4,10,0,none,none,0,0.1084,0,433
2026-04-11,Milk Tea (Dudh Chiya),beverage_hot,40,260,5,4,11,1,none,none,0,0.0913,0,434
2026-04-11,Masala Chiya,beverage_hot,50,163,5,4,11,1,none,none,0,0.0913,0,434
2026-04-11,Black Tea (Kalo Chiya),beverage_hot,30,90,5,4,11,1,none,none,0,0.0913,0,434
2026-04-11,Americano,beverage_hot,150,65,5,4,11,1,none,none,0,0.0913,0,434
2026-04-11,Cappuccino,beverage_hot,190,85,5,4,11,1,none,none,0,0.0913,0,434
2026-04-11,Cafe Latte,beverage_hot,200,87,5,4,11,1,none,none,0,0.0913,0,434
2026-04-11,Hot Chocolate,beverage_hot,180,39,5,4,11,1,none,none,0,0.0913,0,434
2026-04-11,Cold Coffee,beverage_cold,220,78,5,4,11,1,none,none,0,0.0913,0,434
2026-04-11,Iced Americano,beverage_cold,180,68,5,4,11,1,none,none,0,0.0913,0,434
2026-04-11,Lassi,beverage_cold,120,54,5,4,11,1,none,none,0,0.0913,0,434
2026-04-11,Fresh Lime Soda,beverage_cold,100,88,5,4,11,1,none,none,0,0.0913,1,434
2026-04-11,Veg Momo,food_main,160,101,5,4,11,1,none,none,0,0.0913,0,434
2026-04-11,Buff Momo,food_main,180,163,5,4,11,1,none,none,0,0.0913,1,434
2026-04-11,Chicken Chowmein,food_main,190,80,5,4,11,1,none,none,0,0.0913,0,434
2026-04-11,Veg Thukpa,food_main,170,40,5,4,11,1,none,none,0,0.0913,0,434
2026-04-11,Club Sandwich,food_main,250,42,5,4,11,1,none,none,0,0.0913,0,434
2026-04-11,Chicken Burger,food_main,280,51,5,4,11,1,none,none,0,0.0913,0,434
2026-04-11,French Fries,food_snack,130,64,5,4,11,1,none,none,0,0.0913,0,434
2026-04-11,Samosa,food_snack,40,59,5,4,11,1,none,none,0,0.0913,0,434
2026-04-11,Chocolate Cake Slice,food_bakery,160,40,5,4,11,1,none,none,0,0.0913,0,434
2026-04-11,Croissant,food_bakery,140,31,5,4,11,1,none,none,0,0.0913,0,434
2026-04-12,Milk Tea (Dudh Chiya),beverage_hot,40,189,6,4,12,0,none,none,0,0.0741,0,435
2026-04-12,Masala Chiya,beverage_hot,50,116,6,4,12,0,none,none,0,0.0741,0,435
2026-04-12,Black Tea (Kalo Chiya),beverage_hot,30,54,6,4,12,0,none,none,0,0.0741,0,435
2026-04-12,Americano,beverage_hot,150,52,6,4,12,0,none,none,0,0.0741,0,435
2026-04-12,Cappuccino,beverage_hot,190,70,6,4,12,0,none,none,0,0.0741,0,435
2026-04-12,Cafe Latte,beverage_hot,200,57,6,4,12,0,none,none,0,0.0741,0,435
2026-04-12,Hot Chocolate,beverage_hot,180,29,6,4,12,0,none,none,0,0.0741,0,435
2026-04-12,Cold Coffee,beverage_cold,220,47,6,4,12,0,none,none,0,0.0741,0,435
2026-04-12,Iced Americano,beverage_cold,180,45,6,4,12,0,none,none,0,0.0741,0,435
2026-04-12,Lassi,beverage_cold,120,50,6,4,12,0,none,none,0,0.0741,0,435
2026-04-12,Fresh Lime Soda,beverage_cold,100,60,6,4,12,0,none,none,0,0.0741,1,435
2026-04-12,Veg Momo,food_main,160,60,6,4,12,0,none,none,0,0.0741,0,435
2026-04-12,Buff Momo,food_main,180,112,6,4,12,0,none,none,0,0.0741,1,435
2026-04-12,Chicken Chowmein,food_main,190,55,6,4,12,0,none,none,0,0.0741,0,435
2026-04-12,Veg Thukpa,food_main,170,36,6,4,12,0,none,none,0,0.0741,0,435
2026-04-12,Club Sandwich,food_main,250,42,6,4,12,0,none,none,0,0.0741,0,435
2026-04-12,Chicken Burger,food_main,280,28,6,4,12,0,none,none,0,0.0741,0,435
2026-04-12,French Fries,food_snack,130,56,6,4,12,0,none,none,0,0.0741,0,435
2026-04-12,Samosa,food_snack,40,39,6,4,12,0,none,none,0,0.0741,0,435
2026-04-12,Chocolate Cake Slice,food_bakery,160,22,6,4,12,0,none,none,0,0.0741,0,435
2026-04-12,Croissant,food_bakery,140,15,6,4,12,0,none,none,0,0.0741,0,435
2026-04-13,Milk Tea (Dudh Chiya),beverage_hot,40,166,0,4,13,0,none,none,0,0.057,0,436
2026-04-13,Masala Chiya,beverage_hot,50,95,0,4,13,0,none,none,0,0.057,0,436
2026-04-13,Black Tea (Kalo Chiya),beverage_hot,30,30,0,4,13,0,none,none,0,0.057,0,436
2026-04-13,Americano,beverage_hot,150,34,0,4,13,0,none,none,0,0.057,0,436
2026-04-13,Cappuccino,beverage_hot,190,61,0,4,13,0,none,none,0,0.057,0,436
2026-04-13,Cafe Latte,beverage_hot,200,48,0,4,13,0,none,none,0,0.057,0,436
2026-04-13,Hot Chocolate,beverage_hot,180,23,0,4,13,0,none,none,0,0.057,0,436
2026-04-13,Cold Coffee,beverage_cold,220,45,0,4,13,0,none,none,0,0.057,0,436
2026-04-13,Iced Americano,beverage_cold,180,45,0,4,13,0,none,none,0,0.057,0,436
2026-04-13,Lassi,beverage_cold,120,39,0,4,13,0,none,none,0,0.057,0,436
2026-04-13,Fresh Lime Soda,beverage_cold,100,48,0,4,13,0,none,none,0,0.057,1,436
2026-04-13,Veg Momo,food_main,160,58,0,4,13,0,none,none,0,0.057,0,436
2026-04-13,Buff Momo,food_main,180,74,0,4,13,0,none,none,0,0.057,1,436
2026-04-13,Chicken Chowmein,food_main,190,47,0,4,13,0,none,none,0,0.057,0,436
2026-04-13,Veg Thukpa,food_main,170,14,0,4,13,0,none,none,0,0.057,0,436
2026-04-13,Club Sandwich,food_main,250,25,0,4,13,0,none,none,0,0.057,0,436
2026-04-13,Chicken Burger,food_main,280,25,0,4,13,0,none,none,0,0.057,0,436
2026-04-13,French Fries,food_snack,130,46,0,4,13,0,none,none,0,0.057,0,436
2026-04-13,Samosa,food_snack,40,42,0,4,13,0,none,none,0,0.057,0,436
2026-04-13,Chocolate Cake Slice,food_bakery,160,18,0,4,13,0,none,none,0,0.057,0,436
2026-04-13,Croissant,food_bakery,140,16,0,4,13,0,none,none,0,0.057,0,436
2026-04-14,Milk Tea (Dudh Chiya),beverage_hot,40,255,1,4,14,0,Nepali New Year,spike,0,0.0398,0,437
2026-04-14,Masala Chiya,beverage_hot,50,149,1,4,14,0,Nepali New Year,spike,0,0.0398,0,437
2026-04-14,Black Tea (Kalo Chiya),beverage_hot,30,57,1,4,14,0,Nepali New Year,spike,0,0.0398,0,437
2026-04-14,Americano,beverage_hot,150,65,1,4,14,0,Nepali New Year,spike,0,0.0398,0,437
2026-04-14,Cappuccino,beverage_hot,190,84,1,4,14,0,Nepali New Year,spike,0,0.0398,0,437
2026-04-14,Cafe Latte,beverage_hot,200,84,1,4,14,0,Nepali New Year,spike,0,0.0398,0,437
2026-04-14,Hot Chocolate,beverage_hot,180,57,1,4,14,0,Nepali New Year,spike,0,0.0398,0,437
2026-04-14,Cold Coffee,beverage_cold,220,71,1,4,14,0,Nepali New Year,spike,0,0.0398,0,437
2026-04-14,Iced Americano,beverage_cold,180,40,1,4,14,0,Nepali New Year,spike,0,0.0398,0,437
2026-04-14,Lassi,beverage_cold,120,67,1,4,14,0,Nepali New Year,spike,0,0.0398,0,437
2026-04-14,Fresh Lime Soda,beverage_cold,100,81,1,4,14,0,Nepali New Year,spike,0,0.0398,1,437
2026-04-14,Veg Momo,food_main,160,109,1,4,14,0,Nepali New Year,spike,0,0.0398,0,437
2026-04-14,Buff Momo,food_main,180,153,1,4,14,0,Nepali New Year,spike,0,0.0398,1,437
2026-04-14,Chicken Chowmein,food_main,190,73,1,4,14,0,Nepali New Year,spike,0,0.0398,0,437
2026-04-14,Veg Thukpa,food_main,170,35,1,4,14,0,Nepali New Year,spike,0,0.0398,0,437
2026-04-14,Club Sandwich,food_main,250,51,1,4,14,0,Nepali New Year,spike,0,0.0398,0,437
2026-04-14,Chicken Burger,food_main,280,48,1,4,14,0,Nepali New Year,spike,0,0.0398,0,437
2026-04-14,French Fries,food_snack,130,66,1,4,14,0,Nepali New Year,spike,0,0.0398,0,437
2026-04-14,Samosa,food_snack,40,54,1,4,14,0,Nepali New Year,spike,0,0.0398,0,437
2026-04-14,Chocolate Cake Slice,food_bakery,160,28,1,4,14,0,Nepali New Year,spike,0,0.0398,0,437
2026-04-14,Croissant,food_bakery,140,13,1,4,14,0,Nepali New Year,spike,0,0.0398,0,437
2026-04-15,Milk Tea (Dudh Chiya),beverage_hot,40,139,2,4,15,0,none,none,0,0.0226,0,438
2026-04-15,Masala Chiya,beverage_hot,50,102,2,4,15,0,none,none,0,0.0226,0,438
2026-04-15,Black Tea (Kalo Chiya),beverage_hot,30,43,2,4,15,0,none,none,0,0.0226,0,438
2026-04-15,Americano,beverage_hot,150,60,2,4,15,0,none,none,0,0.0226,0,438
2026-04-15,Cappuccino,beverage_hot,190,63,2,4,15,0,none,none,0,0.0226,0,438
2026-04-15,Cafe Latte,beverage_hot,200,48,2,4,15,0,none,none,0,0.0226,0,438
2026-04-15,Hot Chocolate,beverage_hot,180,33,2,4,15,0,none,none,0,0.0226,0,438
2026-04-15,Cold Coffee,beverage_cold,220,53,2,4,15,0,none,none,0,0.0226,0,438
2026-04-15,Iced Americano,beverage_cold,180,41,2,4,15,0,none,none,0,0.0226,0,438
2026-04-15,Lassi,beverage_cold,120,35,2,4,15,0,none,none,0,0.0226,0,438
2026-04-15,Fresh Lime Soda,beverage_cold,100,58,2,4,15,0,none,none,0,0.0226,1,438
2026-04-15,Veg Momo,food_main,160,86,2,4,15,0,none,none,0,0.0226,0,438
2026-04-15,Buff Momo,food_main,180,105,2,4,15,0,none,none,0,0.0226,1,438
2026-04-15,Chicken Chowmein,food_main,190,55,2,4,15,0,none,none,0,0.0226,0,438
2026-04-15,Veg Thukpa,food_main,170,36,2,4,15,0,none,none,0,0.0226,0,438
2026-04-15,Club Sandwich,food_main,250,32,2,4,15,0,none,none,0,0.0226,0,438
2026-04-15,Chicken Burger,food_main,280,28,2,4,15,0,none,none,0,0.0226,0,438
2026-04-15,French Fries,food_snack,130,42,2,4,15,0,none,none,0,0.0226,0,438
2026-04-15,Samosa,food_snack,40,56,2,4,15,0,none,none,0,0.0226,0,438
2026-04-15,Chocolate Cake Slice,food_bakery,160,26,2,4,15,0,none,none,0,0.0226,0,438
2026-04-15,Croissant,food_bakery,140,13,2,4,15,0,none,none,0,0.0226,0,438
2026-04-16,Milk Tea (Dudh Chiya),beverage_hot,40,189,3,4,16,0,none,none,0,0.0054,0,439
2026-04-16,Masala Chiya,beverage_hot,50,114,3,4,16,0,none,none,0,0.0054,0,439
2026-04-16,Black Tea (Kalo Chiya),beverage_hot,30,56,3,4,16,0,none,none,0,0.0054,0,439
2026-04-16,Americano,beverage_hot,150,57,3,4,16,0,none,none,0,0.0054,0,439
2026-04-16,Cappuccino,beverage_hot,190,78,3,4,16,0,none,none,0,0.0054,0,439
2026-04-16,Cafe Latte,beverage_hot,200,69,3,4,16,0,none,none,0,0.0054,0,439
2026-04-16,Hot Chocolate,beverage_hot,180,37,3,4,16,0,none,none,0,0.0054,0,439
2026-04-16,Cold Coffee,beverage_cold,220,63,3,4,16,0,none,none,0,0.0054,0,439
2026-04-16,Iced Americano,beverage_cold,180,35,3,4,16,0,none,none,0,0.0054,0,439
2026-04-16,Lassi,beverage_cold,120,43,3,4,16,0,none,none,0,0.0054,0,439
2026-04-16,Fresh Lime Soda,beverage_cold,100,70,3,4,16,0,none,none,0,0.0054,1,439
2026-04-16,Veg Momo,food_main,160,75,3,4,16,0,none,none,0,0.0054,0,439
2026-04-16,Buff Momo,food_main,180,115,3,4,16,0,none,none,0,0.0054,1,439
2026-04-16,Chicken Chowmein,food_main,190,61,3,4,16,0,none,none,0,0.0054,0,439
2026-04-16,Veg Thukpa,food_main,170,35,3,4,16,0,none,none,0,0.0054,0,439
2026-04-16,Club Sandwich,food_main,250,38,3,4,16,0,none,none,0,0.0054,0,439
2026-04-16,Chicken Burger,food_main,280,32,3,4,16,0,none,none,0,0.0054,0,439
2026-04-16,French Fries,food_snack,130,59,3,4,16,0,none,none,0,0.0054,0,439
2026-04-16,Samosa,food_snack,40,43,3,4,16,0,none,none,0,0.0054,0,439
2026-04-16,Chocolate Cake Slice,food_bakery,160,26,3,4,16,0,none,none,0,0.0054,0,439
2026-04-16,Croissant,food_bakery,140,20,3,4,16,0,none,none,0,0.0054,0,439
2026-04-17,Milk Tea (Dudh Chiya),beverage_hot,40,186,4,4,17,0,none,none,0,-0.0118,0,440
2026-04-17,Masala Chiya,beverage_hot,50,109,4,4,17,0,none,none,0,-0.0118,0,440
2026-04-17,Black Tea (Kalo Chiya),beverage_hot,30,51,4,4,17,0,none,none,0,-0.0118,0,440
2026-04-17,Americano,beverage_hot,150,61,4,4,17,0,none,none,0,-0.0118,0,440
2026-04-17,Cappuccino,beverage_hot,190,89,4,4,17,0,none,none,0,-0.0118,0,440
2026-04-17,Cafe Latte,beverage_hot,200,72,4,4,17,0,none,none,0,-0.0118,0,440
2026-04-17,Hot Chocolate,beverage_hot,180,44,4,4,17,0,none,none,0,-0.0118,0,440
2026-04-17,Cold Coffee,beverage_cold,220,67,4,4,17,0,none,none,0,-0.0118,0,440
2026-04-17,Iced Americano,beverage_cold,180,46,4,4,17,0,none,none,0,-0.0118,0,440
2026-04-17,Lassi,beverage_cold,120,45,4,4,17,0,none,none,0,-0.0118,0,440
2026-04-17,Fresh Lime Soda,beverage_cold,100,64,4,4,17,0,none,none,0,-0.0118,1,440
2026-04-17,Veg Momo,food_main,160,77,4,4,17,0,none,none,0,-0.0118,0,440
2026-04-17,Buff Momo,food_main,180,110,4,4,17,0,none,none,0,-0.0118,1,440
2026-04-17,Chicken Chowmein,food_main,190,63,4,4,17,0,none,none,0,-0.0118,0,440
2026-04-17,Veg Thukpa,food_main,170,46,4,4,17,0,none,none,0,-0.0118,0,440
2026-04-17,Club Sandwich,food_main,250,41,4,4,17,0,none,none,0,-0.0118,0,440
2026-04-17,Chicken Burger,food_main,280,34,4,4,17,0,none,none,0,-0.0118,0,440
2026-04-17,French Fries,food_snack,130,59,4,4,17,0,none,none,0,-0.0118,0,440
2026-04-17,Samosa,food_snack,40,52,4,4,17,0,none,none,0,-0.0118,0,440
2026-04-17,Chocolate Cake Slice,food_bakery,160,22,4,4,17,0,none,none,0,-0.0118,0,440
2026-04-17,Croissant,food_bakery,140,13,4,4,17,0,none,none,0,-0.0118,0,440
2026-04-18,Milk Tea (Dudh Chiya),beverage_hot,40,224,5,4,18,1,none,none,0,-0.029,0,441
2026-04-18,Masala Chiya,beverage_hot,50,156,5,4,18,1,none,none,0,-0.029,0,441
2026-04-18,Black Tea (Kalo Chiya),beverage_hot,30,83,5,4,18,1,none,none,0,-0.029,0,441
2026-04-18,Americano,beverage_hot,150,69,5,4,18,1,none,none,0,-0.029,0,441
2026-04-18,Cappuccino,beverage_hot,190,112,5,4,18,1,none,none,0,-0.029,0,441
2026-04-18,Cafe Latte,beverage_hot,200,98,5,4,18,1,none,none,0,-0.029,0,441
2026-04-18,Hot Chocolate,beverage_hot,180,42,5,4,18,1,none,none,0,-0.029,0,441
2026-04-18,Cold Coffee,beverage_cold,220,81,5,4,18,1,none,none,0,-0.029,0,441
2026-04-18,Iced Americano,beverage_cold,180,66,5,4,18,1,none,none,0,-0.029,0,441
2026-04-18,Lassi,beverage_cold,120,50,5,4,18,1,none,none,0,-0.029,0,441
2026-04-18,Fresh Lime Soda,beverage_cold,100,78,5,4,18,1,none,none,0,-0.029,1,441
2026-04-18,Veg Momo,food_main,160,120,5,4,18,1,none,none,0,-0.029,0,441
2026-04-18,Buff Momo,food_main,180,137,5,4,18,1,none,none,0,-0.029,1,441
2026-04-18,Chicken Chowmein,food_main,190,99,5,4,18,1,none,none,0,-0.029,0,441
2026-04-18,Veg Thukpa,food_main,170,47,5,4,18,1,none,none,0,-0.029,0,441
2026-04-18,Club Sandwich,food_main,250,43,5,4,18,1,none,none,0,-0.029,0,441
2026-04-18,Chicken Burger,food_main,280,33,5,4,18,1,none,none,0,-0.029,0,441
2026-04-18,French Fries,food_snack,130,68,5,4,18,1,none,none,0,-0.029,0,441
2026-04-18,Samosa,food_snack,40,52,5,4,18,1,none,none,0,-0.029,0,441
2026-04-18,Chocolate Cake Slice,food_bakery,160,27,5,4,18,1,none,none,0,-0.029,0,441
2026-04-18,Croissant,food_bakery,140,26,5,4,18,1,none,none,0,-0.029,0,441
2026-04-19,Milk Tea (Dudh Chiya),beverage_hot,40,157,6,4,19,0,none,none,0,-0.0462,0,442
2026-04-19,Masala Chiya,beverage_hot,50,95,6,4,19,0,none,none,0,-0.0462,0,442
2026-04-19,Black Tea (Kalo Chiya),beverage_hot,30,59,6,4,19,0,none,none,0,-0.0462,0,442
2026-04-19,Americano,beverage_hot,150,55,6,4,19,0,none,none,0,-0.0462,0,442
2026-04-19,Cappuccino,beverage_hot,190,69,6,4,19,0,none,none,0,-0.0462,0,442
2026-04-19,Cafe Latte,beverage_hot,200,58,6,4,19,0,none,none,0,-0.0462,0,442
2026-04-19,Hot Chocolate,beverage_hot,180,34,6,4,19,0,none,none,0,-0.0462,0,442
2026-04-19,Cold Coffee,beverage_cold,220,59,6,4,19,0,none,none,0,-0.0462,0,442
2026-04-19,Iced Americano,beverage_cold,180,36,6,4,19,0,none,none,0,-0.0462,0,442
2026-04-19,Lassi,beverage_cold,120,35,6,4,19,0,none,none,0,-0.0462,0,442
2026-04-19,Fresh Lime Soda,beverage_cold,100,51,6,4,19,0,none,none,0,-0.0462,1,442
2026-04-19,Veg Momo,food_main,160,70,6,4,19,0,none,none,0,-0.0462,0,442
2026-04-19,Buff Momo,food_main,180,112,6,4,19,0,none,none,0,-0.0462,1,442
2026-04-19,Chicken Chowmein,food_main,190,64,6,4,19,0,none,none,0,-0.0462,0,442
2026-04-19,Veg Thukpa,food_main,170,33,6,4,19,0,none,none,0,-0.0462,0,442
2026-04-19,Club Sandwich,food_main,250,31,6,4,19,0,none,none,0,-0.0462,0,442
2026-04-19,Chicken Burger,food_main,280,34,6,4,19,0,none,none,0,-0.0462,0,442
2026-04-19,French Fries,food_snack,130,44,6,4,19,0,none,none,0,-0.0462,0,442
2026-04-19,Samosa,food_snack,40,36,6,4,19,0,none,none,0,-0.0462,0,442
2026-04-19,Chocolate Cake Slice,food_bakery,160,28,6,4,19,0,none,none,0,-0.0462,0,442
2026-04-19,Croissant,food_bakery,140,21,6,4,19,0,none,none,0,-0.0462,0,442
2026-04-20,Milk Tea (Dudh Chiya),beverage_hot,40,156,0,4,20,0,none,none,0,-0.0634,0,443
2026-04-20,Masala Chiya,beverage_hot,50,104,0,4,20,0,none,none,0,-0.0634,0,443
2026-04-20,Black Tea (Kalo Chiya),beverage_hot,30,45,0,4,20,0,none,none,0,-0.0634,0,443
2026-04-20,Americano,beverage_hot,150,47,0,4,20,0,none,none,0,-0.0634,0,443
2026-04-20,Cappuccino,beverage_hot,190,55,0,4,20,0,none,none,0,-0.0634,0,443
2026-04-20,Cafe Latte,beverage_hot,200,57,0,4,20,0,none,none,0,-0.0634,0,443
2026-04-20,Hot Chocolate,beverage_hot,180,26,0,4,20,0,none,none,0,-0.0634,0,443
2026-04-20,Cold Coffee,beverage_cold,220,55,0,4,20,0,none,none,0,-0.0634,0,443
2026-04-20,Iced Americano,beverage_cold,180,41,0,4,20,0,none,none,0,-0.0634,0,443
2026-04-20,Lassi,beverage_cold,120,35,0,4,20,0,none,none,0,-0.0634,0,443
2026-04-20,Fresh Lime Soda,beverage_cold,100,50,0,4,20,0,none,none,0,-0.0634,1,443
2026-04-20,Veg Momo,food_main,160,67,0,4,20,0,none,none,0,-0.0634,0,443
2026-04-20,Buff Momo,food_main,180,101,0,4,20,0,none,none,0,-0.0634,1,443
2026-04-20,Chicken Chowmein,food_main,190,52,0,4,20,0,none,none,0,-0.0634,0,443
2026-04-20,Veg Thukpa,food_main,170,22,0,4,20,0,none,none,0,-0.0634,0,443
2026-04-20,Club Sandwich,food_main,250,33,0,4,20,0,none,none,0,-0.0634,0,443
2026-04-20,Chicken Burger,food_main,280,23,0,4,20,0,none,none,0,-0.0634,0,443
2026-04-20,French Fries,food_snack,130,50,0,4,20,0,none,none,0,-0.0634,0,443
2026-04-20,Samosa,food_snack,40,48,0,4,20,0,none,none,0,-0.0634,0,443
2026-04-20,Chocolate Cake Slice,food_bakery,160,18,0,4,20,0,none,none,0,-0.0634,0,443
2026-04-20,Croissant,food_bakery,140,18,0,4,20,0,none,none,0,-0.0634,0,443
2026-04-21,Milk Tea (Dudh Chiya),beverage_hot,40,145,1,4,21,0,none,none,0,-0.0805,0,444
2026-04-21,Masala Chiya,beverage_hot,50,106,1,4,21,0,none,none,0,-0.0805,0,444
2026-04-21,Black Tea (Kalo Chiya),beverage_hot,30,53,1,4,21,0,none,none,0,-0.0805,0,444
2026-04-21,Americano,beverage_hot,150,51,1,4,21,0,none,none,0,-0.0805,0,444
2026-04-21,Cappuccino,beverage_hot,190,58,1,4,21,0,none,none,0,-0.0805,0,444
2026-04-21,Cafe Latte,beverage_hot,200,61,1,4,21,0,none,none,0,-0.0805,0,444
2026-04-21,Hot Chocolate,beverage_hot,180,25,1,4,21,0,none,none,0,-0.0805,0,444
2026-04-21,Cold Coffee,beverage_cold,220,46,1,4,21,0,none,none,0,-0.0805,0,444
2026-04-21,Iced Americano,beverage_cold,180,40,1,4,21,0,none,none,0,-0.0805,0,444
2026-04-21,Lassi,beverage_cold,120,39,1,4,21,0,none,none,0,-0.0805,0,444
2026-04-21,Fresh Lime Soda,beverage_cold,100,49,1,4,21,0,none,none,0,-0.0805,1,444
2026-04-21,Veg Momo,food_main,160,75,1,4,21,0,none,none,0,-0.0805,0,444
2026-04-21,Buff Momo,food_main,180,98,1,4,21,0,none,none,0,-0.0805,1,444
2026-04-21,Chicken Chowmein,food_main,190,57,1,4,21,0,none,none,0,-0.0805,0,444
2026-04-21,Veg Thukpa,food_main,170,27,1,4,21,0,none,none,0,-0.0805,0,444
2026-04-21,Club Sandwich,food_main,250,19,1,4,21,0,none,none,0,-0.0805,0,444
2026-04-21,Chicken Burger,food_main,280,28,1,4,21,0,none,none,0,-0.0805,0,444
2026-04-21,French Fries,food_snack,130,43,1,4,21,0,none,none,0,-0.0805,0,444
2026-04-21,Samosa,food_snack,40,48,1,4,21,0,none,none,0,-0.0805,0,444
2026-04-21,Chocolate Cake Slice,food_bakery,160,20,1,4,21,0,none,none,0,-0.0805,0,444
2026-04-21,Croissant,food_bakery,140,12,1,4,21,0,none,none,0,-0.0805,0,444
2026-04-22,Milk Tea (Dudh Chiya),beverage_hot,40,187,2,4,22,0,none,none,0,-0.0977,0,445
2026-04-22,Masala Chiya,beverage_hot,50,136,2,4,22,0,none,none,0,-0.0977,0,445
2026-04-22,Black Tea (Kalo Chiya),beverage_hot,30,58,2,4,22,0,none,none,0,-0.0977,0,445
2026-04-22,Americano,beverage_hot,150,63,2,4,22,0,none,none,0,-0.0977,0,445
2026-04-22,Cappuccino,beverage_hot,190,68,2,4,22,0,none,none,0,-0.0977,0,445
2026-04-22,Cafe Latte,beverage_hot,200,57,2,4,22,0,none,none,0,-0.0977,0,445
2026-04-22,Hot Chocolate,beverage_hot,180,43,2,4,22,0,none,none,0,-0.0977,0,445
2026-04-22,Cold Coffee,beverage_cold,220,59,2,4,22,0,none,none,0,-0.0977,0,445
2026-04-22,Iced Americano,beverage_cold,180,46,2,4,22,0,none,none,0,-0.0977,0,445
2026-04-22,Lassi,beverage_cold,120,52,2,4,22,0,none,none,0,-0.0977,0,445
2026-04-22,Fresh Lime Soda,beverage_cold,100,62,2,4,22,0,none,none,0,-0.0977,1,445
2026-04-22,Veg Momo,food_main,160,75,2,4,22,0,none,none,0,-0.0977,0,445
2026-04-22,Buff Momo,food_main,180,110,2,4,22,0,none,none,0,-0.0977,1,445
2026-04-22,Chicken Chowmein,food_main,190,61,2,4,22,0,none,none,0,-0.0977,0,445
2026-04-22,Veg Thukpa,food_main,170,25,2,4,22,0,none,none,0,-0.0977,0,445
2026-04-22,Club Sandwich,food_main,250,39,2,4,22,0,none,none,0,-0.0977,0,445
2026-04-22,Chicken Burger,food_main,280,34,2,4,22,0,none,none,0,-0.0977,0,445
2026-04-22,French Fries,food_snack,130,54,2,4,22,0,none,none,0,-0.0977,0,445
2026-04-22,Samosa,food_snack,40,46,2,4,22,0,none,none,0,-0.0977,0,445
2026-04-22,Chocolate Cake Slice,food_bakery,160,23,2,4,22,0,none,none,0,-0.0977,0,445
2026-04-22,Croissant,food_bakery,140,15,2,4,22,0,none,none,0,-0.0977,0,445
2026-04-23,Milk Tea (Dudh Chiya),beverage_hot,40,209,3,4,23,0,none,none,0,-0.1148,0,446
2026-04-23,Masala Chiya,beverage_hot,50,151,3,4,23,0,none,none,0,-0.1148,0,446
2026-04-23,Black Tea (Kalo Chiya),beverage_hot,30,63,3,4,23,0,none,none,0,-0.1148,0,446
2026-04-23,Americano,beverage_hot,150,61,3,4,23,0,none,none,0,-0.1148,0,446
2026-04-23,Cappuccino,beverage_hot,190,62,3,4,23,0,none,none,0,-0.1148,0,446
2026-04-23,Cafe Latte,beverage_hot,200,68,3,4,23,0,none,none,0,-0.1148,0,446
2026-04-23,Hot Chocolate,beverage_hot,180,31,3,4,23,0,none,none,0,-0.1148,0,446
2026-04-23,Cold Coffee,beverage_cold,220,71,3,4,23,0,none,none,0,-0.1148,0,446
2026-04-23,Iced Americano,beverage_cold,180,36,3,4,23,0,none,none,0,-0.1148,0,446
2026-04-23,Lassi,beverage_cold,120,43,3,4,23,0,none,none,0,-0.1148,0,446
2026-04-23,Fresh Lime Soda,beverage_cold,100,54,3,4,23,0,none,none,0,-0.1148,1,446
2026-04-23,Veg Momo,food_main,160,82,3,4,23,0,none,none,0,-0.1148,0,446
2026-04-23,Buff Momo,food_main,180,93,3,4,23,0,none,none,0,-0.1148,1,446
2026-04-23,Chicken Chowmein,food_main,190,66,3,4,23,0,none,none,0,-0.1148,0,446
2026-04-23,Veg Thukpa,food_main,170,43,3,4,23,0,none,none,0,-0.1148,0,446
2026-04-23,Club Sandwich,food_main,250,38,3,4,23,0,none,none,0,-0.1148,0,446
2026-04-23,Chicken Burger,food_main,280,25,3,4,23,0,none,none,0,-0.1148,0,446
2026-04-23,French Fries,food_snack,130,55,3,4,23,0,none,none,0,-0.1148,0,446
2026-04-23,Samosa,food_snack,40,45,3,4,23,0,none,none,0,-0.1148,0,446
2026-04-23,Chocolate Cake Slice,food_bakery,160,19,3,4,23,0,none,none,0,-0.1148,0,446
2026-04-23,Croissant,food_bakery,140,18,3,4,23,0,none,none,0,-0.1148,0,446
2026-04-24,Milk Tea (Dudh Chiya),beverage_hot,40,182,4,4,24,0,none,none,0,-0.1319,0,447
2026-04-24,Masala Chiya,beverage_hot,50,125,4,4,24,0,none,none,0,-0.1319,0,447
2026-04-24,Black Tea (Kalo Chiya),beverage_hot,30,47,4,4,24,0,none,none,0,-0.1319,0,447
2026-04-24,Americano,beverage_hot,150,56,4,4,24,0,none,none,0,-0.1319,0,447
2026-04-24,Cappuccino,beverage_hot,190,85,4,4,24,0,none,none,0,-0.1319,0,447
2026-04-24,Cafe Latte,beverage_hot,200,55,4,4,24,0,none,none,0,-0.1319,0,447
2026-04-24,Hot Chocolate,beverage_hot,180,32,4,4,24,0,none,none,0,-0.1319,0,447
2026-04-24,Cold Coffee,beverage_cold,220,43,4,4,24,0,none,none,0,-0.1319,0,447
2026-04-24,Iced Americano,beverage_cold,180,52,4,4,24,0,none,none,0,-0.1319,0,447
2026-04-24,Lassi,beverage_cold,120,43,4,4,24,0,none,none,0,-0.1319,0,447
2026-04-24,Fresh Lime Soda,beverage_cold,100,55,4,4,24,0,none,none,0,-0.1319,1,447
2026-04-24,Veg Momo,food_main,160,73,4,4,24,0,none,none,0,-0.1319,0,447
2026-04-24,Buff Momo,food_main,180,104,4,4,24,0,none,none,0,-0.1319,1,447
2026-04-24,Chicken Chowmein,food_main,190,60,4,4,24,0,none,none,0,-0.1319,0,447
2026-04-24,Veg Thukpa,food_main,170,42,4,4,24,0,none,none,0,-0.1319,0,447
2026-04-24,Club Sandwich,food_main,250,35,4,4,24,0,none,none,0,-0.1319,0,447
2026-04-24,Chicken Burger,food_main,280,31,4,4,24,0,none,none,0,-0.1319,0,447
2026-04-24,French Fries,food_snack,130,50,4,4,24,0,none,none,0,-0.1319,0,447
2026-04-24,Samosa,food_snack,40,39,4,4,24,0,none,none,0,-0.1319,0,447
2026-04-24,Chocolate Cake Slice,food_bakery,160,13,4,4,24,0,none,none,0,-0.1319,0,447
2026-04-24,Croissant,food_bakery,140,15,4,4,24,0,none,none,0,-0.1319,0,447
2026-04-25,Milk Tea (Dudh Chiya),beverage_hot,40,204,5,4,25,1,none,none,0,-0.1489,0,448
2026-04-25,Masala Chiya,beverage_hot,50,165,5,4,25,1,none,none,0,-0.1489,0,448
2026-04-25,Black Tea (Kalo Chiya),beverage_hot,30,53,5,4,25,1,none,none,0,-0.1489,0,448
2026-04-25,Americano,beverage_hot,150,65,5,4,25,1,none,none,0,-0.1489,0,448
2026-04-25,Cappuccino,beverage_hot,190,83,5,4,25,1,none,none,0,-0.1489,0,448
2026-04-25,Cafe Latte,beverage_hot,200,74,5,4,25,1,none,none,0,-0.1489,0,448
2026-04-25,Hot Chocolate,beverage_hot,180,39,5,4,25,1,none,none,0,-0.1489,0,448
2026-04-25,Cold Coffee,beverage_cold,220,73,5,4,25,1,none,none,0,-0.1489,0,448
2026-04-25,Iced Americano,beverage_cold,180,47,5,4,25,1,none,none,0,-0.1489,0,448
2026-04-25,Lassi,beverage_cold,120,68,5,4,25,1,none,none,0,-0.1489,0,448
2026-04-25,Fresh Lime Soda,beverage_cold,100,89,5,4,25,1,none,none,0,-0.1489,1,448
2026-04-25,Veg Momo,food_main,160,91,5,4,25,1,none,none,0,-0.1489,0,448
2026-04-25,Buff Momo,food_main,180,126,5,4,25,1,none,none,0,-0.1489,1,448
2026-04-25,Chicken Chowmein,food_main,190,85,5,4,25,1,none,none,0,-0.1489,0,448
2026-04-25,Veg Thukpa,food_main,170,43,5,4,25,1,none,none,0,-0.1489,0,448
2026-04-25,Club Sandwich,food_main,250,42,5,4,25,1,none,none,0,-0.1489,0,448
2026-04-25,Chicken Burger,food_main,280,44,5,4,25,1,none,none,0,-0.1489,0,448
2026-04-25,French Fries,food_snack,130,61,5,4,25,1,none,none,0,-0.1489,0,448
2026-04-25,Samosa,food_snack,40,52,5,4,25,1,none,none,0,-0.1489,0,448
2026-04-25,Chocolate Cake Slice,food_bakery,160,36,5,4,25,1,none,none,0,-0.1489,0,448
2026-04-25,Croissant,food_bakery,140,24,5,4,25,1,none,none,0,-0.1489,0,448
2026-04-26,Milk Tea (Dudh Chiya),beverage_hot,40,121,6,4,26,0,none,none,0,-0.1659,0,449
2026-04-26,Masala Chiya,beverage_hot,50,100,6,4,26,0,none,none,0,-0.1659,0,449
2026-04-26,Black Tea (Kalo Chiya),beverage_hot,30,36,6,4,26,0,none,none,0,-0.1659,0,449
2026-04-26,Americano,beverage_hot,150,55,6,4,26,0,none,none,0,-0.1659,0,449
2026-04-26,Cappuccino,beverage_hot,190,57,6,4,26,0,none,none,0,-0.1659,0,449
2026-04-26,Cafe Latte,beverage_hot,200,38,6,4,26,0,none,none,0,-0.1659,0,449
2026-04-26,Hot Chocolate,beverage_hot,180,24,6,4,26,0,none,none,0,-0.1659,0,449
2026-04-26,Cold Coffee,beverage_cold,220,46,6,4,26,0,none,none,0,-0.1659,0,449
2026-04-26,Iced Americano,beverage_cold,180,28,6,4,26,0,none,none,0,-0.1659,0,449
2026-04-26,Lassi,beverage_cold,120,35,6,4,26,0,none,none,0,-0.1659,0,449
2026-04-26,Fresh Lime Soda,beverage_cold,100,52,6,4,26,0,none,none,0,-0.1659,1,449
2026-04-26,Veg Momo,food_main,160,54,6,4,26,0,none,none,0,-0.1659,0,449
2026-04-26,Buff Momo,food_main,180,67,6,4,26,0,none,none,0,-0.1659,1,449
2026-04-26,Chicken Chowmein,food_main,190,44,6,4,26,0,none,none,0,-0.1659,0,449
2026-04-26,Veg Thukpa,food_main,170,22,6,4,26,0,none,none,0,-0.1659,0,449
2026-04-26,Club Sandwich,food_main,250,40,6,4,26,0,none,none,0,-0.1659,0,449
2026-04-26,Chicken Burger,food_main,280,20,6,4,26,0,none,none,0,-0.1659,0,449
2026-04-26,French Fries,food_snack,130,29,6,4,26,0,none,none,0,-0.1659,0,449
2026-04-26,Samosa,food_snack,40,30,6,4,26,0,none,none,0,-0.1659,0,449
2026-04-26,Chocolate Cake Slice,food_bakery,160,22,6,4,26,0,none,none,0,-0.1659,0,449
2026-04-26,Croissant,food_bakery,140,10,6,4,26,0,none,none,0,-0.1659,0,449
2026-04-27,Milk Tea (Dudh Chiya),beverage_hot,40,223,0,4,27,0,none,none,0,-0.1828,0,450
2026-04-27,Masala Chiya,beverage_hot,50,122,0,4,27,0,none,none,0,-0.1828,0,450
2026-04-27,Black Tea (Kalo Chiya),beverage_hot,30,55,0,4,27,0,none,none,0,-0.1828,0,450
2026-04-27,Americano,beverage_hot,150,58,0,4,27,0,none,none,0,-0.1828,0,450
2026-04-27,Cappuccino,beverage_hot,190,75,0,4,27,0,none,none,0,-0.1828,0,450
2026-04-27,Cafe Latte,beverage_hot,200,57,0,4,27,0,none,none,0,-0.1828,0,450
2026-04-27,Hot Chocolate,beverage_hot,180,38,0,4,27,0,none,none,0,-0.1828,0,450
2026-04-27,Cold Coffee,beverage_cold,220,68,0,4,27,0,none,none,0,-0.1828,0,450
2026-04-27,Iced Americano,beverage_cold,180,48,0,4,27,0,none,none,0,-0.1828,0,450
2026-04-27,Lassi,beverage_cold,120,35,0,4,27,0,none,none,0,-0.1828,0,450
2026-04-27,Fresh Lime Soda,beverage_cold,100,65,0,4,27,0,none,none,0,-0.1828,1,450
2026-04-27,Veg Momo,food_main,160,74,0,4,27,0,none,none,0,-0.1828,0,450
2026-04-27,Buff Momo,food_main,180,103,0,4,27,0,none,none,0,-0.1828,1,450
2026-04-27,Chicken Chowmein,food_main,190,68,0,4,27,0,none,none,0,-0.1828,0,450
2026-04-27,Veg Thukpa,food_main,170,27,0,4,27,0,none,none,0,-0.1828,0,450
2026-04-27,Club Sandwich,food_main,250,27,0,4,27,0,none,none,0,-0.1828,0,450
2026-04-27,Chicken Burger,food_main,280,33,0,4,27,0,none,none,0,-0.1828,0,450
2026-04-27,French Fries,food_snack,130,49,0,4,27,0,none,none,0,-0.1828,0,450
2026-04-27,Samosa,food_snack,40,43,0,4,27,0,none,none,0,-0.1828,0,450
2026-04-27,Chocolate Cake Slice,food_bakery,160,27,0,4,27,0,none,none,0,-0.1828,0,450
2026-04-27,Croissant,food_bakery,140,14,0,4,27,0,none,none,0,-0.1828,0,450
2026-04-28,Milk Tea (Dudh Chiya),beverage_hot,40,158,1,4,28,0,none,none,0,-0.1997,0,451
2026-04-28,Masala Chiya,beverage_hot,50,82,1,4,28,0,none,none,0,-0.1997,0,451
2026-04-28,Black Tea (Kalo Chiya),beverage_hot,30,56,1,4,28,0,none,none,0,-0.1997,0,451
2026-04-28,Americano,beverage_hot,150,42,1,4,28,0,none,none,0,-0.1997,0,451
2026-04-28,Cappuccino,beverage_hot,190,56,1,4,28,0,none,none,0,-0.1997,0,451
2026-04-28,Cafe Latte,beverage_hot,200,65,1,4,28,0,none,none,0,-0.1997,0,451
2026-04-28,Hot Chocolate,beverage_hot,180,32,1,4,28,0,none,none,0,-0.1997,0,451
2026-04-28,Cold Coffee,beverage_cold,220,55,1,4,28,0,none,none,0,-0.1997,0,451
2026-04-28,Iced Americano,beverage_cold,180,38,1,4,28,0,none,none,0,-0.1997,0,451
2026-04-28,Lassi,beverage_cold,120,46,1,4,28,0,none,none,0,-0.1997,0,451
2026-04-28,Fresh Lime Soda,beverage_cold,100,56,1,4,28,0,none,none,0,-0.1997,1,451
2026-04-28,Veg Momo,food_main,160,62,1,4,28,0,none,none,0,-0.1997,0,451
2026-04-28,Buff Momo,food_main,180,108,1,4,28,0,none,none,0,-0.1997,1,451
2026-04-28,Chicken Chowmein,food_main,190,60,1,4,28,0,none,none,0,-0.1997,0,451
2026-04-28,Veg Thukpa,food_main,170,40,1,4,28,0,none,none,0,-0.1997,0,451
2026-04-28,Club Sandwich,food_main,250,33,1,4,28,0,none,none,0,-0.1997,0,451
2026-04-28,Chicken Burger,food_main,280,33,1,4,28,0,none,none,0,-0.1997,0,451
2026-04-28,French Fries,food_snack,130,38,1,4,28,0,none,none,0,-0.1997,0,451
2026-04-28,Samosa,food_snack,40,32,1,4,28,0,none,none,0,-0.1997,0,451
2026-04-28,Chocolate Cake Slice,food_bakery,160,11,1,4,28,0,none,none,0,-0.1997,0,451
2026-04-28,Croissant,food_bakery,140,11,1,4,28,0,none,none,0,-0.1997,0,451
2026-04-29,Milk Tea (Dudh Chiya),beverage_hot,40,166,2,4,29,0,none,none,0,-0.2165,0,452
2026-04-29,Masala Chiya,beverage_hot,50,112,2,4,29,0,none,none,0,-0.2165,0,452
2026-04-29,Black Tea (Kalo Chiya),beverage_hot,30,54,2,4,29,0,none,none,0,-0.2165,0,452
2026-04-29,Americano,beverage_hot,150,51,2,4,29,0,none,none,0,-0.2165,0,452
2026-04-29,Cappuccino,beverage_hot,190,84,2,4,29,0,none,none,0,-0.2165,0,452
2026-04-29,Cafe Latte,beverage_hot,200,55,2,4,29,0,none,none,0,-0.2165,0,452
2026-04-29,Hot Chocolate,beverage_hot,180,35,2,4,29,0,none,none,0,-0.2165,0,452
2026-04-29,Cold Coffee,beverage_cold,220,59,2,4,29,0,none,none,0,-0.2165,0,452
2026-04-29,Iced Americano,beverage_cold,180,49,2,4,29,0,none,none,0,-0.2165,0,452
2026-04-29,Lassi,beverage_cold,120,45,2,4,29,0,none,none,0,-0.2165,0,452
2026-04-29,Fresh Lime Soda,beverage_cold,100,60,2,4,29,0,none,none,0,-0.2165,1,452
2026-04-29,Veg Momo,food_main,160,66,2,4,29,0,none,none,0,-0.2165,0,452
2026-04-29,Buff Momo,food_main,180,104,2,4,29,0,none,none,0,-0.2165,1,452
2026-04-29,Chicken Chowmein,food_main,190,56,2,4,29,0,none,none,0,-0.2165,0,452
2026-04-29,Veg Thukpa,food_main,170,39,2,4,29,0,none,none,0,-0.2165,0,452
2026-04-29,Club Sandwich,food_main,250,39,2,4,29,0,none,none,0,-0.2165,0,452
2026-04-29,Chicken Burger,food_main,280,28,2,4,29,0,none,none,0,-0.2165,0,452
2026-04-29,French Fries,food_snack,130,42,2,4,29,0,none,none,0,-0.2165,0,452
2026-04-29,Samosa,food_snack,40,35,2,4,29,0,none,none,0,-0.2165,0,452
2026-04-29,Chocolate Cake Slice,food_bakery,160,19,2,4,29,0,none,none,0,-0.2165,0,452
2026-04-29,Croissant,food_bakery,140,17,2,4,29,0,none,none,0,-0.2165,0,452
2026-04-30,Milk Tea (Dudh Chiya),beverage_hot,40,193,3,4,30,0,none,none,0,-0.2333,0,453
2026-04-30,Masala Chiya,beverage_hot,50,117,3,4,30,0,none,none,0,-0.2333,0,453
2026-04-30,Black Tea (Kalo Chiya),beverage_hot,30,61,3,4,30,0,none,none,0,-0.2333,0,453
2026-04-30,Americano,beverage_hot,150,64,3,4,30,0,none,none,0,-0.2333,0,453
2026-04-30,Cappuccino,beverage_hot,190,79,3,4,30,0,none,none,0,-0.2333,0,453
2026-04-30,Cafe Latte,beverage_hot,200,54,3,4,30,0,none,none,0,-0.2333,0,453
2026-04-30,Hot Chocolate,beverage_hot,180,27,3,4,30,0,none,none,0,-0.2333,0,453
2026-04-30,Cold Coffee,beverage_cold,220,58,3,4,30,0,none,none,0,-0.2333,0,453
2026-04-30,Iced Americano,beverage_cold,180,40,3,4,30,0,none,none,0,-0.2333,0,453
2026-04-30,Lassi,beverage_cold,120,50,3,4,30,0,none,none,0,-0.2333,0,453
2026-04-30,Fresh Lime Soda,beverage_cold,100,67,3,4,30,0,none,none,0,-0.2333,1,453
2026-04-30,Veg Momo,food_main,160,102,3,4,30,0,none,none,0,-0.2333,0,453
2026-04-30,Buff Momo,food_main,180,104,3,4,30,0,none,none,0,-0.2333,1,453
2026-04-30,Chicken Chowmein,food_main,190,62,3,4,30,0,none,none,0,-0.2333,0,453
2026-04-30,Veg Thukpa,food_main,170,44,3,4,30,0,none,none,0,-0.2333,0,453
2026-04-30,Club Sandwich,food_main,250,42,3,4,30,0,none,none,0,-0.2333,0,453
2026-04-30,Chicken Burger,food_main,280,36,3,4,30,0,none,none,0,-0.2333,0,453
2026-04-30,French Fries,food_snack,130,53,3,4,30,0,none,none,0,-0.2333,0,453
2026-04-30,Samosa,food_snack,40,52,3,4,30,0,none,none,0,-0.2333,0,453
2026-04-30,Chocolate Cake Slice,food_bakery,160,25,3,4,30,0,none,none,0,-0.2333,0,453
2026-04-30,Croissant,food_bakery,140,24,3,4,30,0,none,none,0,-0.2333,0,453
2026-05-01,Milk Tea (Dudh Chiya),beverage_hot,40,217,4,5,1,0,Buddha Jayanti,holiday,0,-0.25,0,454
2026-05-01,Masala Chiya,beverage_hot,50,165,4,5,1,0,Buddha Jayanti,holiday,0,-0.25,0,454
2026-05-01,Black Tea (Kalo Chiya),beverage_hot,30,69,4,5,1,0,Buddha Jayanti,holiday,0,-0.25,0,454
2026-05-01,Americano,beverage_hot,150,64,4,5,1,0,Buddha Jayanti,holiday,0,-0.25,0,454
2026-05-01,Cappuccino,beverage_hot,190,95,4,5,1,0,Buddha Jayanti,holiday,0,-0.25,0,454
2026-05-01,Cafe Latte,beverage_hot,200,70,4,5,1,0,Buddha Jayanti,holiday,0,-0.25,0,454
2026-05-01,Hot Chocolate,beverage_hot,180,39,4,5,1,0,Buddha Jayanti,holiday,0,-0.25,0,454
2026-05-01,Cold Coffee,beverage_cold,220,66,4,5,1,0,Buddha Jayanti,holiday,0,-0.25,0,454
2026-05-01,Iced Americano,beverage_cold,180,44,4,5,1,0,Buddha Jayanti,holiday,0,-0.25,0,454
2026-05-01,Lassi,beverage_cold,120,70,4,5,1,0,Buddha Jayanti,holiday,0,-0.25,0,454
2026-05-01,Fresh Lime Soda,beverage_cold,100,65,4,5,1,0,Buddha Jayanti,holiday,0,-0.25,0,454
2026-05-01,Veg Momo,food_main,160,101,4,5,1,0,Buddha Jayanti,holiday,0,-0.25,0,454
2026-05-01,Buff Momo,food_main,180,120,4,5,1,0,Buddha Jayanti,holiday,0,-0.25,0,454
2026-05-01,Chicken Chowmein,food_main,190,77,4,5,1,0,Buddha Jayanti,holiday,0,-0.25,0,454
2026-05-01,Veg Thukpa,food_main,170,36,4,5,1,0,Buddha Jayanti,holiday,0,-0.25,0,454
2026-05-01,Club Sandwich,food_main,250,36,4,5,1,0,Buddha Jayanti,holiday,0,-0.25,0,454
2026-05-01,Chicken Burger,food_main,280,31,4,5,1,0,Buddha Jayanti,holiday,0,-0.25,0,454
2026-05-01,French Fries,food_snack,130,56,4,5,1,0,Buddha Jayanti,holiday,0,-0.25,0,454
2026-05-01,Samosa,food_snack,40,54,4,5,1,0,Buddha Jayanti,holiday,0,-0.25,0,454
2026-05-01,Chocolate Cake Slice,food_bakery,160,41,4,5,1,0,Buddha Jayanti,holiday,0,-0.25,0,454
2026-05-01,Croissant,food_bakery,140,21,4,5,1,0,Buddha Jayanti,holiday,0,-0.25,0,454
2026-05-02,Milk Tea (Dudh Chiya),beverage_hot,40,260,5,5,2,1,none,none,0,-0.2666,0,455
2026-05-02,Masala Chiya,beverage_hot,50,142,5,5,2,1,none,none,0,-0.2666,0,455
2026-05-02,Black Tea (Kalo Chiya),beverage_hot,30,73,5,5,2,1,none,none,0,-0.2666,0,455
2026-05-02,Americano,beverage_hot,150,75,5,5,2,1,none,none,0,-0.2666,0,455
2026-05-02,Cappuccino,beverage_hot,190,96,5,5,2,1,none,none,0,-0.2666,0,455
2026-05-02,Cafe Latte,beverage_hot,200,66,5,5,2,1,none,none,0,-0.2666,0,455
2026-05-02,Hot Chocolate,beverage_hot,180,48,5,5,2,1,none,none,0,-0.2666,0,455
2026-05-02,Cold Coffee,beverage_cold,220,53,5,5,2,1,none,none,0,-0.2666,0,455
2026-05-02,Iced Americano,beverage_cold,180,54,5,5,2,1,none,none,0,-0.2666,0,455
2026-05-02,Lassi,beverage_cold,120,54,5,5,2,1,none,none,0,-0.2666,0,455
2026-05-02,Fresh Lime Soda,beverage_cold,100,73,5,5,2,1,none,none,0,-0.2666,0,455
2026-05-02,Veg Momo,food_main,160,98,5,5,2,1,none,none,0,-0.2666,0,455
2026-05-02,Buff Momo,food_main,180,111,5,5,2,1,none,none,0,-0.2666,0,455
2026-05-02,Chicken Chowmein,food_main,190,63,5,5,2,1,none,none,0,-0.2666,0,455
2026-05-02,Veg Thukpa,food_main,170,39,5,5,2,1,none,none,0,-0.2666,0,455
2026-05-02,Club Sandwich,food_main,250,40,5,5,2,1,none,none,0,-0.2666,0,455
2026-05-02,Chicken Burger,food_main,280,45,5,5,2,1,none,none,0,-0.2666,0,455
2026-05-02,French Fries,food_snack,130,83,5,5,2,1,none,none,0,-0.2666,0,455
2026-05-02,Samosa,food_snack,40,63,5,5,2,1,none,none,0,-0.2666,0,455
2026-05-02,Chocolate Cake Slice,food_bakery,160,38,5,5,2,1,none,none,0,-0.2666,0,455
2026-05-02,Croissant,food_bakery,140,25,5,5,2,1,none,none,0,-0.2666,0,455
2026-05-03,Milk Tea (Dudh Chiya),beverage_hot,40,154,6,5,3,0,none,none,0,-0.2831,0,456
2026-05-03,Masala Chiya,beverage_hot,50,123,6,5,3,0,none,none,0,-0.2831,0,456
2026-05-03,Black Tea (Kalo Chiya),beverage_hot,30,40,6,5,3,0,none,none,0,-0.2831,0,456
2026-05-03,Americano,beverage_hot,150,40,6,5,3,0,none,none,0,-0.2831,0,456
2026-05-03,Cappuccino,beverage_hot,190,57,6,5,3,0,none,none,0,-0.2831,0,456
2026-05-03,Cafe Latte,beverage_hot,200,58,6,5,3,0,none,none,0,-0.2831,0,456
2026-05-03,Hot Chocolate,beverage_hot,180,27,6,5,3,0,none,none,0,-0.2831,0,456
2026-05-03,Cold Coffee,beverage_cold,220,64,6,5,3,0,none,none,0,-0.2831,0,456
2026-05-03,Iced Americano,beverage_cold,180,39,6,5,3,0,none,none,0,-0.2831,0,456
2026-05-03,Lassi,beverage_cold,120,23,6,5,3,0,none,none,0,-0.2831,0,456
2026-05-03,Fresh Lime Soda,beverage_cold,100,47,6,5,3,0,none,none,0,-0.2831,0,456
2026-05-03,Veg Momo,food_main,160,77,6,5,3,0,none,none,0,-0.2831,0,456
2026-05-03,Buff Momo,food_main,180,76,6,5,3,0,none,none,0,-0.2831,0,456
2026-05-03,Chicken Chowmein,food_main,190,63,6,5,3,0,none,none,0,-0.2831,0,456
2026-05-03,Veg Thukpa,food_main,170,29,6,5,3,0,none,none,0,-0.2831,0,456
2026-05-03,Club Sandwich,food_main,250,16,6,5,3,0,none,none,0,-0.2831,0,456
2026-05-03,Chicken Burger,food_main,280,29,6,5,3,0,none,none,0,-0.2831,0,456
2026-05-03,French Fries,food_snack,130,52,6,5,3,0,none,none,0,-0.2831,0,456
2026-05-03,Samosa,food_snack,40,37,6,5,3,0,none,none,0,-0.2831,0,456
2026-05-03,Chocolate Cake Slice,food_bakery,160,18,6,5,3,0,none,none,0,-0.2831,0,456
2026-05-03,Croissant,food_bakery,140,7,6,5,3,0,none,none,0,-0.2831,0,456
2026-05-04,Milk Tea (Dudh Chiya),beverage_hot,40,177,0,5,4,0,none,none,0,-0.2996,0,457
2026-05-04,Masala Chiya,beverage_hot,50,107,0,5,4,0,none,none,0,-0.2996,0,457
2026-05-04,Black Tea (Kalo Chiya),beverage_hot,30,50,0,5,4,0,none,none,0,-0.2996,0,457
2026-05-04,Americano,beverage_hot,150,45,0,5,4,0,none,none,0,-0.2996,0,457
2026-05-04,Cappuccino,beverage_hot,190,61,0,5,4,0,none,none,0,-0.2996,0,457
2026-05-04,Cafe Latte,beverage_hot,200,56,0,5,4,0,none,none,0,-0.2996,0,457
2026-05-04,Hot Chocolate,beverage_hot,180,26,0,5,4,0,none,none,0,-0.2996,0,457
2026-05-04,Cold Coffee,beverage_cold,220,60,0,5,4,0,none,none,0,-0.2996,0,457
2026-05-04,Iced Americano,beverage_cold,180,39,0,5,4,0,none,none,0,-0.2996,0,457
2026-05-04,Lassi,beverage_cold,120,35,0,5,4,0,none,none,0,-0.2996,0,457
2026-05-04,Fresh Lime Soda,beverage_cold,100,48,0,5,4,0,none,none,0,-0.2996,0,457
2026-05-04,Veg Momo,food_main,160,82,0,5,4,0,none,none,0,-0.2996,0,457
2026-05-04,Buff Momo,food_main,180,83,0,5,4,0,none,none,0,-0.2996,0,457
2026-05-04,Chicken Chowmein,food_main,190,48,0,5,4,0,none,none,0,-0.2996,0,457
2026-05-04,Veg Thukpa,food_main,170,25,0,5,4,0,none,none,0,-0.2996,0,457
2026-05-04,Club Sandwich,food_main,250,21,0,5,4,0,none,none,0,-0.2996,0,457
2026-05-04,Chicken Burger,food_main,280,36,0,5,4,0,none,none,0,-0.2996,0,457
2026-05-04,French Fries,food_snack,130,35,0,5,4,0,none,none,0,-0.2996,0,457
2026-05-04,Samosa,food_snack,40,34,0,5,4,0,none,none,0,-0.2996,0,457
2026-05-04,Chocolate Cake Slice,food_bakery,160,20,0,5,4,0,none,none,0,-0.2996,0,457
2026-05-04,Croissant,food_bakery,140,23,0,5,4,0,none,none,0,-0.2996,0,457
2026-05-05,Milk Tea (Dudh Chiya),beverage_hot,40,211,1,5,5,0,none,none,0,-0.316,0,458
2026-05-05,Masala Chiya,beverage_hot,50,126,1,5,5,0,none,none,0,-0.316,0,458
2026-05-05,Black Tea (Kalo Chiya),beverage_hot,30,57,1,5,5,0,none,none,0,-0.316,0,458
2026-05-05,Americano,beverage_hot,150,51,1,5,5,0,none,none,0,-0.316,0,458
2026-05-05,Cappuccino,beverage_hot,190,76,1,5,5,0,none,none,0,-0.316,0,458
2026-05-05,Cafe Latte,beverage_hot,200,66,1,5,5,0,none,none,0,-0.316,0,458
2026-05-05,Hot Chocolate,beverage_hot,180,35,1,5,5,0,none,none,0,-0.316,0,458
2026-05-05,Cold Coffee,beverage_cold,220,50,1,5,5,0,none,none,0,-0.316,0,458
2026-05-05,Iced Americano,beverage_cold,180,30,1,5,5,0,none,none,0,-0.316,0,458
2026-05-05,Lassi,beverage_cold,120,48,1,5,5,0,none,none,0,-0.316,0,458
2026-05-05,Fresh Lime Soda,beverage_cold,100,55,1,5,5,0,none,none,0,-0.316,0,458
2026-05-05,Veg Momo,food_main,160,59,1,5,5,0,none,none,0,-0.316,0,458
2026-05-05,Buff Momo,food_main,180,97,1,5,5,0,none,none,0,-0.316,0,458
2026-05-05,Chicken Chowmein,food_main,190,67,1,5,5,0,none,none,0,-0.316,0,458
2026-05-05,Veg Thukpa,food_main,170,28,1,5,5,0,none,none,0,-0.316,0,458
2026-05-05,Club Sandwich,food_main,250,43,1,5,5,0,none,none,0,-0.316,0,458
2026-05-05,Chicken Burger,food_main,280,38,1,5,5,0,none,none,0,-0.316,0,458
2026-05-05,French Fries,food_snack,130,48,1,5,5,0,none,none,0,-0.316,0,458
2026-05-05,Samosa,food_snack,40,48,1,5,5,0,none,none,0,-0.316,0,458
2026-05-05,Chocolate Cake Slice,food_bakery,160,28,1,5,5,0,none,none,0,-0.316,0,458
2026-05-05,Croissant,food_bakery,140,21,1,5,5,0,none,none,0,-0.316,0,458
2026-05-06,Milk Tea (Dudh Chiya),beverage_hot,40,178,2,5,6,0,none,none,0,-0.3322,0,459
2026-05-06,Masala Chiya,beverage_hot,50,123,2,5,6,0,none,none,0,-0.3322,0,459
2026-05-06,Black Tea (Kalo Chiya),beverage_hot,30,51,2,5,6,0,none,none,0,-0.3322,0,459
2026-05-06,Americano,beverage_hot,150,64,2,5,6,0,none,none,0,-0.3322,0,459
2026-05-06,Cappuccino,beverage_hot,190,70,2,5,6,0,none,none,0,-0.3322,0,459
2026-05-06,Cafe Latte,beverage_hot,200,62,2,5,6,0,none,none,0,-0.3322,0,459
2026-05-06,Hot Chocolate,beverage_hot,180,42,2,5,6,0,none,none,0,-0.3322,0,459
2026-05-06,Cold Coffee,beverage_cold,220,55,2,5,6,0,none,none,0,-0.3322,0,459
2026-05-06,Iced Americano,beverage_cold,180,50,2,5,6,0,none,none,0,-0.3322,0,459
2026-05-06,Lassi,beverage_cold,120,49,2,5,6,0,none,none,0,-0.3322,0,459
2026-05-06,Fresh Lime Soda,beverage_cold,100,56,2,5,6,0,none,none,0,-0.3322,0,459
2026-05-06,Veg Momo,food_main,160,85,2,5,6,0,none,none,0,-0.3322,0,459
2026-05-06,Buff Momo,food_main,180,99,2,5,6,0,none,none,0,-0.3322,0,459
2026-05-06,Chicken Chowmein,food_main,190,75,2,5,6,0,none,none,0,-0.3322,0,459
2026-05-06,Veg Thukpa,food_main,170,32,2,5,6,0,none,none,0,-0.3322,0,459
2026-05-06,Club Sandwich,food_main,250,41,2,5,6,0,none,none,0,-0.3322,0,459
2026-05-06,Chicken Burger,food_main,280,32,2,5,6,0,none,none,0,-0.3322,0,459
2026-05-06,French Fries,food_snack,130,44,2,5,6,0,none,none,0,-0.3322,0,459
2026-05-06,Samosa,food_snack,40,48,2,5,6,0,none,none,0,-0.3322,0,459
2026-05-06,Chocolate Cake Slice,food_bakery,160,29,2,5,6,0,none,none,0,-0.3322,0,459
2026-05-06,Croissant,food_bakery,140,23,2,5,6,0,none,none,0,-0.3322,0,459
2026-05-07,Milk Tea (Dudh Chiya),beverage_hot,40,193,3,5,7,0,none,none,0,-0.3484,0,460
2026-05-07,Masala Chiya,beverage_hot,50,112,3,5,7,0,none,none,0,-0.3484,0,460
2026-05-07,Black Tea (Kalo Chiya),beverage_hot,30,60,3,5,7,0,none,none,0,-0.3484,0,460
2026-05-07,Americano,beverage_hot,150,60,3,5,7,0,none,none,0,-0.3484,0,460
2026-05-07,Cappuccino,beverage_hot,190,66,3,5,7,0,none,none,0,-0.3484,0,460
2026-05-07,Cafe Latte,beverage_hot,200,64,3,5,7,0,none,none,0,-0.3484,0,460
2026-05-07,Hot Chocolate,beverage_hot,180,42,3,5,7,0,none,none,0,-0.3484,0,460
2026-05-07,Cold Coffee,beverage_cold,220,70,3,5,7,0,none,none,0,-0.3484,0,460
2026-05-07,Iced Americano,beverage_cold,180,47,3,5,7,0,none,none,0,-0.3484,0,460
2026-05-07,Lassi,beverage_cold,120,50,3,5,7,0,none,none,0,-0.3484,0,460
2026-05-07,Fresh Lime Soda,beverage_cold,100,49,3,5,7,0,none,none,0,-0.3484,0,460
2026-05-07,Veg Momo,food_main,160,87,3,5,7,0,none,none,0,-0.3484,0,460
2026-05-07,Buff Momo,food_main,180,91,3,5,7,0,none,none,0,-0.3484,0,460
2026-05-07,Chicken Chowmein,food_main,190,60,3,5,7,0,none,none,0,-0.3484,0,460
2026-05-07,Veg Thukpa,food_main,170,34,3,5,7,0,none,none,0,-0.3484,0,460
2026-05-07,Club Sandwich,food_main,250,34,3,5,7,0,none,none,0,-0.3484,0,460
2026-05-07,Chicken Burger,food_main,280,33,3,5,7,0,none,none,0,-0.3484,0,460
2026-05-07,French Fries,food_snack,130,60,3,5,7,0,none,none,0,-0.3484,0,460
2026-05-07,Samosa,food_snack,40,55,3,5,7,0,none,none,0,-0.3484,0,460
2026-05-07,Chocolate Cake Slice,food_bakery,160,17,3,5,7,0,none,none,0,-0.3484,0,460
2026-05-07,Croissant,food_bakery,140,27,3,5,7,0,none,none,0,-0.3484,0,460
2026-05-08,Milk Tea (Dudh Chiya),beverage_hot,40,235,4,5,8,0,none,none,0,-0.3645,0,461
2026-05-08,Masala Chiya,beverage_hot,50,129,4,5,8,0,none,none,0,-0.3645,0,461
2026-05-08,Black Tea (Kalo Chiya),beverage_hot,30,76,4,5,8,0,none,none,0,-0.3645,0,461
2026-05-08,Americano,beverage_hot,150,62,4,5,8,0,none,none,0,-0.3645,0,461
2026-05-08,Cappuccino,beverage_hot,190,80,4,5,8,0,none,none,0,-0.3645,0,461
2026-05-08,Cafe Latte,beverage_hot,200,74,4,5,8,0,none,none,0,-0.3645,0,461
2026-05-08,Hot Chocolate,beverage_hot,180,26,4,5,8,0,none,none,0,-0.3645,0,461
2026-05-08,Cold Coffee,beverage_cold,220,76,4,5,8,0,none,none,0,-0.3645,0,461
2026-05-08,Iced Americano,beverage_cold,180,41,4,5,8,0,none,none,0,-0.3645,0,461
2026-05-08,Lassi,beverage_cold,120,45,4,5,8,0,none,none,0,-0.3645,0,461
2026-05-08,Fresh Lime Soda,beverage_cold,100,74,4,5,8,0,none,none,0,-0.3645,0,461
2026-05-08,Veg Momo,food_main,160,99,4,5,8,0,none,none,0,-0.3645,0,461
2026-05-08,Buff Momo,food_main,180,105,4,5,8,0,none,none,0,-0.3645,0,461
2026-05-08,Chicken Chowmein,food_main,190,67,4,5,8,0,none,none,0,-0.3645,0,461
2026-05-08,Veg Thukpa,food_main,170,41,4,5,8,0,none,none,0,-0.3645,0,461
2026-05-08,Club Sandwich,food_main,250,29,4,5,8,0,none,none,0,-0.3645,0,461
2026-05-08,Chicken Burger,food_main,280,29,4,5,8,0,none,none,0,-0.3645,0,461
2026-05-08,French Fries,food_snack,130,70,4,5,8,0,none,none,0,-0.3645,0,461
2026-05-08,Samosa,food_snack,40,56,4,5,8,0,none,none,0,-0.3645,0,461
2026-05-08,Chocolate Cake Slice,food_bakery,160,27,4,5,8,0,none,none,0,-0.3645,0,461
2026-05-08,Croissant,food_bakery,140,22,4,5,8,0,none,none,0,-0.3645,0,461
2026-05-09,Milk Tea (Dudh Chiya),beverage_hot,40,227,5,5,9,1,none,none,0,-0.3804,0,462
2026-05-09,Masala Chiya,beverage_hot,50,168,5,5,9,1,none,none,0,-0.3804,0,462
2026-05-09,Black Tea (Kalo Chiya),beverage_hot,30,76,5,5,9,1,none,none,0,-0.3804,0,462
2026-05-09,Americano,beverage_hot,150,76,5,5,9,1,none,none,0,-0.3804,0,462
2026-05-09,Cappuccino,beverage_hot,190,107,5,5,9,1,none,none,0,-0.3804,0,462
2026-05-09,Cafe Latte,beverage_hot,200,76,5,5,9,1,none,none,0,-0.3804,0,462
2026-05-09,Hot Chocolate,beverage_hot,180,48,5,5,9,1,none,none,0,-0.3804,0,462
2026-05-09,Cold Coffee,beverage_cold,220,79,5,5,9,1,none,none,0,-0.3804,0,462
2026-05-09,Iced Americano,beverage_cold,180,63,5,5,9,1,none,none,0,-0.3804,0,462
2026-05-09,Lassi,beverage_cold,120,68,5,5,9,1,none,none,0,-0.3804,0,462
2026-05-09,Fresh Lime Soda,beverage_cold,100,78,5,5,9,1,none,none,0,-0.3804,0,462
2026-05-09,Veg Momo,food_main,160,100,5,5,9,1,none,none,0,-0.3804,0,462
2026-05-09,Buff Momo,food_main,180,108,5,5,9,1,none,none,0,-0.3804,0,462
2026-05-09,Chicken Chowmein,food_main,190,85,5,5,9,1,none,none,0,-0.3804,0,462
2026-05-09,Veg Thukpa,food_main,170,47,5,5,9,1,none,none,0,-0.3804,0,462
2026-05-09,Club Sandwich,food_main,250,42,5,5,9,1,none,none,0,-0.3804,0,462
2026-05-09,Chicken Burger,food_main,280,27,5,5,9,1,none,none,0,-0.3804,0,462
2026-05-09,French Fries,food_snack,130,67,5,5,9,1,none,none,0,-0.3804,0,462
2026-05-09,Samosa,food_snack,40,63,5,5,9,1,none,none,0,-0.3804,0,462
2026-05-09,Chocolate Cake Slice,food_bakery,160,31,5,5,9,1,none,none,0,-0.3804,0,462
2026-05-09,Croissant,food_bakery,140,18,5,5,9,1,none,none,0,-0.3804,0,462
2026-05-10,Milk Tea (Dudh Chiya),beverage_hot,40,157,6,5,10,0,none,none,0,-0.3963,0,463
2026-05-10,Masala Chiya,beverage_hot,50,87,6,5,10,0,none,none,0,-0.3963,0,463
2026-05-10,Black Tea (Kalo Chiya),beverage_hot,30,38,6,5,10,0,none,none,0,-0.3963,0,463
2026-05-10,Americano,beverage_hot,150,45,6,5,10,0,none,none,0,-0.3963,0,463
2026-05-10,Cappuccino,beverage_hot,190,49,6,5,10,0,none,none,0,-0.3963,0,463
2026-05-10,Cafe Latte,beverage_hot,200,47,6,5,10,0,none,none,0,-0.3963,0,463
2026-05-10,Hot Chocolate,beverage_hot,180,22,6,5,10,0,none,none,0,-0.3963,0,463
2026-05-10,Cold Coffee,beverage_cold,220,50,6,5,10,0,none,none,0,-0.3963,0,463
2026-05-10,Iced Americano,beverage_cold,180,37,6,5,10,0,none,none,0,-0.3963,0,463
2026-05-10,Lassi,beverage_cold,120,32,6,5,10,0,none,none,0,-0.3963,0,463
2026-05-10,Fresh Lime Soda,beverage_cold,100,49,6,5,10,0,none,none,0,-0.3963,0,463
2026-05-10,Veg Momo,food_main,160,49,6,5,10,0,none,none,0,-0.3963,0,463
2026-05-10,Buff Momo,food_main,180,63,6,5,10,0,none,none,0,-0.3963,0,463
2026-05-10,Chicken Chowmein,food_main,190,53,6,5,10,0,none,none,0,-0.3963,0,463
2026-05-10,Veg Thukpa,food_main,170,24,6,5,10,0,none,none,0,-0.3963,0,463
2026-05-10,Club Sandwich,food_main,250,31,6,5,10,0,none,none,0,-0.3963,0,463
2026-05-10,Chicken Burger,food_main,280,24,6,5,10,0,none,none,0,-0.3963,0,463
2026-05-10,French Fries,food_snack,130,43,6,5,10,0,none,none,0,-0.3963,0,463
2026-05-10,Samosa,food_snack,40,36,6,5,10,0,none,none,0,-0.3963,0,463
2026-05-10,Chocolate Cake Slice,food_bakery,160,25,6,5,10,0,none,none,0,-0.3963,0,463
2026-05-10,Croissant,food_bakery,140,11,6,5,10,0,none,none,0,-0.3963,0,463
2026-05-11,Milk Tea (Dudh Chiya),beverage_hot,40,152,0,5,11,0,none,none,0,-0.412,0,464
2026-05-11,Masala Chiya,beverage_hot,50,113,0,5,11,0,none,none,0,-0.412,0,464
2026-05-11,Black Tea (Kalo Chiya),beverage_hot,30,40,0,5,11,0,none,none,0,-0.412,0,464
2026-05-11,Americano,beverage_hot,150,48,0,5,11,0,none,none,0,-0.412,0,464
2026-05-11,Cappuccino,beverage_hot,190,59,0,5,11,0,none,none,0,-0.412,0,464
2026-05-11,Cafe Latte,beverage_hot,200,45,0,5,11,0,none,none,0,-0.412,0,464
2026-05-11,Hot Chocolate,beverage_hot,180,10,0,5,11,0,none,none,0,-0.412,0,464
2026-05-11,Cold Coffee,beverage_cold,220,46,0,5,11,0,none,none,0,-0.412,0,464
2026-05-11,Iced Americano,beverage_cold,180,32,0,5,11,0,none,none,0,-0.412,0,464
2026-05-11,Lassi,beverage_cold,120,41,0,5,11,0,none,none,0,-0.412,0,464
2026-05-11,Fresh Lime Soda,beverage_cold,100,35,0,5,11,0,none,none,0,-0.412,0,464
2026-05-11,Veg Momo,food_main,160,66,0,5,11,0,none,none,0,-0.412,0,464
2026-05-11,Buff Momo,food_main,180,83,0,5,11,0,none,none,0,-0.412,0,464
2026-05-11,Chicken Chowmein,food_main,190,56,0,5,11,0,none,none,0,-0.412,0,464
2026-05-11,Veg Thukpa,food_main,170,21,0,5,11,0,none,none,0,-0.412,0,464
2026-05-11,Club Sandwich,food_main,250,41,0,5,11,0,none,none,0,-0.412,0,464
2026-05-11,Chicken Burger,food_main,280,34,0,5,11,0,none,none,0,-0.412,0,464
2026-05-11,French Fries,food_snack,130,47,0,5,11,0,none,none,0,-0.412,0,464
2026-05-11,Samosa,food_snack,40,43,0,5,11,0,none,none,0,-0.412,0,464
2026-05-11,Chocolate Cake Slice,food_bakery,160,19,0,5,11,0,none,none,0,-0.412,0,464
2026-05-11,Croissant,food_bakery,140,13,0,5,11,0,none,none,0,-0.412,0,464
2026-05-12,Milk Tea (Dudh Chiya),beverage_hot,40,179,1,5,12,0,none,none,0,-0.4276,0,465
2026-05-12,Masala Chiya,beverage_hot,50,131,1,5,12,0,none,none,0,-0.4276,0,465
2026-05-12,Black Tea (Kalo Chiya),beverage_hot,30,64,1,5,12,0,none,none,0,-0.4276,0,465
2026-05-12,Americano,beverage_hot,150,55,1,5,12,0,none,none,0,-0.4276,0,465
2026-05-12,Cappuccino,beverage_hot,190,71,1,5,12,0,none,none,0,-0.4276,0,465
2026-05-12,Cafe Latte,beverage_hot,200,67,1,5,12,0,none,none,0,-0.4276,0,465
2026-05-12,Hot Chocolate,beverage_hot,180,30,1,5,12,0,none,none,0,-0.4276,0,465
2026-05-12,Cold Coffee,beverage_cold,220,58,1,5,12,0,none,none,0,-0.4276,0,465
2026-05-12,Iced Americano,beverage_cold,180,45,1,5,12,0,none,none,0,-0.4276,0,465
2026-05-12,Lassi,beverage_cold,120,43,1,5,12,0,none,none,0,-0.4276,0,465
2026-05-12,Fresh Lime Soda,beverage_cold,100,62,1,5,12,0,none,none,0,-0.4276,0,465
2026-05-12,Veg Momo,food_main,160,99,1,5,12,0,none,none,0,-0.4276,0,465
2026-05-12,Buff Momo,food_main,180,88,1,5,12,0,none,none,0,-0.4276,0,465
2026-05-12,Chicken Chowmein,food_main,190,57,1,5,12,0,none,none,0,-0.4276,0,465
2026-05-12,Veg Thukpa,food_main,170,33,1,5,12,0,none,none,0,-0.4276,0,465
2026-05-12,Club Sandwich,food_main,250,40,1,5,12,0,none,none,0,-0.4276,0,465
2026-05-12,Chicken Burger,food_main,280,29,1,5,12,0,none,none,0,-0.4276,0,465
2026-05-12,French Fries,food_snack,130,52,1,5,12,0,none,none,0,-0.4276,0,465
2026-05-12,Samosa,food_snack,40,49,1,5,12,0,none,none,0,-0.4276,0,465
2026-05-12,Chocolate Cake Slice,food_bakery,160,31,1,5,12,0,none,none,0,-0.4276,0,465
2026-05-12,Croissant,food_bakery,140,12,1,5,12,0,none,none,0,-0.4276,0,465
2026-05-13,Milk Tea (Dudh Chiya),beverage_hot,40,143,2,5,13,0,none,none,0,-0.4431,0,466
2026-05-13,Masala Chiya,beverage_hot,50,97,2,5,13,0,none,none,0,-0.4431,0,466
2026-05-13,Black Tea (Kalo Chiya),beverage_hot,30,39,2,5,13,0,none,none,0,-0.4431,0,466
2026-05-13,Americano,beverage_hot,150,59,2,5,13,0,none,none,0,-0.4431,0,466
2026-05-13,Cappuccino,beverage_hot,190,66,2,5,13,0,none,none,0,-0.4431,0,466
2026-05-13,Cafe Latte,beverage_hot,200,48,2,5,13,0,none,none,0,-0.4431,0,466
2026-05-13,Hot Chocolate,beverage_hot,180,24,2,5,13,0,none,none,0,-0.4431,0,466
2026-05-13,Cold Coffee,beverage_cold,220,47,2,5,13,0,none,none,0,-0.4431,0,466
2026-05-13,Iced Americano,beverage_cold,180,32,2,5,13,0,none,none,0,-0.4431,0,466
2026-05-13,Lassi,beverage_cold,120,54,2,5,13,0,none,none,0,-0.4431,0,466
2026-05-13,Fresh Lime Soda,beverage_cold,100,49,2,5,13,0,none,none,0,-0.4431,0,466
2026-05-13,Veg Momo,food_main,160,62,2,5,13,0,none,none,0,-0.4431,0,466
2026-05-13,Buff Momo,food_main,180,64,2,5,13,0,none,none,0,-0.4431,0,466
2026-05-13,Chicken Chowmein,food_main,190,57,2,5,13,0,none,none,0,-0.4431,0,466
2026-05-13,Veg Thukpa,food_main,170,35,2,5,13,0,none,none,0,-0.4431,0,466
2026-05-13,Club Sandwich,food_main,250,41,2,5,13,0,none,none,0,-0.4431,0,466
2026-05-13,Chicken Burger,food_main,280,31,2,5,13,0,none,none,0,-0.4431,0,466
2026-05-13,French Fries,food_snack,130,48,2,5,13,0,none,none,0,-0.4431,0,466
2026-05-13,Samosa,food_snack,40,46,2,5,13,0,none,none,0,-0.4431,0,466
2026-05-13,Chocolate Cake Slice,food_bakery,160,21,2,5,13,0,none,none,0,-0.4431,0,466
2026-05-13,Croissant,food_bakery,140,14,2,5,13,0,none,none,0,-0.4431,0,466
2026-05-14,Milk Tea (Dudh Chiya),beverage_hot,40,157,3,5,14,0,none,none,0,-0.4585,0,467
2026-05-14,Masala Chiya,beverage_hot,50,104,3,5,14,0,none,none,0,-0.4585,0,467
2026-05-14,Black Tea (Kalo Chiya),beverage_hot,30,41,3,5,14,0,none,none,0,-0.4585,0,467
2026-05-14,Americano,beverage_hot,150,46,3,5,14,0,none,none,0,-0.4585,0,467
2026-05-14,Cappuccino,beverage_hot,190,54,3,5,14,0,none,none,0,-0.4585,0,467
2026-05-14,Cafe Latte,beverage_hot,200,47,3,5,14,0,none,none,0,-0.4585,0,467
2026-05-14,Hot Chocolate,beverage_hot,180,31,3,5,14,0,none,none,0,-0.4585,0,467
2026-05-14,Cold Coffee,beverage_cold,220,55,3,5,14,0,none,none,0,-0.4585,0,467
2026-05-14,Iced Americano,beverage_cold,180,39,3,5,14,0,none,none,0,-0.4585,0,467
2026-05-14,Lassi,beverage_cold,120,37,3,5,14,0,none,none,0,-0.4585,0,467
2026-05-14,Fresh Lime Soda,beverage_cold,100,50,3,5,14,0,none,none,0,-0.4585,0,467
2026-05-14,Veg Momo,food_main,160,59,3,5,14,0,none,none,0,-0.4585,0,467
2026-05-14,Buff Momo,food_main,180,71,3,5,14,0,none,none,0,-0.4585,0,467
2026-05-14,Chicken Chowmein,food_main,190,57,3,5,14,0,none,none,0,-0.4585,0,467
2026-05-14,Veg Thukpa,food_main,170,39,3,5,14,0,none,none,0,-0.4585,0,467
2026-05-14,Club Sandwich,food_main,250,28,3,5,14,0,none,none,0,-0.4585,0,467
2026-05-14,Chicken Burger,food_main,280,20,3,5,14,0,none,none,0,-0.4585,0,467
2026-05-14,French Fries,food_snack,130,44,3,5,14,0,none,none,0,-0.4585,0,467
2026-05-14,Samosa,food_snack,40,44,3,5,14,0,none,none,0,-0.4585,0,467
2026-05-14,Chocolate Cake Slice,food_bakery,160,23,3,5,14,0,none,none,0,-0.4585,0,467
2026-05-14,Croissant,food_bakery,140,6,3,5,14,0,none,none,0,-0.4585,0,467
2026-05-15,Milk Tea (Dudh Chiya),beverage_hot,40,216,4,5,15,0,none,none,0,-0.4737,0,468
2026-05-15,Masala Chiya,beverage_hot,50,135,4,5,15,0,none,none,0,-0.4737,0,468
2026-05-15,Black Tea (Kalo Chiya),beverage_hot,30,58,4,5,15,0,none,none,0,-0.4737,0,468
2026-05-15,Americano,beverage_hot,150,53,4,5,15,0,none,none,0,-0.4737,0,468
2026-05-15,Cappuccino,beverage_hot,190,82,4,5,15,0,none,none,0,-0.4737,0,468
2026-05-15,Cafe Latte,beverage_hot,200,72,4,5,15,0,none,none,0,-0.4737,0,468
2026-05-15,Hot Chocolate,beverage_hot,180,46,4,5,15,0,none,none,0,-0.4737,0,468
2026-05-15,Cold Coffee,beverage_cold,220,68,4,5,15,0,none,none,0,-0.4737,0,468
2026-05-15,Iced Americano,beverage_cold,180,39,4,5,15,0,none,none,0,-0.4737,0,468
2026-05-15,Lassi,beverage_cold,120,49,4,5,15,0,none,none,0,-0.4737,0,468
2026-05-15,Fresh Lime Soda,beverage_cold,100,56,4,5,15,0,none,none,0,-0.4737,0,468
2026-05-15,Veg Momo,food_main,160,94,4,5,15,0,none,none,0,-0.4737,0,468
2026-05-15,Buff Momo,food_main,180,105,4,5,15,0,none,none,0,-0.4737,0,468
2026-05-15,Chicken Chowmein,food_main,190,83,4,5,15,0,none,none,0,-0.4737,0,468
2026-05-15,Veg Thukpa,food_main,170,42,4,5,15,0,none,none,0,-0.4737,0,468
2026-05-15,Club Sandwich,food_main,250,47,4,5,15,0,none,none,0,-0.4737,0,468
2026-05-15,Chicken Burger,food_main,280,32,4,5,15,0,none,none,0,-0.4737,0,468
2026-05-15,French Fries,food_snack,130,55,4,5,15,0,none,none,0,-0.4737,0,468
2026-05-15,Samosa,food_snack,40,57,4,5,15,0,none,none,0,-0.4737,0,468
2026-05-15,Chocolate Cake Slice,food_bakery,160,19,4,5,15,0,none,none,0,-0.4737,0,468
2026-05-15,Croissant,food_bakery,140,21,4,5,15,0,none,none,0,-0.4737,0,468
2026-05-16,Milk Tea (Dudh Chiya),beverage_hot,40,236,5,5,16,1,none,none,0,-0.4888,0,469
2026-05-16,Masala Chiya,beverage_hot,50,156,5,5,16,1,none,none,0,-0.4888,0,469
2026-05-16,Black Tea (Kalo Chiya),beverage_hot,30,67,5,5,16,1,none,none,0,-0.4888,0,469
2026-05-16,Americano,beverage_hot,150,77,5,5,16,1,none,none,0,-0.4888,0,469
2026-05-16,Cappuccino,beverage_hot,190,98,5,5,16,1,none,none,0,-0.4888,0,469
2026-05-16,Cafe Latte,beverage_hot,200,81,5,5,16,1,none,none,0,-0.4888,0,469
2026-05-16,Hot Chocolate,beverage_hot,180,44,5,5,16,1,none,none,0,-0.4888,0,469
2026-05-16,Cold Coffee,beverage_cold,220,65,5,5,16,1,none,none,0,-0.4888,0,469
2026-05-16,Iced Americano,beverage_cold,180,60,5,5,16,1,none,none,0,-0.4888,0,469
2026-05-16,Lassi,beverage_cold,120,54,5,5,16,1,none,none,0,-0.4888,0,469
2026-05-16,Fresh Lime Soda,beverage_cold,100,61,5,5,16,1,none,none,0,-0.4888,0,469
2026-05-16,Veg Momo,food_main,160,93,5,5,16,1,none,none,0,-0.4888,0,469
2026-05-16,Buff Momo,food_main,180,111,5,5,16,1,none,none,0,-0.4888,0,469
2026-05-16,Chicken Chowmein,food_main,190,90,5,5,16,1,none,none,0,-0.4888,0,469
2026-05-16,Veg Thukpa,food_main,170,44,5,5,16,1,none,none,0,-0.4888,0,469
2026-05-16,Club Sandwich,food_main,250,45,5,5,16,1,none,none,0,-0.4888,0,469
2026-05-16,Chicken Burger,food_main,280,35,5,5,16,1,none,none,0,-0.4888,0,469
2026-05-16,French Fries,food_snack,130,64,5,5,16,1,none,none,0,-0.4888,0,469
2026-05-16,Samosa,food_snack,40,59,5,5,16,1,none,none,0,-0.4888,0,469
2026-05-16,Chocolate Cake Slice,food_bakery,160,37,5,5,16,1,none,none,0,-0.4888,0,469
2026-05-16,Croissant,food_bakery,140,15,5,5,16,1,none,none,0,-0.4888,0,469
2026-05-17,Milk Tea (Dudh Chiya),beverage_hot,40,164,6,5,17,0,none,none,0,-0.5037,0,470
2026-05-17,Masala Chiya,beverage_hot,50,98,6,5,17,0,none,none,0,-0.5037,0,470
2026-05-17,Black Tea (Kalo Chiya),beverage_hot,30,40,6,5,17,0,none,none,0,-0.5037,0,470
2026-05-17,Americano,beverage_hot,150,44,6,5,17,0,none,none,0,-0.5037,0,470
2026-05-17,Cappuccino,beverage_hot,190,52,6,5,17,0,none,none,0,-0.5037,0,470
2026-05-17,Cafe Latte,beverage_hot,200,45,6,5,17,0,none,none,0,-0.5037,0,470
2026-05-17,Hot Chocolate,beverage_hot,180,24,6,5,17,0,none,none,0,-0.5037,0,470
2026-05-17,Cold Coffee,beverage_cold,220,42,6,5,17,0,none,none,0,-0.5037,0,470
2026-05-17,Iced Americano,beverage_cold,180,29,6,5,17,0,none,none,0,-0.5037,0,470
2026-05-17,Lassi,beverage_cold,120,38,6,5,17,0,none,none,0,-0.5037,0,470
2026-05-17,Fresh Lime Soda,beverage_cold,100,53,6,5,17,0,none,none,0,-0.5037,0,470
2026-05-17,Veg Momo,food_main,160,71,6,5,17,0,none,none,0,-0.5037,0,470
2026-05-17,Buff Momo,food_main,180,59,6,5,17,0,none,none,0,-0.5037,0,470
2026-05-17,Chicken Chowmein,food_main,190,56,6,5,17,0,none,none,0,-0.5037,0,470
2026-05-17,Veg Thukpa,food_main,170,39,6,5,17,0,none,none,0,-0.5037,0,470
2026-05-17,Club Sandwich,food_main,250,33,6,5,17,0,none,none,0,-0.5037,0,470
2026-05-17,Chicken Burger,food_main,280,34,6,5,17,0,none,none,0,-0.5037,0,470
2026-05-17,French Fries,food_snack,130,45,6,5,17,0,none,none,0,-0.5037,0,470
2026-05-17,Samosa,food_snack,40,40,6,5,17,0,none,none,0,-0.5037,0,470
2026-05-17,Chocolate Cake Slice,food_bakery,160,16,6,5,17,0,none,none,0,-0.5037,0,470
2026-05-17,Croissant,food_bakery,140,14,6,5,17,0,none,none,0,-0.5037,0,470
2026-05-18,Milk Tea (Dudh Chiya),beverage_hot,40,149,0,5,18,0,none,none,0,-0.5185,0,471
2026-05-18,Masala Chiya,beverage_hot,50,89,0,5,18,0,none,none,0,-0.5185,0,471
2026-05-18,Black Tea (Kalo Chiya),beverage_hot,30,51,0,5,18,0,none,none,0,-0.5185,0,471
2026-05-18,Americano,beverage_hot,150,38,0,5,18,0,none,none,0,-0.5185,0,471
2026-05-18,Cappuccino,beverage_hot,190,50,0,5,18,0,none,none,0,-0.5185,0,471
2026-05-18,Cafe Latte,beverage_hot,200,41,0,5,18,0,none,none,0,-0.5185,0,471
2026-05-18,Hot Chocolate,beverage_hot,180,23,0,5,18,0,none,none,0,-0.5185,0,471
2026-05-18,Cold Coffee,beverage_cold,220,44,0,5,18,0,none,none,0,-0.5185,0,471
2026-05-18,Iced Americano,beverage_cold,180,41,0,5,18,0,none,none,0,-0.5185,0,471
2026-05-18,Lassi,beverage_cold,120,37,0,5,18,0,none,none,0,-0.5185,0,471
2026-05-18,Fresh Lime Soda,beverage_cold,100,49,0,5,18,0,none,none,0,-0.5185,0,471
2026-05-18,Veg Momo,food_main,160,66,0,5,18,0,none,none,0,-0.5185,0,471
2026-05-18,Buff Momo,food_main,180,64,0,5,18,0,none,none,0,-0.5185,0,471
2026-05-18,Chicken Chowmein,food_main,190,41,0,5,18,0,none,none,0,-0.5185,0,471
2026-05-18,Veg Thukpa,food_main,170,20,0,5,18,0,none,none,0,-0.5185,0,471
2026-05-18,Club Sandwich,food_main,250,31,0,5,18,0,none,none,0,-0.5185,0,471
2026-05-18,Chicken Burger,food_main,280,23,0,5,18,0,none,none,0,-0.5185,0,471
2026-05-18,French Fries,food_snack,130,40,0,5,18,0,none,none,0,-0.5185,0,471
2026-05-18,Samosa,food_snack,40,38,0,5,18,0,none,none,0,-0.5185,0,471
2026-05-18,Chocolate Cake Slice,food_bakery,160,19,0,5,18,0,none,none,0,-0.5185,0,471
2026-05-18,Croissant,food_bakery,140,10,0,5,18,0,none,none,0,-0.5185,0,471
2026-05-19,Milk Tea (Dudh Chiya),beverage_hot,40,215,1,5,19,0,none,none,0,-0.5331,0,472
2026-05-19,Masala Chiya,beverage_hot,50,132,1,5,19,0,none,none,0,-0.5331,0,472
2026-05-19,Black Tea (Kalo Chiya),beverage_hot,30,54,1,5,19,0,none,none,0,-0.5331,0,472
2026-05-19,Americano,beverage_hot,150,72,1,5,19,0,none,none,0,-0.5331,1,472
2026-05-19,Cappuccino,beverage_hot,190,76,1,5,19,0,none,none,0,-0.5331,0,472
2026-05-19,Cafe Latte,beverage_hot,200,66,1,5,19,0,none,none,0,-0.5331,0,472
2026-05-19,Hot Chocolate,beverage_hot,180,54,1,5,19,0,none,none,0,-0.5331,1,472
2026-05-19,Cold Coffee,beverage_cold,220,64,1,5,19,0,none,none,0,-0.5331,0,472
2026-05-19,Iced Americano,beverage_cold,180,58,1,5,19,0,none,none,0,-0.5331,1,472
2026-05-19,Lassi,beverage_cold,120,43,1,5,19,0,none,none,0,-0.5331,0,472
2026-05-19,Fresh Lime Soda,beverage_cold,100,66,1,5,19,0,none,none,0,-0.5331,0,472
2026-05-19,Veg Momo,food_main,160,94,1,5,19,0,none,none,0,-0.5331,0,472
2026-05-19,Buff Momo,food_main,180,96,1,5,19,0,none,none,0,-0.5331,0,472
2026-05-19,Chicken Chowmein,food_main,190,67,1,5,19,0,none,none,0,-0.5331,0,472
2026-05-19,Veg Thukpa,food_main,170,28,1,5,19,0,none,none,0,-0.5331,0,472
2026-05-19,Club Sandwich,food_main,250,46,1,5,19,0,none,none,0,-0.5331,0,472
2026-05-19,Chicken Burger,food_main,280,40,1,5,19,0,none,none,0,-0.5331,1,472
2026-05-19,French Fries,food_snack,130,42,1,5,19,0,none,none,0,-0.5331,0,472
2026-05-19,Samosa,food_snack,40,53,1,5,19,0,none,none,0,-0.5331,0,472
2026-05-19,Chocolate Cake Slice,food_bakery,160,26,1,5,19,0,none,none,0,-0.5331,0,472
2026-05-19,Croissant,food_bakery,140,22,1,5,19,0,none,none,0,-0.5331,0,472
2026-05-20,Milk Tea (Dudh Chiya),beverage_hot,40,194,2,5,20,0,none,none,0,-0.5476,0,473
2026-05-20,Masala Chiya,beverage_hot,50,110,2,5,20,0,none,none,0,-0.5476,0,473
2026-05-20,Black Tea (Kalo Chiya),beverage_hot,30,69,2,5,20,0,none,none,0,-0.5476,0,473
2026-05-20,Americano,beverage_hot,150,81,2,5,20,0,none,none,0,-0.5476,1,473
2026-05-20,Cappuccino,beverage_hot,190,66,2,5,20,0,none,none,0,-0.5476,0,473
2026-05-20,Cafe Latte,beverage_hot,200,69,2,5,20,0,none,none,0,-0.5476,0,473
2026-05-20,Hot Chocolate,beverage_hot,180,35,2,5,20,0,none,none,0,-0.5476,1,473
2026-05-20,Cold Coffee,beverage_cold,220,63,2,5,20,0,none,none,0,-0.5476,0,473
2026-05-20,Iced Americano,beverage_cold,180,58,2,5,20,0,none,none,0,-0.5476,1,473
2026-05-20,Lassi,beverage_cold,120,40,2,5,20,0,none,none,0,-0.5476,0,473
2026-05-20,Fresh Lime Soda,beverage_cold,100,62,2,5,20,0,none,none,0,-0.5476,0,473
2026-05-20,Veg Momo,food_main,160,92,2,5,20,0,none,none,0,-0.5476,0,473
2026-05-20,Buff Momo,food_main,180,80,2,5,20,0,none,none,0,-0.5476,0,473
2026-05-20,Chicken Chowmein,food_main,190,64,2,5,20,0,none,none,0,-0.5476,0,473
2026-05-20,Veg Thukpa,food_main,170,45,2,5,20,0,none,none,0,-0.5476,0,473
2026-05-20,Club Sandwich,food_main,250,44,2,5,20,0,none,none,0,-0.5476,0,473
2026-05-20,Chicken Burger,food_main,280,37,2,5,20,0,none,none,0,-0.5476,1,473
2026-05-20,French Fries,food_snack,130,49,2,5,20,0,none,none,0,-0.5476,0,473
2026-05-20,Samosa,food_snack,40,63,2,5,20,0,none,none,0,-0.5476,0,473
2026-05-20,Chocolate Cake Slice,food_bakery,160,25,2,5,20,0,none,none,0,-0.5476,0,473
2026-05-20,Croissant,food_bakery,140,10,2,5,20,0,none,none,0,-0.5476,0,473
2026-05-21,Milk Tea (Dudh Chiya),beverage_hot,40,189,3,5,21,0,none,none,0,-0.5619,0,474
2026-05-21,Masala Chiya,beverage_hot,50,118,3,5,21,0,none,none,0,-0.5619,0,474
2026-05-21,Black Tea (Kalo Chiya),beverage_hot,30,56,3,5,21,0,none,none,0,-0.5619,0,474
2026-05-21,Americano,beverage_hot,150,62,3,5,21,0,none,none,0,-0.5619,1,474
2026-05-21,Cappuccino,beverage_hot,190,59,3,5,21,0,none,none,0,-0.5619,0,474
2026-05-21,Cafe Latte,beverage_hot,200,49,3,5,21,0,none,none,0,-0.5619,0,474
2026-05-21,Hot Chocolate,beverage_hot,180,40,3,5,21,0,none,none,0,-0.5619,1,474
2026-05-21,Cold Coffee,beverage_cold,220,57,3,5,21,0,none,none,0,-0.5619,0,474
2026-05-21,Iced Americano,beverage_cold,180,45,3,5,21,0,none,none,0,-0.5619,1,474
2026-05-21,Lassi,beverage_cold,120,55,3,5,21,0,none,none,0,-0.5619,0,474
2026-05-21,Fresh Lime Soda,beverage_cold,100,51,3,5,21,0,none,none,0,-0.5619,0,474
2026-05-21,Veg Momo,food_main,160,70,3,5,21,0,none,none,0,-0.5619,0,474
2026-05-21,Buff Momo,food_main,180,88,3,5,21,0,none,none,0,-0.5619,0,474
2026-05-21,Chicken Chowmein,food_main,190,65,3,5,21,0,none,none,0,-0.5619,0,474
2026-05-21,Veg Thukpa,food_main,170,30,3,5,21,0,none,none,0,-0.5619,0,474
2026-05-21,Club Sandwich,food_main,250,31,3,5,21,0,none,none,0,-0.5619,0,474
2026-05-21,Chicken Burger,food_main,280,35,3,5,21,0,none,none,0,-0.5619,1,474
2026-05-21,French Fries,food_snack,130,47,3,5,21,0,none,none,0,-0.5619,0,474
2026-05-21,Samosa,food_snack,40,43,3,5,21,0,none,none,0,-0.5619,0,474
2026-05-21,Chocolate Cake Slice,food_bakery,160,25,3,5,21,0,none,none,0,-0.5619,0,474
2026-05-21,Croissant,food_bakery,140,20,3,5,21,0,none,none,0,-0.5619,0,474
2026-05-22,Milk Tea (Dudh Chiya),beverage_hot,40,201,4,5,22,0,none,none,0,-0.5761,0,475
2026-05-22,Masala Chiya,beverage_hot,50,143,4,5,22,0,none,none,0,-0.5761,0,475
2026-05-22,Black Tea (Kalo Chiya),beverage_hot,30,70,4,5,22,0,none,none,0,-0.5761,0,475
2026-05-22,Americano,beverage_hot,150,85,4,5,22,0,none,none,0,-0.5761,1,475
2026-05-22,Cappuccino,beverage_hot,190,79,4,5,22,0,none,none,0,-0.5761,0,475
2026-05-22,Cafe Latte,beverage_hot,200,68,4,5,22,0,none,none,0,-0.5761,0,475
2026-05-22,Hot Chocolate,beverage_hot,180,42,4,5,22,0,none,none,0,-0.5761,1,475
2026-05-22,Cold Coffee,beverage_cold,220,57,4,5,22,0,none,none,0,-0.5761,0,475
2026-05-22,Iced Americano,beverage_cold,180,46,4,5,22,0,none,none,0,-0.5761,1,475
2026-05-22,Lassi,beverage_cold,120,46,4,5,22,0,none,none,0,-0.5761,0,475
2026-05-22,Fresh Lime Soda,beverage_cold,100,51,4,5,22,0,none,none,0,-0.5761,0,475
2026-05-22,Veg Momo,food_main,160,81,4,5,22,0,none,none,0,-0.5761,0,475
2026-05-22,Buff Momo,food_main,180,91,4,5,22,0,none,none,0,-0.5761,0,475
2026-05-22,Chicken Chowmein,food_main,190,61,4,5,22,0,none,none,0,-0.5761,0,475
2026-05-22,Veg Thukpa,food_main,170,38,4,5,22,0,none,none,0,-0.5761,0,475
2026-05-22,Club Sandwich,food_main,250,57,4,5,22,0,none,none,0,-0.5761,0,475
2026-05-22,Chicken Burger,food_main,280,56,4,5,22,0,none,none,0,-0.5761,1,475
2026-05-22,French Fries,food_snack,130,57,4,5,22,0,none,none,0,-0.5761,0,475
2026-05-22,Samosa,food_snack,40,47,4,5,22,0,none,none,0,-0.5761,0,475
2026-05-22,Chocolate Cake Slice,food_bakery,160,19,4,5,22,0,none,none,0,-0.5761,0,475
2026-05-22,Croissant,food_bakery,140,13,4,5,22,0,none,none,0,-0.5761,0,475
2026-05-23,Milk Tea (Dudh Chiya),beverage_hot,40,219,5,5,23,1,none,none,0,-0.59,0,476
2026-05-23,Masala Chiya,beverage_hot,50,161,5,5,23,1,none,none,0,-0.59,0,476
2026-05-23,Black Tea (Kalo Chiya),beverage_hot,30,67,5,5,23,1,none,none,0,-0.59,0,476
2026-05-23,Americano,beverage_hot,150,78,5,5,23,1,none,none,0,-0.59,1,476
2026-05-23,Cappuccino,beverage_hot,190,66,5,5,23,1,none,none,0,-0.59,0,476
2026-05-23,Cafe Latte,beverage_hot,200,87,5,5,23,1,none,none,0,-0.59,0,476
2026-05-23,Hot Chocolate,beverage_hot,180,47,5,5,23,1,none,none,0,-0.59,1,476
2026-05-23,Cold Coffee,beverage_cold,220,84,5,5,23,1,none,none,0,-0.59,0,476
2026-05-23,Iced Americano,beverage_cold,180,78,5,5,23,1,none,none,0,-0.59,1,476
2026-05-23,Lassi,beverage_cold,120,56,5,5,23,1,none,none,0,-0.59,0,476
2026-05-23,Fresh Lime Soda,beverage_cold,100,78,5,5,23,1,none,none,0,-0.59,0,476
2026-05-23,Veg Momo,food_main,160,107,5,5,23,1,none,none,0,-0.59,0,476
2026-05-23,Buff Momo,food_main,180,106,5,5,23,1,none,none,0,-0.59,0,476
2026-05-23,Chicken Chowmein,food_main,190,79,5,5,23,1,none,none,0,-0.59,0,476
2026-05-23,Veg Thukpa,food_main,170,52,5,5,23,1,none,none,0,-0.59,0,476
2026-05-23,Club Sandwich,food_main,250,46,5,5,23,1,none,none,0,-0.59,0,476
2026-05-23,Chicken Burger,food_main,280,51,5,5,23,1,none,none,0,-0.59,1,476
2026-05-23,French Fries,food_snack,130,67,5,5,23,1,none,none,0,-0.59,0,476
2026-05-23,Samosa,food_snack,40,61,5,5,23,1,none,none,0,-0.59,0,476
2026-05-23,Chocolate Cake Slice,food_bakery,160,37,5,5,23,1,none,none,0,-0.59,0,476
2026-05-23,Croissant,food_bakery,140,20,5,5,23,1,none,none,0,-0.59,0,476
2026-05-24,Milk Tea (Dudh Chiya),beverage_hot,40,176,6,5,24,0,none,none,0,-0.6038,0,477
2026-05-24,Masala Chiya,beverage_hot,50,117,6,5,24,0,none,none,0,-0.6038,0,477
2026-05-24,Black Tea (Kalo Chiya),beverage_hot,30,54,6,5,24,0,none,none,0,-0.6038,0,477
2026-05-24,Americano,beverage_hot,150,64,6,5,24,0,none,none,0,-0.6038,1,477
2026-05-24,Cappuccino,beverage_hot,190,59,6,5,24,0,none,none,0,-0.6038,0,477
2026-05-24,Cafe Latte,beverage_hot,200,46,6,5,24,0,none,none,0,-0.6038,0,477
2026-05-24,Hot Chocolate,beverage_hot,180,38,6,5,24,0,none,none,0,-0.6038,1,477
2026-05-24,Cold Coffee,beverage_cold,220,51,6,5,24,0,none,none,0,-0.6038,0,477
2026-05-24,Iced Americano,beverage_cold,180,51,6,5,24,0,none,none,0,-0.6038,1,477
2026-05-24,Lassi,beverage_cold,120,48,6,5,24,0,none,none,0,-0.6038,0,477
2026-05-24,Fresh Lime Soda,beverage_cold,100,43,6,5,24,0,none,none,0,-0.6038,0,477
2026-05-24,Veg Momo,food_main,160,77,6,5,24,0,none,none,0,-0.6038,0,477
2026-05-24,Buff Momo,food_main,180,83,6,5,24,0,none,none,0,-0.6038,0,477
2026-05-24,Chicken Chowmein,food_main,190,56,6,5,24,0,none,none,0,-0.6038,0,477
2026-05-24,Veg Thukpa,food_main,170,32,6,5,24,0,none,none,0,-0.6038,0,477
2026-05-24,Club Sandwich,food_main,250,29,6,5,24,0,none,none,0,-0.6038,0,477
2026-05-24,Chicken Burger,food_main,280,32,6,5,24,0,none,none,0,-0.6038,1,477
2026-05-24,French Fries,food_snack,130,50,6,5,24,0,none,none,0,-0.6038,0,477
2026-05-24,Samosa,food_snack,40,41,6,5,24,0,none,none,0,-0.6038,0,477
2026-05-24,Chocolate Cake Slice,food_bakery,160,23,6,5,24,0,none,none,0,-0.6038,0,477
2026-05-24,Croissant,food_bakery,140,22,6,5,24,0,none,none,0,-0.6038,0,477
2026-05-25,Milk Tea (Dudh Chiya),beverage_hot,40,179,0,5,25,0,none,none,0,-0.6175,0,478
2026-05-25,Masala Chiya,beverage_hot,50,112,0,5,25,0,none,none,0,-0.6175,0,478
2026-05-25,Black Tea (Kalo Chiya),beverage_hot,30,66,0,5,25,0,none,none,0,-0.6175,0,478
2026-05-25,Americano,beverage_hot,150,65,0,5,25,0,none,none,0,-0.6175,1,478
2026-05-25,Cappuccino,beverage_hot,190,60,0,5,25,0,none,none,0,-0.6175,0,478
2026-05-25,Cafe Latte,beverage_hot,200,51,0,5,25,0,none,none,0,-0.6175,0,478
2026-05-25,Hot Chocolate,beverage_hot,180,42,0,5,25,0,none,none,0,-0.6175,1,478
2026-05-25,Cold Coffee,beverage_cold,220,62,0,5,25,0,none,none,0,-0.6175,0,478
2026-05-25,Iced Americano,beverage_cold,180,63,0,5,25,0,none,none,0,-0.6175,1,478
2026-05-25,Lassi,beverage_cold,120,48,0,5,25,0,none,none,0,-0.6175,0,478
2026-05-25,Fresh Lime Soda,beverage_cold,100,64,0,5,25,0,none,none,0,-0.6175,0,478
2026-05-25,Veg Momo,food_main,160,82,0,5,25,0,none,none,0,-0.6175,0,478
2026-05-25,Buff Momo,food_main,180,90,0,5,25,0,none,none,0,-0.6175,0,478
2026-05-25,Chicken Chowmein,food_main,190,44,0,5,25,0,none,none,0,-0.6175,0,478
2026-05-25,Veg Thukpa,food_main,170,35,0,5,25,0,none,none,0,-0.6175,0,478
2026-05-25,Club Sandwich,food_main,250,28,0,5,25,0,none,none,0,-0.6175,0,478
2026-05-25,Chicken Burger,food_main,280,36,0,5,25,0,none,none,0,-0.6175,1,478
2026-05-25,French Fries,food_snack,130,41,0,5,25,0,none,none,0,-0.6175,0,478
2026-05-25,Samosa,food_snack,40,38,0,5,25,0,none,none,0,-0.6175,0,478
2026-05-25,Chocolate Cake Slice,food_bakery,160,20,0,5,25,0,none,none,0,-0.6175,0,478
2026-05-25,Croissant,food_bakery,140,19,0,5,25,0,none,none,0,-0.6175,0,478
2026-05-26,Milk Tea (Dudh Chiya),beverage_hot,40,203,1,5,26,0,none,none,0,-0.6309,0,479
2026-05-26,Masala Chiya,beverage_hot,50,118,1,5,26,0,none,none,0,-0.6309,0,479
2026-05-26,Black Tea (Kalo Chiya),beverage_hot,30,42,1,5,26,0,none,none,0,-0.6309,0,479
2026-05-26,Americano,beverage_hot,150,63,1,5,26,0,none,none,0,-0.6309,1,479
2026-05-26,Cappuccino,beverage_hot,190,69,1,5,26,0,none,none,0,-0.6309,0,479
2026-05-26,Cafe Latte,beverage_hot,200,51,1,5,26,0,none,none,0,-0.6309,0,479
2026-05-26,Hot Chocolate,beverage_hot,180,39,1,5,26,0,none,none,0,-0.6309,1,479
2026-05-26,Cold Coffee,beverage_cold,220,40,1,5,26,0,none,none,0,-0.6309,0,479
2026-05-26,Iced Americano,beverage_cold,180,46,1,5,26,0,none,none,0,-0.6309,1,479
2026-05-26,Lassi,beverage_cold,120,47,1,5,26,0,none,none,0,-0.6309,0,479
2026-05-26,Fresh Lime Soda,beverage_cold,100,43,1,5,26,0,none,none,0,-0.6309,0,479
2026-05-26,Veg Momo,food_main,160,67,1,5,26,0,none,none,0,-0.6309,0,479
2026-05-26,Buff Momo,food_main,180,73,1,5,26,0,none,none,0,-0.6309,0,479
2026-05-26,Chicken Chowmein,food_main,190,55,1,5,26,0,none,none,0,-0.6309,0,479
2026-05-26,Veg Thukpa,food_main,170,32,1,5,26,0,none,none,0,-0.6309,0,479
2026-05-26,Club Sandwich,food_main,250,24,1,5,26,0,none,none,0,-0.6309,0,479
2026-05-26,Chicken Burger,food_main,280,35,1,5,26,0,none,none,0,-0.6309,1,479
2026-05-26,French Fries,food_snack,130,51,1,5,26,0,none,none,0,-0.6309,0,479
2026-05-26,Samosa,food_snack,40,43,1,5,26,0,none,none,0,-0.6309,0,479
2026-05-26,Chocolate Cake Slice,food_bakery,160,18,1,5,26,0,none,none,0,-0.6309,0,479
2026-05-26,Croissant,food_bakery,140,16,1,5,26,0,none,none,0,-0.6309,0,479
2026-05-27,Milk Tea (Dudh Chiya),beverage_hot,40,160,2,5,27,0,none,none,0,-0.6442,0,480
2026-05-27,Masala Chiya,beverage_hot,50,106,2,5,27,0,none,none,0,-0.6442,0,480
2026-05-27,Black Tea (Kalo Chiya),beverage_hot,30,49,2,5,27,0,none,none,0,-0.6442,0,480
2026-05-27,Americano,beverage_hot,150,74,2,5,27,0,none,none,0,-0.6442,1,480
2026-05-27,Cappuccino,beverage_hot,190,63,2,5,27,0,none,none,0,-0.6442,0,480
2026-05-27,Cafe Latte,beverage_hot,200,56,2,5,27,0,none,none,0,-0.6442,0,480
2026-05-27,Hot Chocolate,beverage_hot,180,28,2,5,27,0,none,none,0,-0.6442,1,480
2026-05-27,Cold Coffee,beverage_cold,220,49,2,5,27,0,none,none,0,-0.6442,0,480
2026-05-27,Iced Americano,beverage_cold,180,39,2,5,27,0,none,none,0,-0.6442,1,480
2026-05-27,Lassi,beverage_cold,120,36,2,5,27,0,none,none,0,-0.6442,0,480
2026-05-27,Fresh Lime Soda,beverage_cold,100,40,2,5,27,0,none,none,0,-0.6442,0,480
2026-05-27,Veg Momo,food_main,160,65,2,5,27,0,none,none,0,-0.6442,0,480
2026-05-27,Buff Momo,food_main,180,80,2,5,27,0,none,none,0,-0.6442,0,480
2026-05-27,Chicken Chowmein,food_main,190,63,2,5,27,0,none,none,0,-0.6442,0,480
2026-05-27,Veg Thukpa,food_main,170,29,2,5,27,0,none,none,0,-0.6442,0,480
2026-05-27,Club Sandwich,food_main,250,44,2,5,27,0,none,none,0,-0.6442,0,480
2026-05-27,Chicken Burger,food_main,280,53,2,5,27,0,none,none,0,-0.6442,1,480
2026-05-27,French Fries,food_snack,130,47,2,5,27,0,none,none,0,-0.6442,0,480
2026-05-27,Samosa,food_snack,40,38,2,5,27,0,none,none,0,-0.6442,0,480
2026-05-27,Chocolate Cake Slice,food_bakery,160,26,2,5,27,0,none,none,0,-0.6442,0,480
2026-05-27,Croissant,food_bakery,140,14,2,5,27,0,none,none,0,-0.6442,0,480
2026-05-28,Milk Tea (Dudh Chiya),beverage_hot,40,172,3,5,28,0,none,none,0,-0.6572,0,481
2026-05-28,Masala Chiya,beverage_hot,50,121,3,5,28,0,none,none,0,-0.6572,0,481
2026-05-28,Black Tea (Kalo Chiya),beverage_hot,30,58,3,5,28,0,none,none,0,-0.6572,0,481
2026-05-28,Americano,beverage_hot,150,55,3,5,28,0,none,none,0,-0.6572,1,481
2026-05-28,Cappuccino,beverage_hot,190,79,3,5,28,0,none,none,0,-0.6572,0,481
2026-05-28,Cafe Latte,beverage_hot,200,49,3,5,28,0,none,none,0,-0.6572,0,481
2026-05-28,Hot Chocolate,beverage_hot,180,44,3,5,28,0,none,none,0,-0.6572,1,481
2026-05-28,Cold Coffee,beverage_cold,220,56,3,5,28,0,none,none,0,-0.6572,0,481
2026-05-28,Iced Americano,beverage_cold,180,51,3,5,28,0,none,none,0,-0.6572,1,481
2026-05-28,Lassi,beverage_cold,120,48,3,5,28,0,none,none,0,-0.6572,0,481
2026-05-28,Fresh Lime Soda,beverage_cold,100,51,3,5,28,0,none,none,0,-0.6572,0,481
2026-05-28,Veg Momo,food_main,160,61,3,5,28,0,none,none,0,-0.6572,0,481
2026-05-28,Buff Momo,food_main,180,84,3,5,28,0,none,none,0,-0.6572,0,481
2026-05-28,Chicken Chowmein,food_main,190,51,3,5,28,0,none,none,0,-0.6572,0,481
2026-05-28,Veg Thukpa,food_main,170,30,3,5,28,0,none,none,0,-0.6572,0,481
2026-05-28,Club Sandwich,food_main,250,33,3,5,28,0,none,none,0,-0.6572,0,481
2026-05-28,Chicken Burger,food_main,280,41,3,5,28,0,none,none,0,-0.6572,1,481
2026-05-28,French Fries,food_snack,130,52,3,5,28,0,none,none,0,-0.6572,0,481
2026-05-28,Samosa,food_snack,40,50,3,5,28,0,none,none,0,-0.6572,0,481
2026-05-28,Chocolate Cake Slice,food_bakery,160,20,3,5,28,0,none,none,0,-0.6572,0,481
2026-05-28,Croissant,food_bakery,140,13,3,5,28,0,none,none,0,-0.6572,0,481
2026-05-29,Milk Tea (Dudh Chiya),beverage_hot,40,195,4,5,29,0,none,none,0,-0.6701,0,482
2026-05-29,Masala Chiya,beverage_hot,50,105,4,5,29,0,none,none,0,-0.6701,0,482
2026-05-29,Black Tea (Kalo Chiya),beverage_hot,30,63,4,5,29,0,none,none,0,-0.6701,0,482
2026-05-29,Americano,beverage_hot,150,54,4,5,29,0,none,none,0,-0.6701,0,482
2026-05-29,Cappuccino,beverage_hot,190,85,4,5,29,0,none,none,0,-0.6701,0,482
2026-05-29,Cafe Latte,beverage_hot,200,65,4,5,29,0,none,none,0,-0.6701,0,482
2026-05-29,Hot Chocolate,beverage_hot,180,38,4,5,29,0,none,none,0,-0.6701,0,482
2026-05-29,Cold Coffee,beverage_cold,220,65,4,5,29,0,none,none,0,-0.6701,0,482
2026-05-29,Iced Americano,beverage_cold,180,62,4,5,29,0,none,none,0,-0.6701,0,482
2026-05-29,Lassi,beverage_cold,120,45,4,5,29,0,none,none,0,-0.6701,0,482
2026-05-29,Fresh Lime Soda,beverage_cold,100,55,4,5,29,0,none,none,0,-0.6701,0,482
2026-05-29,Veg Momo,food_main,160,102,4,5,29,0,none,none,0,-0.6701,0,482
2026-05-29,Buff Momo,food_main,180,92,4,5,29,0,none,none,0,-0.6701,0,482
2026-05-29,Chicken Chowmein,food_main,190,69,4,5,29,0,none,none,0,-0.6701,0,482
2026-05-29,Veg Thukpa,food_main,170,49,4,5,29,0,none,none,0,-0.6701,0,482
2026-05-29,Club Sandwich,food_main,250,32,4,5,29,0,none,none,0,-0.6701,0,482
2026-05-29,Chicken Burger,food_main,280,35,4,5,29,0,none,none,0,-0.6701,0,482
2026-05-29,French Fries,food_snack,130,58,4,5,29,0,none,none,0,-0.6701,0,482
2026-05-29,Samosa,food_snack,40,43,4,5,29,0,none,none,0,-0.6701,0,482
2026-05-29,Chocolate Cake Slice,food_bakery,160,29,4,5,29,0,none,none,0,-0.6701,0,482
2026-05-29,Croissant,food_bakery,140,13,4,5,29,0,none,none,0,-0.6701,0,482
2026-05-30,Milk Tea (Dudh Chiya),beverage_hot,40,243,5,5,30,1,none,none,0,-0.6828,0,483
2026-05-30,Masala Chiya,beverage_hot,50,137,5,5,30,1,none,none,0,-0.6828,0,483
2026-05-30,Black Tea (Kalo Chiya),beverage_hot,30,62,5,5,30,1,none,none,0,-0.6828,0,483
2026-05-30,Americano,beverage_hot,150,68,5,5,30,1,none,none,0,-0.6828,0,483
2026-05-30,Cappuccino,beverage_hot,190,97,5,5,30,1,none,none,0,-0.6828,0,483
2026-05-30,Cafe Latte,beverage_hot,200,77,5,5,30,1,none,none,0,-0.6828,0,483
2026-05-30,Hot Chocolate,beverage_hot,180,47,5,5,30,1,none,none,0,-0.6828,0,483
2026-05-30,Cold Coffee,beverage_cold,220,79,5,5,30,1,none,none,0,-0.6828,0,483
2026-05-30,Iced Americano,beverage_cold,180,54,5,5,30,1,none,none,0,-0.6828,0,483
2026-05-30,Lassi,beverage_cold,120,55,5,5,30,1,none,none,0,-0.6828,0,483
2026-05-30,Fresh Lime Soda,beverage_cold,100,65,5,5,30,1,none,none,0,-0.6828,0,483
2026-05-30,Veg Momo,food_main,160,107,5,5,30,1,none,none,0,-0.6828,0,483
2026-05-30,Buff Momo,food_main,180,120,5,5,30,1,none,none,0,-0.6828,0,483
2026-05-30,Chicken Chowmein,food_main,190,81,5,5,30,1,none,none,0,-0.6828,0,483
2026-05-30,Veg Thukpa,food_main,170,50,5,5,30,1,none,none,0,-0.6828,0,483
2026-05-30,Club Sandwich,food_main,250,42,5,5,30,1,none,none,0,-0.6828,0,483
2026-05-30,Chicken Burger,food_main,280,35,5,5,30,1,none,none,0,-0.6828,0,483
2026-05-30,French Fries,food_snack,130,58,5,5,30,1,none,none,0,-0.6828,0,483
2026-05-30,Samosa,food_snack,40,64,5,5,30,1,none,none,0,-0.6828,0,483
2026-05-30,Chocolate Cake Slice,food_bakery,160,26,5,5,30,1,none,none,0,-0.6828,0,483
2026-05-30,Croissant,food_bakery,140,10,5,5,30,1,none,none,0,-0.6828,0,483
2026-05-31,Milk Tea (Dudh Chiya),beverage_hot,40,175,6,5,31,0,none,none,0,-0.6952,0,484
2026-05-31,Masala Chiya,beverage_hot,50,118,6,5,31,0,none,none,0,-0.6952,0,484
2026-05-31,Black Tea (Kalo Chiya),beverage_hot,30,30,6,5,31,0,none,none,0,-0.6952,0,484
2026-05-31,Americano,beverage_hot,150,40,6,5,31,0,none,none,0,-0.6952,0,484
2026-05-31,Cappuccino,beverage_hot,190,66,6,5,31,0,none,none,0,-0.6952,0,484
2026-05-31,Cafe Latte,beverage_hot,200,59,6,5,31,0,none,none,0,-0.6952,0,484
2026-05-31,Hot Chocolate,beverage_hot,180,44,6,5,31,0,none,none,0,-0.6952,0,484
2026-05-31,Cold Coffee,beverage_cold,220,50,6,5,31,0,none,none,0,-0.6952,0,484
2026-05-31,Iced Americano,beverage_cold,180,40,6,5,31,0,none,none,0,-0.6952,0,484
2026-05-31,Lassi,beverage_cold,120,42,6,5,31,0,none,none,0,-0.6952,0,484
2026-05-31,Fresh Lime Soda,beverage_cold,100,48,6,5,31,0,none,none,0,-0.6952,0,484
2026-05-31,Veg Momo,food_main,160,73,6,5,31,0,none,none,0,-0.6952,0,484
2026-05-31,Buff Momo,food_main,180,91,6,5,31,0,none,none,0,-0.6952,0,484
2026-05-31,Chicken Chowmein,food_main,190,58,6,5,31,0,none,none,0,-0.6952,0,484
2026-05-31,Veg Thukpa,food_main,170,27,6,5,31,0,none,none,0,-0.6952,0,484
2026-05-31,Club Sandwich,food_main,250,27,6,5,31,0,none,none,0,-0.6952,0,484
2026-05-31,Chicken Burger,food_main,280,30,6,5,31,0,none,none,0,-0.6952,0,484
2026-05-31,French Fries,food_snack,130,49,6,5,31,0,none,none,0,-0.6952,0,484
2026-05-31,Samosa,food_snack,40,37,6,5,31,0,none,none,0,-0.6952,0,484
2026-05-31,Chocolate Cake Slice,food_bakery,160,23,6,5,31,0,none,none,0,-0.6952,0,484
2026-05-31,Croissant,food_bakery,140,13,6,5,31,0,none,none,0,-0.6952,0,484
2026-06-01,Milk Tea (Dudh Chiya),beverage_hot,40,151,0,6,1,0,none,none,1,-0.7075,0,485
2026-06-01,Masala Chiya,beverage_hot,50,86,0,6,1,0,none,none,1,-0.7075,0,485
2026-06-01,Black Tea (Kalo Chiya),beverage_hot,30,32,0,6,1,0,none,none,1,-0.7075,0,485
2026-06-01,Americano,beverage_hot,150,43,0,6,1,0,none,none,1,-0.7075,0,485
2026-06-01,Cappuccino,beverage_hot,190,37,0,6,1,0,none,none,1,-0.7075,0,485
2026-06-01,Cafe Latte,beverage_hot,200,44,0,6,1,0,none,none,1,-0.7075,0,485
2026-06-01,Hot Chocolate,beverage_hot,180,33,0,6,1,0,none,none,1,-0.7075,0,485
2026-06-01,Cold Coffee,beverage_cold,220,47,0,6,1,0,none,none,1,-0.7075,0,485
2026-06-01,Iced Americano,beverage_cold,180,37,0,6,1,0,none,none,1,-0.7075,0,485
2026-06-01,Lassi,beverage_cold,120,36,0,6,1,0,none,none,1,-0.7075,0,485
2026-06-01,Fresh Lime Soda,beverage_cold,100,44,0,6,1,0,none,none,1,-0.7075,0,485
2026-06-01,Veg Momo,food_main,160,58,0,6,1,0,none,none,1,-0.7075,0,485
2026-06-01,Buff Momo,food_main,180,69,0,6,1,0,none,none,1,-0.7075,0,485
2026-06-01,Chicken Chowmein,food_main,190,43,0,6,1,0,none,none,1,-0.7075,0,485
2026-06-01,Veg Thukpa,food_main,170,22,0,6,1,0,none,none,1,-0.7075,0,485
2026-06-01,Club Sandwich,food_main,250,21,0,6,1,0,none,none,1,-0.7075,0,485
2026-06-01,Chicken Burger,food_main,280,20,0,6,1,0,none,none,1,-0.7075,0,485
2026-06-01,French Fries,food_snack,130,43,0,6,1,0,none,none,1,-0.7075,0,485
2026-06-01,Samosa,food_snack,40,26,0,6,1,0,none,none,1,-0.7075,0,485
2026-06-01,Chocolate Cake Slice,food_bakery,160,16,0,6,1,0,none,none,1,-0.7075,0,485
2026-06-01,Croissant,food_bakery,140,14,0,6,1,0,none,none,1,-0.7075,0,485
2026-06-02,Milk Tea (Dudh Chiya),beverage_hot,40,135,1,6,2,0,none,none,1,-0.7195,0,486
2026-06-02,Masala Chiya,beverage_hot,50,103,1,6,2,0,none,none,1,-0.7195,0,486
2026-06-02,Black Tea (Kalo Chiya),beverage_hot,30,38,1,6,2,0,none,none,1,-0.7195,0,486
2026-06-02,Americano,beverage_hot,150,32,1,6,2,0,none,none,1,-0.7195,0,486
2026-06-02,Cappuccino,beverage_hot,190,51,1,6,2,0,none,none,1,-0.7195,0,486
2026-06-02,Cafe Latte,beverage_hot,200,52,1,6,2,0,none,none,1,-0.7195,0,486
2026-06-02,Hot Chocolate,beverage_hot,180,16,1,6,2,0,none,none,1,-0.7195,0,486
2026-06-02,Cold Coffee,beverage_cold,220,44,1,6,2,0,none,none,1,-0.7195,0,486
2026-06-02,Iced Americano,beverage_cold,180,27,1,6,2,0,none,none,1,-0.7195,0,486
2026-06-02,Lassi,beverage_cold,120,29,1,6,2,0,none,none,1,-0.7195,0,486
2026-06-02,Fresh Lime Soda,beverage_cold,100,44,1,6,2,0,none,none,1,-0.7195,0,486
2026-06-02,Veg Momo,food_main,160,53,1,6,2,0,none,none,1,-0.7195,0,486
2026-06-02,Buff Momo,food_main,180,65,1,6,2,0,none,none,1,-0.7195,0,486
2026-06-02,Chicken Chowmein,food_main,190,43,1,6,2,0,none,none,1,-0.7195,0,486
2026-06-02,Veg Thukpa,food_main,170,26,1,6,2,0,none,none,1,-0.7195,0,486
2026-06-02,Club Sandwich,food_main,250,31,1,6,2,0,none,none,1,-0.7195,0,486
2026-06-02,Chicken Burger,food_main,280,18,1,6,2,0,none,none,1,-0.7195,0,486
2026-06-02,French Fries,food_snack,130,30,1,6,2,0,none,none,1,-0.7195,0,486
2026-06-02,Samosa,food_snack,40,41,1,6,2,0,none,none,1,-0.7195,0,486
2026-06-02,Chocolate Cake Slice,food_bakery,160,14,1,6,2,0,none,none,1,-0.7195,0,486
2026-06-02,Croissant,food_bakery,140,25,1,6,2,0,none,none,1,-0.7195,0,486
2026-06-03,Milk Tea (Dudh Chiya),beverage_hot,40,188,2,6,3,0,none,none,1,-0.7314,0,487
2026-06-03,Masala Chiya,beverage_hot,50,135,2,6,3,0,none,none,1,-0.7314,0,487
2026-06-03,Black Tea (Kalo Chiya),beverage_hot,30,47,2,6,3,0,none,none,1,-0.7314,0,487
2026-06-03,Americano,beverage_hot,150,39,2,6,3,0,none,none,1,-0.7314,0,487
2026-06-03,Cappuccino,beverage_hot,190,65,2,6,3,0,none,none,1,-0.7314,0,487
2026-06-03,Cafe Latte,beverage_hot,200,68,2,6,3,0,none,none,1,-0.7314,0,487
2026-06-03,Hot Chocolate,beverage_hot,180,30,2,6,3,0,none,none,1,-0.7314,0,487
2026-06-03,Cold Coffee,beverage_cold,220,50,2,6,3,0,none,none,1,-0.7314,0,487
2026-06-03,Iced Americano,beverage_cold,180,46,2,6,3,0,none,none,1,-0.7314,0,487
2026-06-03,Lassi,beverage_cold,120,38,2,6,3,0,none,none,1,-0.7314,0,487
2026-06-03,Fresh Lime Soda,beverage_cold,100,42,2,6,3,0,none,none,1,-0.7314,0,487
2026-06-03,Veg Momo,food_main,160,75,2,6,3,0,none,none,1,-0.7314,0,487
2026-06-03,Buff Momo,food_main,180,81,2,6,3,0,none,none,1,-0.7314,0,487
2026-06-03,Chicken Chowmein,food_main,190,45,2,6,3,0,none,none,1,-0.7314,0,487
2026-06-03,Veg Thukpa,food_main,170,30,2,6,3,0,none,none,1,-0.7314,0,487
2026-06-03,Club Sandwich,food_main,250,32,2,6,3,0,none,none,1,-0.7314,0,487
2026-06-03,Chicken Burger,food_main,280,28,2,6,3,0,none,none,1,-0.7314,0,487
2026-06-03,French Fries,food_snack,130,42,2,6,3,0,none,none,1,-0.7314,0,487
2026-06-03,Samosa,food_snack,40,47,2,6,3,0,none,none,1,-0.7314,0,487
2026-06-03,Chocolate Cake Slice,food_bakery,160,20,2,6,3,0,none,none,1,-0.7314,0,487
2026-06-03,Croissant,food_bakery,140,24,2,6,3,0,none,none,1,-0.7314,0,487
2026-06-04,Milk Tea (Dudh Chiya),beverage_hot,40,140,3,6,4,0,none,none,1,-0.743,0,488
2026-06-04,Masala Chiya,beverage_hot,50,82,3,6,4,0,none,none,1,-0.743,0,488
2026-06-04,Black Tea (Kalo Chiya),beverage_hot,30,41,3,6,4,0,none,none,1,-0.743,0,488
2026-06-04,Americano,beverage_hot,150,33,3,6,4,0,none,none,1,-0.743,0,488
2026-06-04,Cappuccino,beverage_hot,190,52,3,6,4,0,none,none,1,-0.743,0,488
2026-06-04,Cafe Latte,beverage_hot,200,51,3,6,4,0,none,none,1,-0.743,0,488
2026-06-04,Hot Chocolate,beverage_hot,180,29,3,6,4,0,none,none,1,-0.743,0,488
2026-06-04,Cold Coffee,beverage_cold,220,44,3,6,4,0,none,none,1,-0.743,0,488
2026-06-04,Iced Americano,beverage_cold,180,32,3,6,4,0,none,none,1,-0.743,0,488
2026-06-04,Lassi,beverage_cold,120,31,3,6,4,0,none,none,1,-0.743,0,488
2026-06-04,Fresh Lime Soda,beverage_cold,100,48,3,6,4,0,none,none,1,-0.743,0,488
2026-06-04,Veg Momo,food_main,160,74,3,6,4,0,none,none,1,-0.743,0,488
2026-06-04,Buff Momo,food_main,180,83,3,6,4,0,none,none,1,-0.743,0,488
2026-06-04,Chicken Chowmein,food_main,190,42,3,6,4,0,none,none,1,-0.743,0,488
2026-06-04,Veg Thukpa,food_main,170,30,3,6,4,0,none,none,1,-0.743,0,488
2026-06-04,Club Sandwich,food_main,250,29,3,6,4,0,none,none,1,-0.743,0,488
2026-06-04,Chicken Burger,food_main,280,26,3,6,4,0,none,none,1,-0.743,0,488
2026-06-04,French Fries,food_snack,130,48,3,6,4,0,none,none,1,-0.743,0,488
2026-06-04,Samosa,food_snack,40,28,3,6,4,0,none,none,1,-0.743,0,488
2026-06-04,Chocolate Cake Slice,food_bakery,160,31,3,6,4,0,none,none,1,-0.743,0,488
2026-06-04,Croissant,food_bakery,140,16,3,6,4,0,none,none,1,-0.743,0,488
2026-06-05,Milk Tea (Dudh Chiya),beverage_hot,40,167,4,6,5,0,none,none,1,-0.7544,0,489
2026-06-05,Masala Chiya,beverage_hot,50,127,4,6,5,0,none,none,1,-0.7544,0,489
2026-06-05,Black Tea (Kalo Chiya),beverage_hot,30,46,4,6,5,0,none,none,1,-0.7544,0,489
2026-06-05,Americano,beverage_hot,150,50,4,6,5,0,none,none,1,-0.7544,0,489
2026-06-05,Cappuccino,beverage_hot,190,73,4,6,5,0,none,none,1,-0.7544,0,489
2026-06-05,Cafe Latte,beverage_hot,200,55,4,6,5,0,none,none,1,-0.7544,0,489
2026-06-05,Hot Chocolate,beverage_hot,180,29,4,6,5,0,none,none,1,-0.7544,0,489
2026-06-05,Cold Coffee,beverage_cold,220,55,4,6,5,0,none,none,1,-0.7544,0,489
2026-06-05,Iced Americano,beverage_cold,180,42,4,6,5,0,none,none,1,-0.7544,0,489
2026-06-05,Lassi,beverage_cold,120,43,4,6,5,0,none,none,1,-0.7544,0,489
2026-06-05,Fresh Lime Soda,beverage_cold,100,37,4,6,5,0,none,none,1,-0.7544,0,489
2026-06-05,Veg Momo,food_main,160,68,4,6,5,0,none,none,1,-0.7544,0,489
2026-06-05,Buff Momo,food_main,180,104,4,6,5,0,none,none,1,-0.7544,0,489
2026-06-05,Chicken Chowmein,food_main,190,58,4,6,5,0,none,none,1,-0.7544,0,489
2026-06-05,Veg Thukpa,food_main,170,40,4,6,5,0,none,none,1,-0.7544,0,489
2026-06-05,Club Sandwich,food_main,250,36,4,6,5,0,none,none,1,-0.7544,0,489
2026-06-05,Chicken Burger,food_main,280,29,4,6,5,0,none,none,1,-0.7544,0,489
2026-06-05,French Fries,food_snack,130,37,4,6,5,0,none,none,1,-0.7544,0,489
2026-06-05,Samosa,food_snack,40,47,4,6,5,0,none,none,1,-0.7544,0,489
2026-06-05,Chocolate Cake Slice,food_bakery,160,24,4,6,5,0,none,none,1,-0.7544,0,489
2026-06-05,Croissant,food_bakery,140,18,4,6,5,0,none,none,1,-0.7544,0,489
2026-06-06,Milk Tea (Dudh Chiya),beverage_hot,40,190,5,6,6,1,none,none,1,-0.7656,0,490
2026-06-06,Masala Chiya,beverage_hot,50,114,5,6,6,1,none,none,1,-0.7656,0,490
2026-06-06,Black Tea (Kalo Chiya),beverage_hot,30,47,5,6,6,1,none,none,1,-0.7656,0,490
2026-06-06,Americano,beverage_hot,150,36,5,6,6,1,none,none,1,-0.7656,0,490
2026-06-06,Cappuccino,beverage_hot,190,78,5,6,6,1,none,none,1,-0.7656,0,490
2026-06-06,Cafe Latte,beverage_hot,200,58,5,6,6,1,none,none,1,-0.7656,0,490
2026-06-06,Hot Chocolate,beverage_hot,180,41,5,6,6,1,none,none,1,-0.7656,0,490
2026-06-06,Cold Coffee,beverage_cold,220,50,5,6,6,1,none,none,1,-0.7656,0,490
2026-06-06,Iced Americano,beverage_cold,180,38,5,6,6,1,none,none,1,-0.7656,0,490
2026-06-06,Lassi,beverage_cold,120,39,5,6,6,1,none,none,1,-0.7656,0,490
2026-06-06,Fresh Lime Soda,beverage_cold,100,53,5,6,6,1,none,none,1,-0.7656,0,490
2026-06-06,Veg Momo,food_main,160,76,5,6,6,1,none,none,1,-0.7656,0,490
2026-06-06,Buff Momo,food_main,180,78,5,6,6,1,none,none,1,-0.7656,0,490
2026-06-06,Chicken Chowmein,food_main,190,50,5,6,6,1,none,none,1,-0.7656,0,490
2026-06-06,Veg Thukpa,food_main,170,34,5,6,6,1,none,none,1,-0.7656,0,490
2026-06-06,Club Sandwich,food_main,250,36,5,6,6,1,none,none,1,-0.7656,0,490
2026-06-06,Chicken Burger,food_main,280,27,5,6,6,1,none,none,1,-0.7656,0,490
2026-06-06,French Fries,food_snack,130,64,5,6,6,1,none,none,1,-0.7656,0,490
2026-06-06,Samosa,food_snack,40,43,5,6,6,1,none,none,1,-0.7656,0,490
2026-06-06,Chocolate Cake Slice,food_bakery,160,34,5,6,6,1,none,none,1,-0.7656,0,490
2026-06-06,Croissant,food_bakery,140,12,5,6,6,1,none,none,1,-0.7656,0,490
2026-06-07,Milk Tea (Dudh Chiya),beverage_hot,40,168,6,6,7,0,none,none,1,-0.7765,0,491
2026-06-07,Masala Chiya,beverage_hot,50,108,6,6,7,0,none,none,1,-0.7765,0,491
2026-06-07,Black Tea (Kalo Chiya),beverage_hot,30,46,6,6,7,0,none,none,1,-0.7765,0,491
2026-06-07,Americano,beverage_hot,150,43,6,6,7,0,none,none,1,-0.7765,0,491
2026-06-07,Cappuccino,beverage_hot,190,43,6,6,7,0,none,none,1,-0.7765,0,491
2026-06-07,Cafe Latte,beverage_hot,200,72,6,6,7,0,none,none,1,-0.7765,0,491
2026-06-07,Hot Chocolate,beverage_hot,180,24,6,6,7,0,none,none,1,-0.7765,0,491
2026-06-07,Cold Coffee,beverage_cold,220,61,6,6,7,0,none,none,1,-0.7765,0,491
2026-06-07,Iced Americano,beverage_cold,180,35,6,6,7,0,none,none,1,-0.7765,0,491
2026-06-07,Lassi,beverage_cold,120,37,6,6,7,0,none,none,1,-0.7765,0,491
2026-06-07,Fresh Lime Soda,beverage_cold,100,55,6,6,7,0,none,none,1,-0.7765,0,491
2026-06-07,Veg Momo,food_main,160,61,6,6,7,0,none,none,1,-0.7765,0,491
2026-06-07,Buff Momo,food_main,180,99,6,6,7,0,none,none,1,-0.7765,0,491
2026-06-07,Chicken Chowmein,food_main,190,49,6,6,7,0,none,none,1,-0.7765,0,491
2026-06-07,Veg Thukpa,food_main,170,34,6,6,7,0,none,none,1,-0.7765,0,491
2026-06-07,Club Sandwich,food_main,250,31,6,6,7,0,none,none,1,-0.7765,0,491
2026-06-07,Chicken Burger,food_main,280,33,6,6,7,0,none,none,1,-0.7765,0,491
2026-06-07,French Fries,food_snack,130,56,6,6,7,0,none,none,1,-0.7765,0,491
2026-06-07,Samosa,food_snack,40,53,6,6,7,0,none,none,1,-0.7765,0,491
2026-06-07,Chocolate Cake Slice,food_bakery,160,21,6,6,7,0,none,none,1,-0.7765,0,491
2026-06-07,Croissant,food_bakery,140,15,6,6,7,0,none,none,1,-0.7765,0,491
2026-06-08,Milk Tea (Dudh Chiya),beverage_hot,40,147,0,6,8,0,none,none,1,-0.7873,0,492
2026-06-08,Masala Chiya,beverage_hot,50,105,0,6,8,0,none,none,1,-0.7873,0,492
2026-06-08,Black Tea (Kalo Chiya),beverage_hot,30,36,0,6,8,0,none,none,1,-0.7873,0,492
2026-06-08,Americano,beverage_hot,150,34,0,6,8,0,none,none,1,-0.7873,0,492
2026-06-08,Cappuccino,beverage_hot,190,64,0,6,8,0,none,none,1,-0.7873,0,492
2026-06-08,Cafe Latte,beverage_hot,200,47,0,6,8,0,none,none,1,-0.7873,0,492
2026-06-08,Hot Chocolate,beverage_hot,180,27,0,6,8,0,none,none,1,-0.7873,0,492
2026-06-08,Cold Coffee,beverage_cold,220,32,0,6,8,0,none,none,1,-0.7873,0,492
2026-06-08,Iced Americano,beverage_cold,180,30,0,6,8,0,none,none,1,-0.7873,0,492
2026-06-08,Lassi,beverage_cold,120,38,0,6,8,0,none,none,1,-0.7873,0,492
2026-06-08,Fresh Lime Soda,beverage_cold,100,38,0,6,8,0,none,none,1,-0.7873,0,492
2026-06-08,Veg Momo,food_main,160,49,0,6,8,0,none,none,1,-0.7873,0,492
2026-06-08,Buff Momo,food_main,180,74,0,6,8,0,none,none,1,-0.7873,0,492
2026-06-08,Chicken Chowmein,food_main,190,36,0,6,8,0,none,none,1,-0.7873,0,492
2026-06-08,Veg Thukpa,food_main,170,21,0,6,8,0,none,none,1,-0.7873,0,492
2026-06-08,Club Sandwich,food_main,250,21,0,6,8,0,none,none,1,-0.7873,0,492
2026-06-08,Chicken Burger,food_main,280,18,0,6,8,0,none,none,1,-0.7873,0,492
2026-06-08,French Fries,food_snack,130,36,0,6,8,0,none,none,1,-0.7873,0,492
2026-06-08,Samosa,food_snack,40,36,0,6,8,0,none,none,1,-0.7873,0,492
2026-06-08,Chocolate Cake Slice,food_bakery,160,23,0,6,8,0,none,none,1,-0.7873,0,492
2026-06-08,Croissant,food_bakery,140,12,0,6,8,0,none,none,1,-0.7873,0,492
2026-06-09,Milk Tea (Dudh Chiya),beverage_hot,40,134,1,6,9,0,none,none,1,-0.7978,0,493
2026-06-09,Masala Chiya,beverage_hot,50,93,1,6,9,0,none,none,1,-0.7978,0,493
2026-06-09,Black Tea (Kalo Chiya),beverage_hot,30,43,1,6,9,0,none,none,1,-0.7978,0,493
2026-06-09,Americano,beverage_hot,150,48,1,6,9,0,none,none,1,-0.7978,0,493
2026-06-09,Cappuccino,beverage_hot,190,58,1,6,9,0,none,none,1,-0.7978,0,493
2026-06-09,Cafe Latte,beverage_hot,200,41,1,6,9,0,none,none,1,-0.7978,0,493
2026-06-09,Hot Chocolate,beverage_hot,180,28,1,6,9,0,none,none,1,-0.7978,0,493
2026-06-09,Cold Coffee,beverage_cold,220,62,1,6,9,0,none,none,1,-0.7978,0,493
2026-06-09,Iced Americano,beverage_cold,180,43,1,6,9,0,none,none,1,-0.7978,0,493
2026-06-09,Lassi,beverage_cold,120,43,1,6,9,0,none,none,1,-0.7978,0,493
2026-06-09,Fresh Lime Soda,beverage_cold,100,48,1,6,9,0,none,none,1,-0.7978,0,493
2026-06-09,Veg Momo,food_main,160,52,1,6,9,0,none,none,1,-0.7978,0,493
2026-06-09,Buff Momo,food_main,180,70,1,6,9,0,none,none,1,-0.7978,0,493
2026-06-09,Chicken Chowmein,food_main,190,49,1,6,9,0,none,none,1,-0.7978,0,493
2026-06-09,Veg Thukpa,food_main,170,26,1,6,9,0,none,none,1,-0.7978,0,493
2026-06-09,Club Sandwich,food_main,250,37,1,6,9,0,none,none,1,-0.7978,0,493
2026-06-09,Chicken Burger,food_main,280,31,1,6,9,0,none,none,1,-0.7978,0,493
2026-06-09,French Fries,food_snack,130,45,1,6,9,0,none,none,1,-0.7978,0,493
2026-06-09,Samosa,food_snack,40,32,1,6,9,0,none,none,1,-0.7978,0,493
2026-06-09,Chocolate Cake Slice,food_bakery,160,18,1,6,9,0,none,none,1,-0.7978,0,493
2026-06-09,Croissant,food_bakery,140,14,1,6,9,0,none,none,1,-0.7978,0,493
2026-06-10,Milk Tea (Dudh Chiya),beverage_hot,40,147,2,6,10,0,none,none,1,-0.808,0,494
2026-06-10,Masala Chiya,beverage_hot,50,93,2,6,10,0,none,none,1,-0.808,0,494
2026-06-10,Black Tea (Kalo Chiya),beverage_hot,30,40,2,6,10,0,none,none,1,-0.808,0,494
2026-06-10,Americano,beverage_hot,150,48,2,6,10,0,none,none,1,-0.808,0,494
2026-06-10,Cappuccino,beverage_hot,190,55,2,6,10,0,none,none,1,-0.808,0,494
2026-06-10,Cafe Latte,beverage_hot,200,53,2,6,10,0,none,none,1,-0.808,0,494
2026-06-10,Hot Chocolate,beverage_hot,180,29,2,6,10,0,none,none,1,-0.808,0,494
2026-06-10,Cold Coffee,beverage_cold,220,35,2,6,10,0,none,none,1,-0.808,0,494
2026-06-10,Iced Americano,beverage_cold,180,31,2,6,10,0,none,none,1,-0.808,0,494
2026-06-10,Lassi,beverage_cold,120,38,2,6,10,0,none,none,1,-0.808,0,494
2026-06-10,Fresh Lime Soda,beverage_cold,100,46,2,6,10,0,none,none,1,-0.808,0,494
2026-06-10,Veg Momo,food_main,160,61,2,6,10,0,none,none,1,-0.808,0,494
2026-06-10,Buff Momo,food_main,180,72,2,6,10,0,none,none,1,-0.808,0,494
2026-06-10,Chicken Chowmein,food_main,190,47,2,6,10,0,none,none,1,-0.808,0,494
2026-06-10,Veg Thukpa,food_main,170,22,2,6,10,0,none,none,1,-0.808,0,494
2026-06-10,Club Sandwich,food_main,250,28,2,6,10,0,none,none,1,-0.808,0,494
2026-06-10,Chicken Burger,food_main,280,19,2,6,10,0,none,none,1,-0.808,0,494
2026-06-10,French Fries,food_snack,130,40,2,6,10,0,none,none,1,-0.808,0,494
2026-06-10,Samosa,food_snack,40,37,2,6,10,0,none,none,1,-0.808,0,494
2026-06-10,Chocolate Cake Slice,food_bakery,160,25,2,6,10,0,none,none,1,-0.808,0,494
2026-06-10,Croissant,food_bakery,140,19,2,6,10,0,none,none,1,-0.808,0,494
2026-06-11,Milk Tea (Dudh Chiya),beverage_hot,40,155,3,6,11,0,none,none,1,-0.818,0,495
2026-06-11,Masala Chiya,beverage_hot,50,94,3,6,11,0,none,none,1,-0.818,0,495
2026-06-11,Black Tea (Kalo Chiya),beverage_hot,30,42,3,6,11,0,none,none,1,-0.818,0,495
2026-06-11,Americano,beverage_hot,150,62,3,6,11,0,none,none,1,-0.818,0,495
2026-06-11,Cappuccino,beverage_hot,190,61,3,6,11,0,none,none,1,-0.818,0,495
2026-06-11,Cafe Latte,beverage_hot,200,56,3,6,11,0,none,none,1,-0.818,0,495
2026-06-11,Hot Chocolate,beverage_hot,180,21,3,6,11,0,none,none,1,-0.818,0,495
2026-06-11,Cold Coffee,beverage_cold,220,55,3,6,11,0,none,none,1,-0.818,0,495
2026-06-11,Iced Americano,beverage_cold,180,45,3,6,11,0,none,none,1,-0.818,0,495
2026-06-11,Lassi,beverage_cold,120,42,3,6,11,0,none,none,1,-0.818,0,495
2026-06-11,Fresh Lime Soda,beverage_cold,100,31,3,6,11,0,none,none,1,-0.818,0,495
2026-06-11,Veg Momo,food_main,160,75,3,6,11,0,none,none,1,-0.818,0,495
2026-06-11,Buff Momo,food_main,180,78,3,6,11,0,none,none,1,-0.818,0,495
2026-06-11,Chicken Chowmein,food_main,190,57,3,6,11,0,none,none,1,-0.818,0,495
2026-06-11,Veg Thukpa,food_main,170,32,3,6,11,0,none,none,1,-0.818,0,495
2026-06-11,Club Sandwich,food_main,250,32,3,6,11,0,none,none,1,-0.818,0,495
2026-06-11,Chicken Burger,food_main,280,12,3,6,11,0,none,none,1,-0.818,0,495
2026-06-11,French Fries,food_snack,130,46,3,6,11,0,none,none,1,-0.818,0,495
2026-06-11,Samosa,food_snack,40,50,3,6,11,0,none,none,1,-0.818,0,495
2026-06-11,Chocolate Cake Slice,food_bakery,160,15,3,6,11,0,none,none,1,-0.818,0,495
2026-06-11,Croissant,food_bakery,140,18,3,6,11,0,none,none,1,-0.818,0,495
2026-06-12,Milk Tea (Dudh Chiya),beverage_hot,40,154,4,6,12,0,none,none,1,-0.8278,0,496
2026-06-12,Masala Chiya,beverage_hot,50,98,4,6,12,0,none,none,1,-0.8278,0,496
2026-06-12,Black Tea (Kalo Chiya),beverage_hot,30,49,4,6,12,0,none,none,1,-0.8278,0,496
2026-06-12,Americano,beverage_hot,150,47,4,6,12,0,none,none,1,-0.8278,0,496
2026-06-12,Cappuccino,beverage_hot,190,54,4,6,12,0,none,none,1,-0.8278,0,496
2026-06-12,Cafe Latte,beverage_hot,200,50,4,6,12,0,none,none,1,-0.8278,0,496
2026-06-12,Hot Chocolate,beverage_hot,180,45,4,6,12,0,none,none,1,-0.8278,0,496
2026-06-12,Cold Coffee,beverage_cold,220,43,4,6,12,0,none,none,1,-0.8278,0,496
2026-06-12,Iced Americano,beverage_cold,180,36,4,6,12,0,none,none,1,-0.8278,0,496
2026-06-12,Lassi,beverage_cold,120,41,4,6,12,0,none,none,1,-0.8278,0,496
2026-06-12,Fresh Lime Soda,beverage_cold,100,46,4,6,12,0,none,none,1,-0.8278,0,496
2026-06-12,Veg Momo,food_main,160,61,4,6,12,0,none,none,1,-0.8278,0,496
2026-06-12,Buff Momo,food_main,180,80,4,6,12,0,none,none,1,-0.8278,0,496
2026-06-12,Chicken Chowmein,food_main,190,43,4,6,12,0,none,none,1,-0.8278,0,496
2026-06-12,Veg Thukpa,food_main,170,31,4,6,12,0,none,none,1,-0.8278,0,496
2026-06-12,Club Sandwich,food_main,250,25,4,6,12,0,none,none,1,-0.8278,0,496
2026-06-12,Chicken Burger,food_main,280,25,4,6,12,0,none,none,1,-0.8278,0,496
2026-06-12,French Fries,food_snack,130,51,4,6,12,0,none,none,1,-0.8278,0,496
2026-06-12,Samosa,food_snack,40,42,4,6,12,0,none,none,1,-0.8278,0,496
2026-06-12,Chocolate Cake Slice,food_bakery,160,25,4,6,12,0,none,none,1,-0.8278,0,496
2026-06-12,Croissant,food_bakery,140,9,4,6,12,0,none,none,1,-0.8278,0,496
2026-06-13,Milk Tea (Dudh Chiya),beverage_hot,40,190,5,6,13,1,none,none,1,-0.8373,0,497
2026-06-13,Masala Chiya,beverage_hot,50,143,5,6,13,1,none,none,1,-0.8373,0,497
2026-06-13,Black Tea (Kalo Chiya),beverage_hot,30,67,5,6,13,1,none,none,1,-0.8373,0,497
2026-06-13,Americano,beverage_hot,150,58,5,6,13,1,none,none,1,-0.8373,0,497
2026-06-13,Cappuccino,beverage_hot,190,72,5,6,13,1,none,none,1,-0.8373,0,497
2026-06-13,Cafe Latte,beverage_hot,200,61,5,6,13,1,none,none,1,-0.8373,0,497
2026-06-13,Hot Chocolate,beverage_hot,180,37,5,6,13,1,none,none,1,-0.8373,0,497
2026-06-13,Cold Coffee,beverage_cold,220,70,5,6,13,1,none,none,1,-0.8373,0,497
2026-06-13,Iced Americano,beverage_cold,180,48,5,6,13,1,none,none,1,-0.8373,0,497
2026-06-13,Lassi,beverage_cold,120,44,5,6,13,1,none,none,1,-0.8373,0,497
2026-06-13,Fresh Lime Soda,beverage_cold,100,56,5,6,13,1,none,none,1,-0.8373,0,497
2026-06-13,Veg Momo,food_main,160,77,5,6,13,1,none,none,1,-0.8373,0,497
2026-06-13,Buff Momo,food_main,180,104,5,6,13,1,none,none,1,-0.8373,0,497
2026-06-13,Chicken Chowmein,food_main,190,59,5,6,13,1,none,none,1,-0.8373,0,497
2026-06-13,Veg Thukpa,food_main,170,43,5,6,13,1,none,none,1,-0.8373,0,497
2026-06-13,Club Sandwich,food_main,250,38,5,6,13,1,none,none,1,-0.8373,0,497
2026-06-13,Chicken Burger,food_main,280,44,5,6,13,1,none,none,1,-0.8373,0,497
2026-06-13,French Fries,food_snack,130,63,5,6,13,1,none,none,1,-0.8373,0,497
2026-06-13,Samosa,food_snack,40,49,5,6,13,1,none,none,1,-0.8373,0,497
2026-06-13,Chocolate Cake Slice,food_bakery,160,23,5,6,13,1,none,none,1,-0.8373,0,497
2026-06-13,Croissant,food_bakery,140,16,5,6,13,1,none,none,1,-0.8373,0,497
2026-06-14,Milk Tea (Dudh Chiya),beverage_hot,40,146,6,6,14,0,none,none,1,-0.8466,0,498
2026-06-14,Masala Chiya,beverage_hot,50,93,6,6,14,0,none,none,1,-0.8466,0,498
2026-06-14,Black Tea (Kalo Chiya),beverage_hot,30,41,6,6,14,0,none,none,1,-0.8466,0,498
2026-06-14,Americano,beverage_hot,150,44,6,6,14,0,none,none,1,-0.8466,0,498
2026-06-14,Cappuccino,beverage_hot,190,54,6,6,14,0,none,none,1,-0.8466,0,498
2026-06-14,Cafe Latte,beverage_hot,200,63,6,6,14,0,none,none,1,-0.8466,0,498
2026-06-14,Hot Chocolate,beverage_hot,180,27,6,6,14,0,none,none,1,-0.8466,0,498
2026-06-14,Cold Coffee,beverage_cold,220,37,6,6,14,0,none,none,1,-0.8466,0,498
2026-06-14,Iced Americano,beverage_cold,180,35,6,6,14,0,none,none,1,-0.8466,0,498
2026-06-14,Lassi,beverage_cold,120,29,6,6,14,0,none,none,1,-0.8466,0,498
2026-06-14,Fresh Lime Soda,beverage_cold,100,41,6,6,14,0,none,none,1,-0.8466,0,498
2026-06-14,Veg Momo,food_main,160,62,6,6,14,0,none,none,1,-0.8466,0,498
2026-06-14,Buff Momo,food_main,180,72,6,6,14,0,none,none,1,-0.8466,0,498
2026-06-14,Chicken Chowmein,food_main,190,46,6,6,14,0,none,none,1,-0.8466,0,498
2026-06-14,Veg Thukpa,food_main,170,16,6,6,14,0,none,none,1,-0.8466,0,498
2026-06-14,Club Sandwich,food_main,250,28,6,6,14,0,none,none,1,-0.8466,0,498
2026-06-14,Chicken Burger,food_main,280,25,6,6,14,0,none,none,1,-0.8466,0,498
2026-06-14,French Fries,food_snack,130,40,6,6,14,0,none,none,1,-0.8466,0,498
2026-06-14,Samosa,food_snack,40,40,6,6,14,0,none,none,1,-0.8466,0,498
2026-06-14,Chocolate Cake Slice,food_bakery,160,20,6,6,14,0,none,none,1,-0.8466,0,498
2026-06-14,Croissant,food_bakery,140,16,6,6,14,0,none,none,1,-0.8466,0,498
2026-06-15,Milk Tea (Dudh Chiya),beverage_hot,40,153,0,6,15,0,none,none,1,-0.8556,0,499
2026-06-15,Masala Chiya,beverage_hot,50,96,0,6,15,0,none,none,1,-0.8556,0,499
2026-06-15,Black Tea (Kalo Chiya),beverage_hot,30,47,0,6,15,0,none,none,1,-0.8556,0,499
2026-06-15,Americano,beverage_hot,150,35,0,6,15,0,none,none,1,-0.8556,0,499
2026-06-15,Cappuccino,beverage_hot,190,47,0,6,15,0,none,none,1,-0.8556,0,499
2026-06-15,Cafe Latte,beverage_hot,200,52,0,6,15,0,none,none,1,-0.8556,0,499
2026-06-15,Hot Chocolate,beverage_hot,180,29,0,6,15,0,none,none,1,-0.8556,0,499
2026-06-15,Cold Coffee,beverage_cold,220,50,0,6,15,0,none,none,1,-0.8556,0,499
2026-06-15,Iced Americano,beverage_cold,180,32,0,6,15,0,none,none,1,-0.8556,0,499
2026-06-15,Lassi,beverage_cold,120,26,0,6,15,0,none,none,1,-0.8556,0,499
2026-06-15,Fresh Lime Soda,beverage_cold,100,46,0,6,15,0,none,none,1,-0.8556,0,499
2026-06-15,Veg Momo,food_main,160,59,0,6,15,0,none,none,1,-0.8556,0,499
2026-06-15,Buff Momo,food_main,180,70,0,6,15,0,none,none,1,-0.8556,0,499
2026-06-15,Chicken Chowmein,food_main,190,52,0,6,15,0,none,none,1,-0.8556,0,499
2026-06-15,Veg Thukpa,food_main,170,25,0,6,15,0,none,none,1,-0.8556,0,499
2026-06-15,Club Sandwich,food_main,250,27,0,6,15,0,none,none,1,-0.8556,0,499
2026-06-15,Chicken Burger,food_main,280,22,0,6,15,0,none,none,1,-0.8556,0,499
2026-06-15,French Fries,food_snack,130,41,0,6,15,0,none,none,1,-0.8556,0,499
2026-06-15,Samosa,food_snack,40,37,0,6,15,0,none,none,1,-0.8556,0,499
2026-06-15,Chocolate Cake Slice,food_bakery,160,16,0,6,15,0,none,none,1,-0.8556,0,499
2026-06-15,Croissant,food_bakery,140,14,0,6,15,0,none,none,1,-0.8556,0,499
2026-06-16,Milk Tea (Dudh Chiya),beverage_hot,40,149,1,6,16,0,none,none,1,-0.8644,0,500
2026-06-16,Masala Chiya,beverage_hot,50,103,1,6,16,0,none,none,1,-0.8644,0,500
2026-06-16,Black Tea (Kalo Chiya),beverage_hot,30,40,1,6,16,0,none,none,1,-0.8644,0,500
2026-06-16,Americano,beverage_hot,150,41,1,6,16,0,none,none,1,-0.8644,0,500
2026-06-16,Cappuccino,beverage_hot,190,42,1,6,16,0,none,none,1,-0.8644,0,500
2026-06-16,Cafe Latte,beverage_hot,200,47,1,6,16,0,none,none,1,-0.8644,0,500
2026-06-16,Hot Chocolate,beverage_hot,180,23,1,6,16,0,none,none,1,-0.8644,0,500
2026-06-16,Cold Coffee,beverage_cold,220,46,1,6,16,0,none,none,1,-0.8644,0,500
2026-06-16,Iced Americano,beverage_cold,180,31,1,6,16,0,none,none,1,-0.8644,0,500
2026-06-16,Lassi,beverage_cold,120,39,1,6,16,0,none,none,1,-0.8644,0,500
2026-06-16,Fresh Lime Soda,beverage_cold,100,39,1,6,16,0,none,none,1,-0.8644,0,500
2026-06-16,Veg Momo,food_main,160,53,1,6,16,0,none,none,1,-0.8644,0,500
2026-06-16,Buff Momo,food_main,180,78,1,6,16,0,none,none,1,-0.8644,0,500
2026-06-16,Chicken Chowmein,food_main,190,50,1,6,16,0,none,none,1,-0.8644,0,500
2026-06-16,Veg Thukpa,food_main,170,31,1,6,16,0,none,none,1,-0.8644,0,500
2026-06-16,Club Sandwich,food_main,250,27,1,6,16,0,none,none,1,-0.8644,0,500
2026-06-16,Chicken Burger,food_main,280,27,1,6,16,0,none,none,1,-0.8644,0,500
2026-06-16,French Fries,food_snack,130,37,1,6,16,0,none,none,1,-0.8644,0,500
2026-06-16,Samosa,food_snack,40,38,1,6,16,0,none,none,1,-0.8644,0,500
2026-06-16,Chocolate Cake Slice,food_bakery,160,29,1,6,16,0,none,none,1,-0.8644,0,500
2026-06-16,Croissant,food_bakery,140,16,1,6,16,0,none,none,1,-0.8644,0,500
2026-06-17,Milk Tea (Dudh Chiya),beverage_hot,40,135,2,6,17,0,none,none,1,-0.8729,0,501
2026-06-17,Masala Chiya,beverage_hot,50,112,2,6,17,0,none,none,1,-0.8729,0,501
2026-06-17,Black Tea (Kalo Chiya),beverage_hot,30,39,2,6,17,0,none,none,1,-0.8729,0,501
2026-06-17,Americano,beverage_hot,150,45,2,6,17,0,none,none,1,-0.8729,0,501
2026-06-17,Cappuccino,beverage_hot,190,62,2,6,17,0,none,none,1,-0.8729,0,501
2026-06-17,Cafe Latte,beverage_hot,200,63,2,6,17,0,none,none,1,-0.8729,0,501
2026-06-17,Hot Chocolate,beverage_hot,180,45,2,6,17,0,none,none,1,-0.8729,0,501
2026-06-17,Cold Coffee,beverage_cold,220,60,2,6,17,0,none,none,1,-0.8729,0,501
2026-06-17,Iced Americano,beverage_cold,180,43,2,6,17,0,none,none,1,-0.8729,0,501
2026-06-17,Lassi,beverage_cold,120,35,2,6,17,0,none,none,1,-0.8729,0,501
2026-06-17,Fresh Lime Soda,beverage_cold,100,50,2,6,17,0,none,none,1,-0.8729,0,501
2026-06-17,Veg Momo,food_main,160,74,2,6,17,0,none,none,1,-0.8729,0,501
2026-06-17,Buff Momo,food_main,180,77,2,6,17,0,none,none,1,-0.8729,0,501
2026-06-17,Chicken Chowmein,food_main,190,54,2,6,17,0,none,none,1,-0.8729,0,501
2026-06-17,Veg Thukpa,food_main,170,29,2,6,17,0,none,none,1,-0.8729,0,501
2026-06-17,Club Sandwich,food_main,250,38,2,6,17,0,none,none,1,-0.8729,0,501
2026-06-17,Chicken Burger,food_main,280,25,2,6,17,0,none,none,1,-0.8729,0,501
2026-06-17,French Fries,food_snack,130,47,2,6,17,0,none,none,1,-0.8729,0,501
2026-06-17,Samosa,food_snack,40,39,2,6,17,0,none,none,1,-0.8729,0,501
2026-06-17,Chocolate Cake Slice,food_bakery,160,20,2,6,17,0,none,none,1,-0.8729,0,501
2026-06-17,Croissant,food_bakery,140,12,2,6,17,0,none,none,1,-0.8729,0,501
2026-06-18,Milk Tea (Dudh Chiya),beverage_hot,40,155,3,6,18,0,none,none,1,-0.8812,0,502
2026-06-18,Masala Chiya,beverage_hot,50,95,3,6,18,0,none,none,1,-0.8812,0,502
2026-06-18,Black Tea (Kalo Chiya),beverage_hot,30,45,3,6,18,0,none,none,1,-0.8812,0,502
2026-06-18,Americano,beverage_hot,150,51,3,6,18,0,none,none,1,-0.8812,0,502
2026-06-18,Cappuccino,beverage_hot,190,74,3,6,18,0,none,none,1,-0.8812,0,502
2026-06-18,Cafe Latte,beverage_hot,200,48,3,6,18,0,none,none,1,-0.8812,0,502
2026-06-18,Hot Chocolate,beverage_hot,180,31,3,6,18,0,none,none,1,-0.8812,0,502
2026-06-18,Cold Coffee,beverage_cold,220,57,3,6,18,0,none,none,1,-0.8812,0,502
2026-06-18,Iced Americano,beverage_cold,180,44,3,6,18,0,none,none,1,-0.8812,0,502
2026-06-18,Lassi,beverage_cold,120,38,3,6,18,0,none,none,1,-0.8812,0,502
2026-06-18,Fresh Lime Soda,beverage_cold,100,50,3,6,18,0,none,none,1,-0.8812,0,502
2026-06-18,Veg Momo,food_main,160,81,3,6,18,0,none,none,1,-0.8812,0,502
2026-06-18,Buff Momo,food_main,180,82,3,6,18,0,none,none,1,-0.8812,0,502
2026-06-18,Chicken Chowmein,food_main,190,51,3,6,18,0,none,none,1,-0.8812,0,502
2026-06-18,Veg Thukpa,food_main,170,25,3,6,18,0,none,none,1,-0.8812,0,502
2026-06-18,Club Sandwich,food_main,250,30,3,6,18,0,none,none,1,-0.8812,0,502
2026-06-18,Chicken Burger,food_main,280,18,3,6,18,0,none,none,1,-0.8812,0,502
2026-06-18,French Fries,food_snack,130,44,3,6,18,0,none,none,1,-0.8812,0,502
2026-06-18,Samosa,food_snack,40,53,3,6,18,0,none,none,1,-0.8812,0,502
2026-06-18,Chocolate Cake Slice,food_bakery,160,17,3,6,18,0,none,none,1,-0.8812,0,502
2026-06-18,Croissant,food_bakery,140,11,3,6,18,0,none,none,1,-0.8812,0,502
2026-06-19,Milk Tea (Dudh Chiya),beverage_hot,40,160,4,6,19,0,none,none,1,-0.8892,0,503
2026-06-19,Masala Chiya,beverage_hot,50,100,4,6,19,0,none,none,1,-0.8892,0,503
2026-06-19,Black Tea (Kalo Chiya),beverage_hot,30,50,4,6,19,0,none,none,1,-0.8892,0,503
2026-06-19,Americano,beverage_hot,150,47,4,6,19,0,none,none,1,-0.8892,0,503
2026-06-19,Cappuccino,beverage_hot,190,78,4,6,19,0,none,none,1,-0.8892,0,503
2026-06-19,Cafe Latte,beverage_hot,200,58,4,6,19,0,none,none,1,-0.8892,0,503
2026-06-19,Hot Chocolate,beverage_hot,180,33,4,6,19,0,none,none,1,-0.8892,0,503
2026-06-19,Cold Coffee,beverage_cold,220,55,4,6,19,0,none,none,1,-0.8892,0,503
2026-06-19,Iced Americano,beverage_cold,180,27,4,6,19,0,none,none,1,-0.8892,0,503
2026-06-19,Lassi,beverage_cold,120,42,4,6,19,0,none,none,1,-0.8892,0,503
2026-06-19,Fresh Lime Soda,beverage_cold,100,52,4,6,19,0,none,none,1,-0.8892,0,503
2026-06-19,Veg Momo,food_main,160,71,4,6,19,0,none,none,1,-0.8892,0,503
2026-06-19,Buff Momo,food_main,180,72,4,6,19,0,none,none,1,-0.8892,0,503
2026-06-19,Chicken Chowmein,food_main,190,45,4,6,19,0,none,none,1,-0.8892,0,503
2026-06-19,Veg Thukpa,food_main,170,16,4,6,19,0,none,none,1,-0.8892,0,503
2026-06-19,Club Sandwich,food_main,250,26,4,6,19,0,none,none,1,-0.8892,0,503
2026-06-19,Chicken Burger,food_main,280,21,4,6,19,0,none,none,1,-0.8892,0,503
2026-06-19,French Fries,food_snack,130,56,4,6,19,0,none,none,1,-0.8892,0,503
2026-06-19,Samosa,food_snack,40,56,4,6,19,0,none,none,1,-0.8892,0,503
2026-06-19,Chocolate Cake Slice,food_bakery,160,24,4,6,19,0,none,none,1,-0.8892,0,503
2026-06-19,Croissant,food_bakery,140,12,4,6,19,0,none,none,1,-0.8892,0,503
2026-06-20,Milk Tea (Dudh Chiya),beverage_hot,40,200,5,6,20,1,none,none,1,-0.8969,0,504
2026-06-20,Masala Chiya,beverage_hot,50,125,5,6,20,1,none,none,1,-0.8969,0,504
2026-06-20,Black Tea (Kalo Chiya),beverage_hot,30,64,5,6,20,1,none,none,1,-0.8969,0,504
2026-06-20,Americano,beverage_hot,150,85,5,6,20,1,none,none,1,-0.8969,0,504
2026-06-20,Cappuccino,beverage_hot,190,78,5,6,20,1,none,none,1,-0.8969,0,504
2026-06-20,Cafe Latte,beverage_hot,200,52,5,6,20,1,none,none,1,-0.8969,0,504
2026-06-20,Hot Chocolate,beverage_hot,180,48,5,6,20,1,none,none,1,-0.8969,0,504
2026-06-20,Cold Coffee,beverage_cold,220,55,5,6,20,1,none,none,1,-0.8969,0,504
2026-06-20,Iced Americano,beverage_cold,180,37,5,6,20,1,none,none,1,-0.8969,0,504
2026-06-20,Lassi,beverage_cold,120,65,5,6,20,1,none,none,1,-0.8969,0,504
2026-06-20,Fresh Lime Soda,beverage_cold,100,68,5,6,20,1,none,none,1,-0.8969,0,504
2026-06-20,Veg Momo,food_main,160,96,5,6,20,1,none,none,1,-0.8969,0,504
2026-06-20,Buff Momo,food_main,180,110,5,6,20,1,none,none,1,-0.8969,0,504
2026-06-20,Chicken Chowmein,food_main,190,71,5,6,20,1,none,none,1,-0.8969,0,504
2026-06-20,Veg Thukpa,food_main,170,35,5,6,20,1,none,none,1,-0.8969,0,504
2026-06-20,Club Sandwich,food_main,250,48,5,6,20,1,none,none,1,-0.8969,0,504
2026-06-20,Chicken Burger,food_main,280,34,5,6,20,1,none,none,1,-0.8969,0,504
2026-06-20,French Fries,food_snack,130,66,5,6,20,1,none,none,1,-0.8969,0,504
2026-06-20,Samosa,food_snack,40,45,5,6,20,1,none,none,1,-0.8969,0,504
2026-06-20,Chocolate Cake Slice,food_bakery,160,37,5,6,20,1,none,none,1,-0.8969,0,504
2026-06-20,Croissant,food_bakery,140,12,5,6,20,1,none,none,1,-0.8969,0,504
2026-06-21,Milk Tea (Dudh Chiya),beverage_hot,40,172,6,6,21,0,none,none,1,-0.9044,0,505
2026-06-21,Masala Chiya,beverage_hot,50,93,6,6,21,0,none,none,1,-0.9044,0,505
2026-06-21,Black Tea (Kalo Chiya),beverage_hot,30,32,6,6,21,0,none,none,1,-0.9044,0,505
2026-06-21,Americano,beverage_hot,150,45,6,6,21,0,none,none,1,-0.9044,0,505
2026-06-21,Cappuccino,beverage_hot,190,59,6,6,21,0,none,none,1,-0.9044,0,505
2026-06-21,Cafe Latte,beverage_hot,200,65,6,6,21,0,none,none,1,-0.9044,0,505
2026-06-21,Hot Chocolate,beverage_hot,180,26,6,6,21,0,none,none,1,-0.9044,0,505
2026-06-21,Cold Coffee,beverage_cold,220,49,6,6,21,0,none,none,1,-0.9044,0,505
2026-06-21,Iced Americano,beverage_cold,180,46,6,6,21,0,none,none,1,-0.9044,0,505
2026-06-21,Lassi,beverage_cold,120,36,6,6,21,0,none,none,1,-0.9044,0,505
2026-06-21,Fresh Lime Soda,beverage_cold,100,34,6,6,21,0,none,none,1,-0.9044,0,505
2026-06-21,Veg Momo,food_main,160,74,6,6,21,0,none,none,1,-0.9044,0,505
2026-06-21,Buff Momo,food_main,180,82,6,6,21,0,none,none,1,-0.9044,0,505
2026-06-21,Chicken Chowmein,food_main,190,49,6,6,21,0,none,none,1,-0.9044,0,505
2026-06-21,Veg Thukpa,food_main,170,27,6,6,21,0,none,none,1,-0.9044,0,505
2026-06-21,Club Sandwich,food_main,250,28,6,6,21,0,none,none,1,-0.9044,0,505
2026-06-21,Chicken Burger,food_main,280,28,6,6,21,0,none,none,1,-0.9044,0,505
2026-06-21,French Fries,food_snack,130,45,6,6,21,0,none,none,1,-0.9044,0,505
2026-06-21,Samosa,food_snack,40,38,6,6,21,0,none,none,1,-0.9044,0,505
2026-06-21,Chocolate Cake Slice,food_bakery,160,16,6,6,21,0,none,none,1,-0.9044,0,505
2026-06-21,Croissant,food_bakery,140,16,6,6,21,0,none,none,1,-0.9044,0,505
2026-06-22,Milk Tea (Dudh Chiya),beverage_hot,40,153,0,6,22,0,none,none,1,-0.9116,0,506
2026-06-22,Masala Chiya,beverage_hot,50,104,0,6,22,0,none,none,1,-0.9116,0,506
2026-06-22,Black Tea (Kalo Chiya),beverage_hot,30,51,0,6,22,0,none,none,1,-0.9116,0,506
2026-06-22,Americano,beverage_hot,150,52,0,6,22,0,none,none,1,-0.9116,0,506
2026-06-22,Cappuccino,beverage_hot,190,53,0,6,22,0,none,none,1,-0.9116,0,506
2026-06-22,Cafe Latte,beverage_hot,200,49,0,6,22,0,none,none,1,-0.9116,0,506
2026-06-22,Hot Chocolate,beverage_hot,180,25,0,6,22,0,none,none,1,-0.9116,0,506
2026-06-22,Cold Coffee,beverage_cold,220,62,0,6,22,0,none,none,1,-0.9116,0,506
2026-06-22,Iced Americano,beverage_cold,180,39,0,6,22,0,none,none,1,-0.9116,0,506
2026-06-22,Lassi,beverage_cold,120,37,0,6,22,0,none,none,1,-0.9116,0,506
2026-06-22,Fresh Lime Soda,beverage_cold,100,52,0,6,22,0,none,none,1,-0.9116,0,506
2026-06-22,Veg Momo,food_main,160,67,0,6,22,0,none,none,1,-0.9116,0,506
2026-06-22,Buff Momo,food_main,180,75,0,6,22,0,none,none,1,-0.9116,0,506
2026-06-22,Chicken Chowmein,food_main,190,58,0,6,22,0,none,none,1,-0.9116,0,506
2026-06-22,Veg Thukpa,food_main,170,27,0,6,22,0,none,none,1,-0.9116,0,506
2026-06-22,Club Sandwich,food_main,250,34,0,6,22,0,none,none,1,-0.9116,0,506
2026-06-22,Chicken Burger,food_main,280,32,0,6,22,0,none,none,1,-0.9116,0,506
2026-06-22,French Fries,food_snack,130,49,0,6,22,0,none,none,1,-0.9116,0,506
2026-06-22,Samosa,food_snack,40,47,0,6,22,0,none,none,1,-0.9116,0,506
2026-06-22,Chocolate Cake Slice,food_bakery,160,17,0,6,22,0,none,none,1,-0.9116,0,506
2026-06-22,Croissant,food_bakery,140,15,0,6,22,0,none,none,1,-0.9116,0,506
2026-06-23,Milk Tea (Dudh Chiya),beverage_hot,40,131,1,6,23,0,none,none,1,-0.9185,0,507
2026-06-23,Masala Chiya,beverage_hot,50,104,1,6,23,0,none,none,1,-0.9185,0,507
2026-06-23,Black Tea (Kalo Chiya),beverage_hot,30,39,1,6,23,0,none,none,1,-0.9185,0,507
2026-06-23,Americano,beverage_hot,150,47,1,6,23,0,none,none,1,-0.9185,0,507
2026-06-23,Cappuccino,beverage_hot,190,65,1,6,23,0,none,none,1,-0.9185,0,507
2026-06-23,Cafe Latte,beverage_hot,200,48,1,6,23,0,none,none,1,-0.9185,0,507
2026-06-23,Hot Chocolate,beverage_hot,180,24,1,6,23,0,none,none,1,-0.9185,0,507
2026-06-23,Cold Coffee,beverage_cold,220,43,1,6,23,0,none,none,1,-0.9185,0,507
2026-06-23,Iced Americano,beverage_cold,180,37,1,6,23,0,none,none,1,-0.9185,0,507
2026-06-23,Lassi,beverage_cold,120,40,1,6,23,0,none,none,1,-0.9185,0,507
2026-06-23,Fresh Lime Soda,beverage_cold,100,55,1,6,23,0,none,none,1,-0.9185,0,507
2026-06-23,Veg Momo,food_main,160,69,1,6,23,0,none,none,1,-0.9185,0,507
2026-06-23,Buff Momo,food_main,180,56,1,6,23,0,none,none,1,-0.9185,0,507
2026-06-23,Chicken Chowmein,food_main,190,51,1,6,23,0,none,none,1,-0.9185,0,507
2026-06-23,Veg Thukpa,food_main,170,31,1,6,23,0,none,none,1,-0.9185,0,507
2026-06-23,Club Sandwich,food_main,250,25,1,6,23,0,none,none,1,-0.9185,0,507
2026-06-23,Chicken Burger,food_main,280,19,1,6,23,0,none,none,1,-0.9185,0,507
2026-06-23,French Fries,food_snack,130,32,1,6,23,0,none,none,1,-0.9185,0,507
2026-06-23,Samosa,food_snack,40,30,1,6,23,0,none,none,1,-0.9185,0,507
2026-06-23,Chocolate Cake Slice,food_bakery,160,18,1,6,23,0,none,none,1,-0.9185,0,507
2026-06-23,Croissant,food_bakery,140,13,1,6,23,0,none,none,1,-0.9185,0,507
2026-06-24,Milk Tea (Dudh Chiya),beverage_hot,40,141,2,6,24,0,none,none,1,-0.9252,0,508
2026-06-24,Masala Chiya,beverage_hot,50,98,2,6,24,0,none,none,1,-0.9252,0,508
2026-06-24,Black Tea (Kalo Chiya),beverage_hot,30,39,2,6,24,0,none,none,1,-0.9252,0,508
2026-06-24,Americano,beverage_hot,150,34,2,6,24,0,none,none,1,-0.9252,0,508
2026-06-24,Cappuccino,beverage_hot,190,63,2,6,24,0,none,none,1,-0.9252,0,508
2026-06-24,Cafe Latte,beverage_hot,200,51,2,6,24,0,none,none,1,-0.9252,0,508
2026-06-24,Hot Chocolate,beverage_hot,180,32,2,6,24,0,none,none,1,-0.9252,0,508
2026-06-24,Cold Coffee,beverage_cold,220,42,2,6,24,0,none,none,1,-0.9252,0,508
2026-06-24,Iced Americano,beverage_cold,180,26,2,6,24,0,none,none,1,-0.9252,0,508
2026-06-24,Lassi,beverage_cold,120,42,2,6,24,0,none,none,1,-0.9252,0,508
2026-06-24,Fresh Lime Soda,beverage_cold,100,34,2,6,24,0,none,none,1,-0.9252,0,508
2026-06-24,Veg Momo,food_main,160,60,2,6,24,0,none,none,1,-0.9252,0,508
2026-06-24,Buff Momo,food_main,180,72,2,6,24,0,none,none,1,-0.9252,0,508
2026-06-24,Chicken Chowmein,food_main,190,59,2,6,24,0,none,none,1,-0.9252,0,508
2026-06-24,Veg Thukpa,food_main,170,28,2,6,24,0,none,none,1,-0.9252,0,508
2026-06-24,Club Sandwich,food_main,250,25,2,6,24,0,none,none,1,-0.9252,0,508
2026-06-24,Chicken Burger,food_main,280,23,2,6,24,0,none,none,1,-0.9252,0,508
2026-06-24,French Fries,food_snack,130,41,2,6,24,0,none,none,1,-0.9252,0,508
2026-06-24,Samosa,food_snack,40,32,2,6,24,0,none,none,1,-0.9252,0,508
2026-06-24,Chocolate Cake Slice,food_bakery,160,22,2,6,24,0,none,none,1,-0.9252,0,508
2026-06-24,Croissant,food_bakery,140,8,2,6,24,0,none,none,1,-0.9252,0,508
2026-06-25,Milk Tea (Dudh Chiya),beverage_hot,40,195,3,6,25,0,none,none,1,-0.9316,0,509
2026-06-25,Masala Chiya,beverage_hot,50,97,3,6,25,0,none,none,1,-0.9316,0,509
2026-06-25,Black Tea (Kalo Chiya),beverage_hot,30,46,3,6,25,0,none,none,1,-0.9316,0,509
2026-06-25,Americano,beverage_hot,150,44,3,6,25,0,none,none,1,-0.9316,0,509
2026-06-25,Cappuccino,beverage_hot,190,72,3,6,25,0,none,none,1,-0.9316,0,509
2026-06-25,Cafe Latte,beverage_hot,200,38,3,6,25,0,none,none,1,-0.9316,0,509
2026-06-25,Hot Chocolate,beverage_hot,180,30,3,6,25,0,none,none,1,-0.9316,0,509
2026-06-25,Cold Coffee,beverage_cold,220,60,3,6,25,0,none,none,1,-0.9316,0,509
2026-06-25,Iced Americano,beverage_cold,180,38,3,6,25,0,none,none,1,-0.9316,0,509
2026-06-25,Lassi,beverage_cold,120,33,3,6,25,0,none,none,1,-0.9316,0,509
2026-06-25,Fresh Lime Soda,beverage_cold,100,43,3,6,25,0,none,none,1,-0.9316,0,509
2026-06-25,Veg Momo,food_main,160,79,3,6,25,0,none,none,1,-0.9316,0,509
2026-06-25,Buff Momo,food_main,180,68,3,6,25,0,none,none,1,-0.9316,0,509
2026-06-25,Chicken Chowmein,food_main,190,42,3,6,25,0,none,none,1,-0.9316,0,509
2026-06-25,Veg Thukpa,food_main,170,28,3,6,25,0,none,none,1,-0.9316,0,509
2026-06-25,Club Sandwich,food_main,250,37,3,6,25,0,none,none,1,-0.9316,0,509
2026-06-25,Chicken Burger,food_main,280,26,3,6,25,0,none,none,1,-0.9316,0,509
2026-06-25,French Fries,food_snack,130,40,3,6,25,0,none,none,1,-0.9316,0,509
2026-06-25,Samosa,food_snack,40,45,3,6,25,0,none,none,1,-0.9316,0,509
2026-06-25,Chocolate Cake Slice,food_bakery,160,21,3,6,25,0,none,none,1,-0.9316,0,509
2026-06-25,Croissant,food_bakery,140,16,3,6,25,0,none,none,1,-0.9316,0,509
2026-06-26,Milk Tea (Dudh Chiya),beverage_hot,40,142,4,6,26,0,none,none,1,-0.9377,0,510
2026-06-26,Masala Chiya,beverage_hot,50,88,4,6,26,0,none,none,1,-0.9377,0,510
2026-06-26,Black Tea (Kalo Chiya),beverage_hot,30,44,4,6,26,0,none,none,1,-0.9377,0,510
2026-06-26,Americano,beverage_hot,150,45,4,6,26,0,none,none,1,-0.9377,0,510
2026-06-26,Cappuccino,beverage_hot,190,55,4,6,26,0,none,none,1,-0.9377,0,510
2026-06-26,Cafe Latte,beverage_hot,200,55,4,6,26,0,none,none,1,-0.9377,0,510
2026-06-26,Hot Chocolate,beverage_hot,180,34,4,6,26,0,none,none,1,-0.9377,0,510
2026-06-26,Cold Coffee,beverage_cold,220,53,4,6,26,0,none,none,1,-0.9377,0,510
2026-06-26,Iced Americano,beverage_cold,180,36,4,6,26,0,none,none,1,-0.9377,0,510
2026-06-26,Lassi,beverage_cold,120,25,4,6,26,0,none,none,1,-0.9377,0,510
2026-06-26,Fresh Lime Soda,beverage_cold,100,42,4,6,26,0,none,none,1,-0.9377,0,510
2026-06-26,Veg Momo,food_main,160,59,4,6,26,0,none,none,1,-0.9377,0,510
2026-06-26,Buff Momo,food_main,180,80,4,6,26,0,none,none,1,-0.9377,0,510
2026-06-26,Chicken Chowmein,food_main,190,41,4,6,26,0,none,none,1,-0.9377,0,510
2026-06-26,Veg Thukpa,food_main,170,24,4,6,26,0,none,none,1,-0.9377,0,510
2026-06-26,Club Sandwich,food_main,250,23,4,6,26,0,none,none,1,-0.9377,0,510
2026-06-26,Chicken Burger,food_main,280,20,4,6,26,0,none,none,1,-0.9377,0,510
2026-06-26,French Fries,food_snack,130,36,4,6,26,0,none,none,1,-0.9377,0,510
2026-06-26,Samosa,food_snack,40,32,4,6,26,0,none,none,1,-0.9377,0,510
2026-06-26,Chocolate Cake Slice,food_bakery,160,14,4,6,26,0,none,none,1,-0.9377,0,510
2026-06-26,Croissant,food_bakery,140,18,4,6,26,0,none,none,1,-0.9377,0,510
2026-06-27,Milk Tea (Dudh Chiya),beverage_hot,40,228,5,6,27,1,none,none,1,-0.9436,0,511
2026-06-27,Masala Chiya,beverage_hot,50,148,5,6,27,1,none,none,1,-0.9436,0,511
2026-06-27,Black Tea (Kalo Chiya),beverage_hot,30,75,5,6,27,1,none,none,1,-0.9436,0,511
2026-06-27,Americano,beverage_hot,150,67,5,6,27,1,none,none,1,-0.9436,0,511
2026-06-27,Cappuccino,beverage_hot,190,74,5,6,27,1,none,none,1,-0.9436,0,511
2026-06-27,Cafe Latte,beverage_hot,200,74,5,6,27,1,none,none,1,-0.9436,0,511
2026-06-27,Hot Chocolate,beverage_hot,180,41,5,6,27,1,none,none,1,-0.9436,0,511
2026-06-27,Cold Coffee,beverage_cold,220,66,5,6,27,1,none,none,1,-0.9436,0,511
2026-06-27,Iced Americano,beverage_cold,180,46,5,6,27,1,none,none,1,-0.9436,0,511
2026-06-27,Lassi,beverage_cold,120,46,5,6,27,1,none,none,1,-0.9436,0,511
2026-06-27,Fresh Lime Soda,beverage_cold,100,66,5,6,27,1,none,none,1,-0.9436,0,511
2026-06-27,Veg Momo,food_main,160,85,5,6,27,1,none,none,1,-0.9436,0,511
2026-06-27,Buff Momo,food_main,180,107,5,6,27,1,none,none,1,-0.9436,0,511
2026-06-27,Chicken Chowmein,food_main,190,65,5,6,27,1,none,none,1,-0.9436,0,511
2026-06-27,Veg Thukpa,food_main,170,39,5,6,27,1,none,none,1,-0.9436,0,511
2026-06-27,Club Sandwich,food_main,250,48,5,6,27,1,none,none,1,-0.9436,0,511
2026-06-27,Chicken Burger,food_main,280,38,5,6,27,1,none,none,1,-0.9436,0,511
2026-06-27,French Fries,food_snack,130,60,5,6,27,1,none,none,1,-0.9436,0,511
2026-06-27,Samosa,food_snack,40,65,5,6,27,1,none,none,1,-0.9436,0,511
2026-06-27,Chocolate Cake Slice,food_bakery,160,30,5,6,27,1,none,none,1,-0.9436,0,511
2026-06-27,Croissant,food_bakery,140,11,5,6,27,1,none,none,1,-0.9436,0,511
2026-06-28,Milk Tea (Dudh Chiya),beverage_hot,40,142,6,6,28,0,none,none,1,-0.9491,0,512
2026-06-28,Masala Chiya,beverage_hot,50,106,6,6,28,0,none,none,1,-0.9491,0,512
2026-06-28,Black Tea (Kalo Chiya),beverage_hot,30,44,6,6,28,0,none,none,1,-0.9491,0,512
2026-06-28,Americano,beverage_hot,150,50,6,6,28,0,none,none,1,-0.9491,0,512
2026-06-28,Cappuccino,beverage_hot,190,39,6,6,28,0,none,none,1,-0.9491,0,512
2026-06-28,Cafe Latte,beverage_hot,200,52,6,6,28,0,none,none,1,-0.9491,0,512
2026-06-28,Hot Chocolate,beverage_hot,180,26,6,6,28,0,none,none,1,-0.9491,0,512
2026-06-28,Cold Coffee,beverage_cold,220,53,6,6,28,0,none,none,1,-0.9491,0,512
2026-06-28,Iced Americano,beverage_cold,180,34,6,6,28,0,none,none,1,-0.9491,0,512
2026-06-28,Lassi,beverage_cold,120,38,6,6,28,0,none,none,1,-0.9491,0,512
2026-06-28,Fresh Lime Soda,beverage_cold,100,38,6,6,28,0,none,none,1,-0.9491,0,512
2026-06-28,Veg Momo,food_main,160,67,6,6,28,0,none,none,1,-0.9491,0,512
2026-06-28,Buff Momo,food_main,180,76,6,6,28,0,none,none,1,-0.9491,0,512
2026-06-28,Chicken Chowmein,food_main,190,60,6,6,28,0,none,none,1,-0.9491,0,512
2026-06-28,Veg Thukpa,food_main,170,24,6,6,28,0,none,none,1,-0.9491,0,512
2026-06-28,Club Sandwich,food_main,250,25,6,6,28,0,none,none,1,-0.9491,0,512
2026-06-28,Chicken Burger,food_main,280,30,6,6,28,0,none,none,1,-0.9491,0,512
2026-06-28,French Fries,food_snack,130,50,6,6,28,0,none,none,1,-0.9491,0,512
2026-06-28,Samosa,food_snack,40,33,6,6,28,0,none,none,1,-0.9491,0,512
2026-06-28,Chocolate Cake Slice,food_bakery,160,15,6,6,28,0,none,none,1,-0.9491,0,512
2026-06-28,Croissant,food_bakery,140,19,6,6,28,0,none,none,1,-0.9491,0,512
2026-06-29,Milk Tea (Dudh Chiya),beverage_hot,40,131,0,6,29,0,none,none,1,-0.9544,0,513
2026-06-29,Masala Chiya,beverage_hot,50,82,0,6,29,0,none,none,1,-0.9544,0,513
2026-06-29,Black Tea (Kalo Chiya),beverage_hot,30,44,0,6,29,0,none,none,1,-0.9544,0,513
2026-06-29,Americano,beverage_hot,150,36,0,6,29,0,none,none,1,-0.9544,0,513
2026-06-29,Cappuccino,beverage_hot,190,62,0,6,29,0,none,none,1,-0.9544,0,513
2026-06-29,Cafe Latte,beverage_hot,200,48,0,6,29,0,none,none,1,-0.9544,0,513
2026-06-29,Hot Chocolate,beverage_hot,180,15,0,6,29,0,none,none,1,-0.9544,0,513
2026-06-29,Cold Coffee,beverage_cold,220,49,0,6,29,0,none,none,1,-0.9544,0,513
2026-06-29,Iced Americano,beverage_cold,180,25,0,6,29,0,none,none,1,-0.9544,0,513
2026-06-29,Lassi,beverage_cold,120,34,0,6,29,0,none,none,1,-0.9544,0,513
2026-06-29,Fresh Lime Soda,beverage_cold,100,48,0,6,29,0,none,none,1,-0.9544,0,513
2026-06-29,Veg Momo,food_main,160,57,0,6,29,0,none,none,1,-0.9544,0,513
2026-06-29,Buff Momo,food_main,180,71,0,6,29,0,none,none,1,-0.9544,0,513
2026-06-29,Chicken Chowmein,food_main,190,47,0,6,29,0,none,none,1,-0.9544,0,513
2026-06-29,Veg Thukpa,food_main,170,23,0,6,29,0,none,none,1,-0.9544,0,513
2026-06-29,Club Sandwich,food_main,250,20,0,6,29,0,none,none,1,-0.9544,0,513
2026-06-29,Chicken Burger,food_main,280,24,0,6,29,0,none,none,1,-0.9544,0,513
2026-06-29,French Fries,food_snack,130,32,0,6,29,0,none,none,1,-0.9544,0,513
2026-06-29,Samosa,food_snack,40,36,0,6,29,0,none,none,1,-0.9544,0,513
2026-06-29,Chocolate Cake Slice,food_bakery,160,16,0,6,29,0,none,none,1,-0.9544,0,513
2026-06-29,Croissant,food_bakery,140,14,0,6,29,0,none,none,1,-0.9544,0,513
2026-06-30,Milk Tea (Dudh Chiya),beverage_hot,40,136,1,6,30,0,none,none,1,-0.9594,0,514
2026-06-30,Masala Chiya,beverage_hot,50,98,1,6,30,0,none,none,1,-0.9594,0,514
2026-06-30,Black Tea (Kalo Chiya),beverage_hot,30,39,1,6,30,0,none,none,1,-0.9594,0,514
2026-06-30,Americano,beverage_hot,150,42,1,6,30,0,none,none,1,-0.9594,0,514
2026-06-30,Cappuccino,beverage_hot,190,56,1,6,30,0,none,none,1,-0.9594,0,514
2026-06-30,Cafe Latte,beverage_hot,200,43,1,6,30,0,none,none,1,-0.9594,0,514
2026-06-30,Hot Chocolate,beverage_hot,180,21,1,6,30,0,none,none,1,-0.9594,0,514
2026-06-30,Cold Coffee,beverage_cold,220,46,1,6,30,0,none,none,1,-0.9594,0,514
2026-06-30,Iced Americano,beverage_cold,180,34,1,6,30,0,none,none,1,-0.9594,0,514
2026-06-30,Lassi,beverage_cold,120,34,1,6,30,0,none,none,1,-0.9594,0,514
2026-06-30,Fresh Lime Soda,beverage_cold,100,48,1,6,30,0,none,none,1,-0.9594,0,514
2026-06-30,Veg Momo,food_main,160,70,1,6,30,0,none,none,1,-0.9594,0,514
2026-06-30,Buff Momo,food_main,180,66,1,6,30,0,none,none,1,-0.9594,0,514
2026-06-30,Chicken Chowmein,food_main,190,45,1,6,30,0,none,none,1,-0.9594,0,514
2026-06-30,Veg Thukpa,food_main,170,24,1,6,30,0,none,none,1,-0.9594,0,514
2026-06-30,Club Sandwich,food_main,250,28,1,6,30,0,none,none,1,-0.9594,0,514
2026-06-30,Chicken Burger,food_main,280,19,1,6,30,0,none,none,1,-0.9594,0,514
2026-06-30,French Fries,food_snack,130,35,1,6,30,0,none,none,1,-0.9594,0,514
2026-06-30,Samosa,food_snack,40,25,1,6,30,0,none,none,1,-0.9594,0,514
2026-06-30,Chocolate Cake Slice,food_bakery,160,24,1,6,30,0,none,none,1,-0.9594,0,514
2026-06-30,Croissant,food_bakery,140,14,1,6,30,0,none,none,1,-0.9594,0,514
2026-07-01,Milk Tea (Dudh Chiya),beverage_hot,40,164,2,7,1,0,none,none,1,-0.9641,0,515
2026-07-01,Masala Chiya,beverage_hot,50,91,2,7,1,0,none,none,1,-0.9641,0,515
2026-07-01,Black Tea (Kalo Chiya),beverage_hot,30,52,2,7,1,0,none,none,1,-0.9641,0,515
2026-07-01,Americano,beverage_hot,150,43,2,7,1,0,none,none,1,-0.9641,0,515
2026-07-01,Cappuccino,beverage_hot,190,60,2,7,1,0,none,none,1,-0.9641,0,515
2026-07-01,Cafe Latte,beverage_hot,200,64,2,7,1,0,none,none,1,-0.9641,0,515
2026-07-01,Hot Chocolate,beverage_hot,180,28,2,7,1,0,none,none,1,-0.9641,0,515
2026-07-01,Cold Coffee,beverage_cold,220,51,2,7,1,0,none,none,1,-0.9641,0,515
2026-07-01,Iced Americano,beverage_cold,180,29,2,7,1,0,none,none,1,-0.9641,0,515
2026-07-01,Lassi,beverage_cold,120,31,2,7,1,0,none,none,1,-0.9641,0,515
2026-07-01,Fresh Lime Soda,beverage_cold,100,54,2,7,1,0,none,none,1,-0.9641,0,515
2026-07-01,Veg Momo,food_main,160,68,2,7,1,0,none,none,1,-0.9641,0,515
2026-07-01,Buff Momo,food_main,180,92,2,7,1,0,none,none,1,-0.9641,0,515
2026-07-01,Chicken Chowmein,food_main,190,47,2,7,1,0,none,none,1,-0.9641,0,515
2026-07-01,Veg Thukpa,food_main,170,28,2,7,1,0,none,none,1,-0.9641,0,515
2026-07-01,Club Sandwich,food_main,250,34,2,7,1,0,none,none,1,-0.9641,0,515
2026-07-01,Chicken Burger,food_main,280,34,2,7,1,0,none,none,1,-0.9641,0,515
2026-07-01,French Fries,food_snack,130,40,2,7,1,0,none,none,1,-0.9641,0,515
2026-07-01,Samosa,food_snack,40,35,2,7,1,0,none,none,1,-0.9641,0,515
2026-07-01,Chocolate Cake Slice,food_bakery,160,17,2,7,1,0,none,none,1,-0.9641,0,515
2026-07-01,Croissant,food_bakery,140,17,2,7,1,0,none,none,1,-0.9641,0,515
2026-07-02,Milk Tea (Dudh Chiya),beverage_hot,40,172,3,7,2,0,none,none,1,-0.9685,0,516
2026-07-02,Masala Chiya,beverage_hot,50,94,3,7,2,0,none,none,1,-0.9685,0,516
2026-07-02,Black Tea (Kalo Chiya),beverage_hot,30,45,3,7,2,0,none,none,1,-0.9685,0,516
2026-07-02,Americano,beverage_hot,150,39,3,7,2,0,none,none,1,-0.9685,0,516
2026-07-02,Cappuccino,beverage_hot,190,54,3,7,2,0,none,none,1,-0.9685,0,516
2026-07-02,Cafe Latte,beverage_hot,200,52,3,7,2,0,none,none,1,-0.9685,0,516
2026-07-02,Hot Chocolate,beverage_hot,180,23,3,7,2,0,none,none,1,-0.9685,0,516
2026-07-02,Cold Coffee,beverage_cold,220,49,3,7,2,0,none,none,1,-0.9685,0,516
2026-07-02,Iced Americano,beverage_cold,180,33,3,7,2,0,none,none,1,-0.9685,0,516
2026-07-02,Lassi,beverage_cold,120,42,3,7,2,0,none,none,1,-0.9685,0,516
2026-07-02,Fresh Lime Soda,beverage_cold,100,43,3,7,2,0,none,none,1,-0.9685,0,516
2026-07-02,Veg Momo,food_main,160,64,3,7,2,0,none,none,1,-0.9685,0,516
2026-07-02,Buff Momo,food_main,180,83,3,7,2,0,none,none,1,-0.9685,0,516
2026-07-02,Chicken Chowmein,food_main,190,44,3,7,2,0,none,none,1,-0.9685,0,516
2026-07-02,Veg Thukpa,food_main,170,31,3,7,2,0,none,none,1,-0.9685,0,516
2026-07-02,Club Sandwich,food_main,250,22,3,7,2,0,none,none,1,-0.9685,0,516
2026-07-02,Chicken Burger,food_main,280,34,3,7,2,0,none,none,1,-0.9685,0,516
2026-07-02,French Fries,food_snack,130,46,3,7,2,0,none,none,1,-0.9685,0,516
2026-07-02,Samosa,food_snack,40,34,3,7,2,0,none,none,1,-0.9685,0,516
2026-07-02,Chocolate Cake Slice,food_bakery,160,13,3,7,2,0,none,none,1,-0.9685,0,516
2026-07-02,Croissant,food_bakery,140,18,3,7,2,0,none,none,1,-0.9685,0,516
2026-07-03,Milk Tea (Dudh Chiya),beverage_hot,40,142,4,7,3,0,none,none,1,-0.9727,0,517
2026-07-03,Masala Chiya,beverage_hot,50,101,4,7,3,0,none,none,1,-0.9727,0,517
2026-07-03,Black Tea (Kalo Chiya),beverage_hot,30,52,4,7,3,0,none,none,1,-0.9727,0,517
2026-07-03,Americano,beverage_hot,150,46,4,7,3,0,none,none,1,-0.9727,0,517
2026-07-03,Cappuccino,beverage_hot,190,66,4,7,3,0,none,none,1,-0.9727,0,517
2026-07-03,Cafe Latte,beverage_hot,200,55,4,7,3,0,none,none,1,-0.9727,0,517
2026-07-03,Hot Chocolate,beverage_hot,180,33,4,7,3,0,none,none,1,-0.9727,0,517
2026-07-03,Cold Coffee,beverage_cold,220,47,4,7,3,0,none,none,1,-0.9727,0,517
2026-07-03,Iced Americano,beverage_cold,180,43,4,7,3,0,none,none,1,-0.9727,0,517
2026-07-03,Lassi,beverage_cold,120,32,4,7,3,0,none,none,1,-0.9727,0,517
2026-07-03,Fresh Lime Soda,beverage_cold,100,37,4,7,3,0,none,none,1,-0.9727,0,517
2026-07-03,Veg Momo,food_main,160,72,4,7,3,0,none,none,1,-0.9727,0,517
2026-07-03,Buff Momo,food_main,180,83,4,7,3,0,none,none,1,-0.9727,0,517
2026-07-03,Chicken Chowmein,food_main,190,53,4,7,3,0,none,none,1,-0.9727,0,517
2026-07-03,Veg Thukpa,food_main,170,30,4,7,3,0,none,none,1,-0.9727,0,517
2026-07-03,Club Sandwich,food_main,250,35,4,7,3,0,none,none,1,-0.9727,0,517
2026-07-03,Chicken Burger,food_main,280,42,4,7,3,0,none,none,1,-0.9727,0,517
2026-07-03,French Fries,food_snack,130,35,4,7,3,0,none,none,1,-0.9727,0,517
2026-07-03,Samosa,food_snack,40,41,4,7,3,0,none,none,1,-0.9727,0,517
2026-07-03,Chocolate Cake Slice,food_bakery,160,24,4,7,3,0,none,none,1,-0.9727,0,517
2026-07-03,Croissant,food_bakery,140,17,4,7,3,0,none,none,1,-0.9727,0,517
2026-07-04,Milk Tea (Dudh Chiya),beverage_hot,40,149,5,7,4,1,none,none,1,-0.9765,0,518
2026-07-04,Masala Chiya,beverage_hot,50,112,5,7,4,1,none,none,1,-0.9765,0,518
2026-07-04,Black Tea (Kalo Chiya),beverage_hot,30,40,5,7,4,1,none,none,1,-0.9765,0,518
2026-07-04,Americano,beverage_hot,150,38,5,7,4,1,none,none,1,-0.9765,0,518
2026-07-04,Cappuccino,beverage_hot,190,53,5,7,4,1,none,none,1,-0.9765,0,518
2026-07-04,Cafe Latte,beverage_hot,200,59,5,7,4,1,none,none,1,-0.9765,0,518
2026-07-04,Hot Chocolate,beverage_hot,180,28,5,7,4,1,none,none,1,-0.9765,0,518
2026-07-04,Cold Coffee,beverage_cold,220,49,5,7,4,1,none,none,1,-0.9765,0,518
2026-07-04,Iced Americano,beverage_cold,180,31,5,7,4,1,none,none,1,-0.9765,0,518
2026-07-04,Lassi,beverage_cold,120,30,5,7,4,1,none,none,1,-0.9765,0,518
2026-07-04,Fresh Lime Soda,beverage_cold,100,37,5,7,4,1,none,none,1,-0.9765,0,518
2026-07-04,Veg Momo,food_main,160,66,5,7,4,1,none,none,1,-0.9765,0,518
2026-07-04,Buff Momo,food_main,180,81,5,7,4,1,none,none,1,-0.9765,0,518
2026-07-04,Chicken Chowmein,food_main,190,47,5,7,4,1,none,none,1,-0.9765,0,518
2026-07-04,Veg Thukpa,food_main,170,22,5,7,4,1,none,none,1,-0.9765,0,518
2026-07-04,Club Sandwich,food_main,250,28,5,7,4,1,none,none,1,-0.9765,0,518
2026-07-04,Chicken Burger,food_main,280,21,5,7,4,1,none,none,1,-0.9765,0,518
2026-07-04,French Fries,food_snack,130,43,5,7,4,1,none,none,1,-0.9765,0,518
2026-07-04,Samosa,food_snack,40,37,5,7,4,1,none,none,1,-0.9765,0,518
2026-07-04,Chocolate Cake Slice,food_bakery,160,16,5,7,4,1,none,none,1,-0.9765,0,518
2026-07-04,Croissant,food_bakery,140,14,5,7,4,1,none,none,1,-0.9765,0,518
2026-07-05,Milk Tea (Dudh Chiya),beverage_hot,40,127,6,7,5,0,none,none,1,-0.9801,0,519
2026-07-05,Masala Chiya,beverage_hot,50,66,6,7,5,0,none,none,1,-0.9801,0,519
2026-07-05,Black Tea (Kalo Chiya),beverage_hot,30,28,6,7,5,0,none,none,1,-0.9801,0,519
2026-07-05,Americano,beverage_hot,150,32,6,7,5,0,none,none,1,-0.9801,0,519
2026-07-05,Cappuccino,beverage_hot,190,34,6,7,5,0,none,none,1,-0.9801,0,519
2026-07-05,Cafe Latte,beverage_hot,200,39,6,7,5,0,none,none,1,-0.9801,0,519
2026-07-05,Hot Chocolate,beverage_hot,180,17,6,7,5,0,none,none,1,-0.9801,0,519
2026-07-05,Cold Coffee,beverage_cold,220,39,6,7,5,0,none,none,1,-0.9801,0,519
2026-07-05,Iced Americano,beverage_cold,180,26,6,7,5,0,none,none,1,-0.9801,0,519
2026-07-05,Lassi,beverage_cold,120,30,6,7,5,0,none,none,1,-0.9801,0,519
2026-07-05,Fresh Lime Soda,beverage_cold,100,35,6,7,5,0,none,none,1,-0.9801,0,519
2026-07-05,Veg Momo,food_main,160,33,6,7,5,0,none,none,1,-0.9801,0,519
2026-07-05,Buff Momo,food_main,180,57,6,7,5,0,none,none,1,-0.9801,0,519
2026-07-05,Chicken Chowmein,food_main,190,33,6,7,5,0,none,none,1,-0.9801,0,519
2026-07-05,Veg Thukpa,food_main,170,19,6,7,5,0,none,none,1,-0.9801,0,519
2026-07-05,Club Sandwich,food_main,250,21,6,7,5,0,none,none,1,-0.9801,0,519
2026-07-05,Chicken Burger,food_main,280,24,6,7,5,0,none,none,1,-0.9801,0,519
2026-07-05,French Fries,food_snack,130,41,6,7,5,0,none,none,1,-0.9801,0,519
2026-07-05,Samosa,food_snack,40,23,6,7,5,0,none,none,1,-0.9801,0,519
2026-07-05,Chocolate Cake Slice,food_bakery,160,16,6,7,5,0,none,none,1,-0.9801,0,519
2026-07-05,Croissant,food_bakery,140,10,6,7,5,0,none,none,1,-0.9801,0,519
2026-07-06,Milk Tea (Dudh Chiya),beverage_hot,40,130,0,7,6,0,none,none,1,-0.9833,0,520
2026-07-06,Masala Chiya,beverage_hot,50,101,0,7,6,0,none,none,1,-0.9833,0,520
2026-07-06,Black Tea (Kalo Chiya),beverage_hot,30,44,0,7,6,0,none,none,1,-0.9833,0,520
2026-07-06,Americano,beverage_hot,150,49,0,7,6,0,none,none,1,-0.9833,0,520
2026-07-06,Cappuccino,beverage_hot,190,62,0,7,6,0,none,none,1,-0.9833,0,520
2026-07-06,Cafe Latte,beverage_hot,200,30,0,7,6,0,none,none,1,-0.9833,0,520
2026-07-06,Hot Chocolate,beverage_hot,180,31,0,7,6,0,none,none,1,-0.9833,0,520
2026-07-06,Cold Coffee,beverage_cold,220,55,0,7,6,0,none,none,1,-0.9833,0,520
2026-07-06,Iced Americano,beverage_cold,180,41,0,7,6,0,none,none,1,-0.9833,0,520
2026-07-06,Lassi,beverage_cold,120,36,0,7,6,0,none,none,1,-0.9833,0,520
2026-07-06,Fresh Lime Soda,beverage_cold,100,38,0,7,6,0,none,none,1,-0.9833,0,520
2026-07-06,Veg Momo,food_main,160,67,0,7,6,0,none,none,1,-0.9833,0,520
2026-07-06,Buff Momo,food_main,180,75,0,7,6,0,none,none,1,-0.9833,0,520
2026-07-06,Chicken Chowmein,food_main,190,52,0,7,6,0,none,none,1,-0.9833,0,520
2026-07-06,Veg Thukpa,food_main,170,25,0,7,6,0,none,none,1,-0.9833,0,520
2026-07-06,Club Sandwich,food_main,250,32,0,7,6,0,none,none,1,-0.9833,0,520
2026-07-06,Chicken Burger,food_main,280,23,0,7,6,0,none,none,1,-0.9833,0,520
2026-07-06,French Fries,food_snack,130,44,0,7,6,0,none,none,1,-0.9833,0,520
2026-07-06,Samosa,food_snack,40,42,0,7,6,0,none,none,1,-0.9833,0,520
2026-07-06,Chocolate Cake Slice,food_bakery,160,25,0,7,6,0,none,none,1,-0.9833,0,520
2026-07-06,Croissant,food_bakery,140,17,0,7,6,0,none,none,1,-0.9833,0,520
2026-07-07,Milk Tea (Dudh Chiya),beverage_hot,40,138,1,7,7,0,none,none,1,-0.9863,0,521
2026-07-07,Masala Chiya,beverage_hot,50,87,1,7,7,0,none,none,1,-0.9863,0,521
2026-07-07,Black Tea (Kalo Chiya),beverage_hot,30,35,1,7,7,0,none,none,1,-0.9863,0,521
2026-07-07,Americano,beverage_hot,150,38,1,7,7,0,none,none,1,-0.9863,0,521
2026-07-07,Cappuccino,beverage_hot,190,46,1,7,7,0,none,none,1,-0.9863,0,521
2026-07-07,Cafe Latte,beverage_hot,200,38,1,7,7,0,none,none,1,-0.9863,0,521
2026-07-07,Hot Chocolate,beverage_hot,180,18,1,7,7,0,none,none,1,-0.9863,0,521
2026-07-07,Cold Coffee,beverage_cold,220,40,1,7,7,0,none,none,1,-0.9863,0,521
2026-07-07,Iced Americano,beverage_cold,180,27,1,7,7,0,none,none,1,-0.9863,0,521
2026-07-07,Lassi,beverage_cold,120,25,1,7,7,0,none,none,1,-0.9863,0,521
2026-07-07,Fresh Lime Soda,beverage_cold,100,43,1,7,7,0,none,none,1,-0.9863,0,521
2026-07-07,Veg Momo,food_main,160,63,1,7,7,0,none,none,1,-0.9863,0,521
2026-07-07,Buff Momo,food_main,180,70,1,7,7,0,none,none,1,-0.9863,0,521
2026-07-07,Chicken Chowmein,food_main,190,43,1,7,7,0,none,none,1,-0.9863,0,521
2026-07-07,Veg Thukpa,food_main,170,24,1,7,7,0,none,none,1,-0.9863,0,521
2026-07-07,Club Sandwich,food_main,250,22,1,7,7,0,none,none,1,-0.9863,0,521
2026-07-07,Chicken Burger,food_main,280,25,1,7,7,0,none,none,1,-0.9863,0,521
2026-07-07,French Fries,food_snack,130,39,1,7,7,0,none,none,1,-0.9863,0,521
2026-07-07,Samosa,food_snack,40,32,1,7,7,0,none,none,1,-0.9863,0,521
2026-07-07,Chocolate Cake Slice,food_bakery,160,14,1,7,7,0,none,none,1,-0.9863,0,521
2026-07-07,Croissant,food_bakery,140,9,1,7,7,0,none,none,1,-0.9863,0,521
2026-07-08,Milk Tea (Dudh Chiya),beverage_hot,40,147,2,7,8,0,none,none,1,-0.989,0,522
2026-07-08,Masala Chiya,beverage_hot,50,125,2,7,8,0,none,none,1,-0.989,0,522
2026-07-08,Black Tea (Kalo Chiya),beverage_hot,30,46,2,7,8,0,none,none,1,-0.989,0,522
2026-07-08,Americano,beverage_hot,150,63,2,7,8,0,none,none,1,-0.989,0,522
2026-07-08,Cappuccino,beverage_hot,190,57,2,7,8,0,none,none,1,-0.989,0,522
2026-07-08,Cafe Latte,beverage_hot,200,57,2,7,8,0,none,none,1,-0.989,0,522
2026-07-08,Hot Chocolate,beverage_hot,180,46,2,7,8,0,none,none,1,-0.989,0,522
2026-07-08,Cold Coffee,beverage_cold,220,49,2,7,8,0,none,none,1,-0.989,0,522
2026-07-08,Iced Americano,beverage_cold,180,41,2,7,8,0,none,none,1,-0.989,0,522
2026-07-08,Lassi,beverage_cold,120,46,2,7,8,0,none,none,1,-0.989,0,522
2026-07-08,Fresh Lime Soda,beverage_cold,100,47,2,7,8,0,none,none,1,-0.989,0,522
2026-07-08,Veg Momo,food_main,160,81,2,7,8,0,none,none,1,-0.989,0,522
2026-07-08,Buff Momo,food_main,180,70,2,7,8,0,none,none,1,-0.989,0,522
2026-07-08,Chicken Chowmein,food_main,190,51,2,7,8,0,none,none,1,-0.989,0,522
2026-07-08,Veg Thukpa,food_main,170,31,2,7,8,0,none,none,1,-0.989,0,522
2026-07-08,Club Sandwich,food_main,250,34,2,7,8,0,none,none,1,-0.989,0,522
2026-07-08,Chicken Burger,food_main,280,32,2,7,8,0,none,none,1,-0.989,0,522
2026-07-08,French Fries,food_snack,130,45,2,7,8,0,none,none,1,-0.989,0,522
2026-07-08,Samosa,food_snack,40,37,2,7,8,0,none,none,1,-0.989,0,522
2026-07-08,Chocolate Cake Slice,food_bakery,160,17,2,7,8,0,none,none,1,-0.989,0,522
2026-07-08,Croissant,food_bakery,140,20,2,7,8,0,none,none,1,-0.989,0,522
2026-07-09,Milk Tea (Dudh Chiya),beverage_hot,40,163,3,7,9,0,none,none,1,-0.9914,0,523
2026-07-09,Masala Chiya,beverage_hot,50,97,3,7,9,0,none,none,1,-0.9914,0,523
2026-07-09,Black Tea (Kalo Chiya),beverage_hot,30,42,3,7,9,0,none,none,1,-0.9914,0,523
2026-07-09,Americano,beverage_hot,150,28,3,7,9,0,none,none,1,-0.9914,0,523
2026-07-09,Cappuccino,beverage_hot,190,35,3,7,9,0,none,none,1,-0.9914,0,523
2026-07-09,Cafe Latte,beverage_hot,200,45,3,7,9,0,none,none,1,-0.9914,0,523
2026-07-09,Hot Chocolate,beverage_hot,180,32,3,7,9,0,none,none,1,-0.9914,0,523
2026-07-09,Cold Coffee,beverage_cold,220,43,3,7,9,0,none,none,1,-0.9914,0,523
2026-07-09,Iced Americano,beverage_cold,180,35,3,7,9,0,none,none,1,-0.9914,0,523
2026-07-09,Lassi,beverage_cold,120,39,3,7,9,0,none,none,1,-0.9914,0,523
2026-07-09,Fresh Lime Soda,beverage_cold,100,34,3,7,9,0,none,none,1,-0.9914,0,523
2026-07-09,Veg Momo,food_main,160,80,3,7,9,0,none,none,1,-0.9914,0,523
2026-07-09,Buff Momo,food_main,180,67,3,7,9,0,none,none,1,-0.9914,0,523
2026-07-09,Chicken Chowmein,food_main,190,60,3,7,9,0,none,none,1,-0.9914,0,523
2026-07-09,Veg Thukpa,food_main,170,23,3,7,9,0,none,none,1,-0.9914,0,523
2026-07-09,Club Sandwich,food_main,250,30,3,7,9,0,none,none,1,-0.9914,0,523
2026-07-09,Chicken Burger,food_main,280,33,3,7,9,0,none,none,1,-0.9914,0,523
2026-07-09,French Fries,food_snack,130,29,3,7,9,0,none,none,1,-0.9914,0,523
2026-07-09,Samosa,food_snack,40,43,3,7,9,0,none,none,1,-0.9914,0,523
2026-07-09,Chocolate Cake Slice,food_bakery,160,21,3,7,9,0,none,none,1,-0.9914,0,523
2026-07-09,Croissant,food_bakery,140,16,3,7,9,0,none,none,1,-0.9914,0,523
2026-07-10,Milk Tea (Dudh Chiya),beverage_hot,40,164,4,7,10,0,none,none,1,-0.9935,0,524
2026-07-10,Masala Chiya,beverage_hot,50,120,4,7,10,0,none,none,1,-0.9935,0,524
2026-07-10,Black Tea (Kalo Chiya),beverage_hot,30,50,4,7,10,0,none,none,1,-0.9935,0,524
2026-07-10,Americano,beverage_hot,150,52,4,7,10,0,none,none,1,-0.9935,0,524
2026-07-10,Cappuccino,beverage_hot,190,47,4,7,10,0,none,none,1,-0.9935,0,524
2026-07-10,Cafe Latte,beverage_hot,200,53,4,7,10,0,none,none,1,-0.9935,0,524
2026-07-10,Hot Chocolate,beverage_hot,180,36,4,7,10,0,none,none,1,-0.9935,0,524
2026-07-10,Cold Coffee,beverage_cold,220,53,4,7,10,0,none,none,1,-0.9935,0,524
2026-07-10,Iced Americano,beverage_cold,180,39,4,7,10,0,none,none,1,-0.9935,0,524
2026-07-10,Lassi,beverage_cold,120,47,4,7,10,0,none,none,1,-0.9935,0,524
2026-07-10,Fresh Lime Soda,beverage_cold,100,40,4,7,10,0,none,none,1,-0.9935,0,524
2026-07-10,Veg Momo,food_main,160,72,4,7,10,0,none,none,1,-0.9935,0,524
2026-07-10,Buff Momo,food_main,180,93,4,7,10,0,none,none,1,-0.9935,0,524
2026-07-10,Chicken Chowmein,food_main,190,61,4,7,10,0,none,none,1,-0.9935,0,524
2026-07-10,Veg Thukpa,food_main,170,31,4,7,10,0,none,none,1,-0.9935,0,524
2026-07-10,Club Sandwich,food_main,250,23,4,7,10,0,none,none,1,-0.9935,0,524
2026-07-10,Chicken Burger,food_main,280,27,4,7,10,0,none,none,1,-0.9935,0,524
2026-07-10,French Fries,food_snack,130,47,4,7,10,0,none,none,1,-0.9935,0,524
2026-07-10,Samosa,food_snack,40,41,4,7,10,0,none,none,1,-0.9935,0,524
2026-07-10,Chocolate Cake Slice,food_bakery,160,24,4,7,10,0,none,none,1,-0.9935,0,524
2026-07-10,Croissant,food_bakery,140,17,4,7,10,0,none,none,1,-0.9935,0,524
2026-07-11,Milk Tea (Dudh Chiya),beverage_hot,40,192,5,7,11,1,none,none,1,-0.9953,0,525
2026-07-11,Masala Chiya,beverage_hot,50,155,5,7,11,1,none,none,1,-0.9953,0,525
2026-07-11,Black Tea (Kalo Chiya),beverage_hot,30,54,5,7,11,1,none,none,1,-0.9953,0,525
2026-07-11,Americano,beverage_hot,150,71,5,7,11,1,none,none,1,-0.9953,0,525
2026-07-11,Cappuccino,beverage_hot,190,70,5,7,11,1,none,none,1,-0.9953,0,525
2026-07-11,Cafe Latte,beverage_hot,200,68,5,7,11,1,none,none,1,-0.9953,0,525
2026-07-11,Hot Chocolate,beverage_hot,180,34,5,7,11,1,none,none,1,-0.9953,0,525
2026-07-11,Cold Coffee,beverage_cold,220,72,5,7,11,1,none,none,1,-0.9953,0,525
2026-07-11,Iced Americano,beverage_cold,180,42,5,7,11,1,none,none,1,-0.9953,0,525
2026-07-11,Lassi,beverage_cold,120,65,5,7,11,1,none,none,1,-0.9953,0,525
2026-07-11,Fresh Lime Soda,beverage_cold,100,44,5,7,11,1,none,none,1,-0.9953,0,525
2026-07-11,Veg Momo,food_main,160,84,5,7,11,1,none,none,1,-0.9953,0,525
2026-07-11,Buff Momo,food_main,180,106,5,7,11,1,none,none,1,-0.9953,0,525
2026-07-11,Chicken Chowmein,food_main,190,71,5,7,11,1,none,none,1,-0.9953,0,525
2026-07-11,Veg Thukpa,food_main,170,46,5,7,11,1,none,none,1,-0.9953,0,525
2026-07-11,Club Sandwich,food_main,250,32,5,7,11,1,none,none,1,-0.9953,0,525
2026-07-11,Chicken Burger,food_main,280,35,5,7,11,1,none,none,1,-0.9953,0,525
2026-07-11,French Fries,food_snack,130,54,5,7,11,1,none,none,1,-0.9953,0,525
2026-07-11,Samosa,food_snack,40,47,5,7,11,1,none,none,1,-0.9953,0,525
2026-07-11,Chocolate Cake Slice,food_bakery,160,29,5,7,11,1,none,none,1,-0.9953,0,525
2026-07-11,Croissant,food_bakery,140,23,5,7,11,1,none,none,1,-0.9953,0,525
2026-07-12,Milk Tea (Dudh Chiya),beverage_hot,40,175,6,7,12,0,none,none,1,-0.9968,0,526
2026-07-12,Masala Chiya,beverage_hot,50,96,6,7,12,0,none,none,1,-0.9968,0,526
2026-07-12,Black Tea (Kalo Chiya),beverage_hot,30,49,6,7,12,0,none,none,1,-0.9968,0,526
2026-07-12,Americano,beverage_hot,150,42,6,7,12,0,none,none,1,-0.9968,0,526
2026-07-12,Cappuccino,beverage_hot,190,58,6,7,12,0,none,none,1,-0.9968,0,526
2026-07-12,Cafe Latte,beverage_hot,200,44,6,7,12,0,none,none,1,-0.9968,0,526
2026-07-12,Hot Chocolate,beverage_hot,180,28,6,7,12,0,none,none,1,-0.9968,0,526
2026-07-12,Cold Coffee,beverage_cold,220,44,6,7,12,0,none,none,1,-0.9968,0,526
2026-07-12,Iced Americano,beverage_cold,180,32,6,7,12,0,none,none,1,-0.9968,0,526
2026-07-12,Lassi,beverage_cold,120,39,6,7,12,0,none,none,1,-0.9968,0,526
2026-07-12,Fresh Lime Soda,beverage_cold,100,41,6,7,12,0,none,none,1,-0.9968,0,526
2026-07-12,Veg Momo,food_main,160,67,6,7,12,0,none,none,1,-0.9968,0,526
2026-07-12,Buff Momo,food_main,180,78,6,7,12,0,none,none,1,-0.9968,0,526
2026-07-12,Chicken Chowmein,food_main,190,53,6,7,12,0,none,none,1,-0.9968,0,526
2026-07-12,Veg Thukpa,food_main,170,25,6,7,12,0,none,none,1,-0.9968,0,526
2026-07-12,Club Sandwich,food_main,250,28,6,7,12,0,none,none,1,-0.9968,0,526
2026-07-12,Chicken Burger,food_main,280,29,6,7,12,0,none,none,1,-0.9968,0,526
2026-07-12,French Fries,food_snack,130,46,6,7,12,0,none,none,1,-0.9968,0,526
2026-07-12,Samosa,food_snack,40,40,6,7,12,0,none,none,1,-0.9968,0,526
2026-07-12,Chocolate Cake Slice,food_bakery,160,15,6,7,12,0,none,none,1,-0.9968,0,526
2026-07-12,Croissant,food_bakery,140,12,6,7,12,0,none,none,1,-0.9968,0,526
2026-07-13,Milk Tea (Dudh Chiya),beverage_hot,40,160,0,7,13,0,none,none,1,-0.9981,0,527
2026-07-13,Masala Chiya,beverage_hot,50,86,0,7,13,0,none,none,1,-0.9981,0,527
2026-07-13,Black Tea (Kalo Chiya),beverage_hot,30,37,0,7,13,0,none,none,1,-0.9981,0,527
2026-07-13,Americano,beverage_hot,150,50,0,7,13,0,none,none,1,-0.9981,0,527
2026-07-13,Cappuccino,beverage_hot,190,54,0,7,13,0,none,none,1,-0.9981,0,527
2026-07-13,Cafe Latte,beverage_hot,200,38,0,7,13,0,none,none,1,-0.9981,0,527
2026-07-13,Hot Chocolate,beverage_hot,180,37,0,7,13,0,none,none,1,-0.9981,0,527
2026-07-13,Cold Coffee,beverage_cold,220,56,0,7,13,0,none,none,1,-0.9981,0,527
2026-07-13,Iced Americano,beverage_cold,180,41,0,7,13,0,none,none,1,-0.9981,0,527
2026-07-13,Lassi,beverage_cold,120,34,0,7,13,0,none,none,1,-0.9981,0,527
2026-07-13,Fresh Lime Soda,beverage_cold,100,46,0,7,13,0,none,none,1,-0.9981,0,527
2026-07-13,Veg Momo,food_main,160,66,0,7,13,0,none,none,1,-0.9981,0,527
2026-07-13,Buff Momo,food_main,180,73,0,7,13,0,none,none,1,-0.9981,0,527
2026-07-13,Chicken Chowmein,food_main,190,53,0,7,13,0,none,none,1,-0.9981,0,527
2026-07-13,Veg Thukpa,food_main,170,36,0,7,13,0,none,none,1,-0.9981,0,527
2026-07-13,Club Sandwich,food_main,250,21,0,7,13,0,none,none,1,-0.9981,0,527
2026-07-13,Chicken Burger,food_main,280,23,0,7,13,0,none,none,1,-0.9981,0,527
2026-07-13,French Fries,food_snack,130,39,0,7,13,0,none,none,1,-0.9981,0,527
2026-07-13,Samosa,food_snack,40,36,0,7,13,0,none,none,1,-0.9981,0,527
2026-07-13,Chocolate Cake Slice,food_bakery,160,21,0,7,13,0,none,none,1,-0.9981,0,527
2026-07-13,Croissant,food_bakery,140,12,0,7,13,0,none,none,1,-0.9981,0,527
2026-07-14,Milk Tea (Dudh Chiya),beverage_hot,40,149,1,7,14,0,none,none,1,-0.999,0,528
2026-07-14,Masala Chiya,beverage_hot,50,98,1,7,14,0,none,none,1,-0.999,0,528
2026-07-14,Black Tea (Kalo Chiya),beverage_hot,30,44,1,7,14,0,none,none,1,-0.999,0,528
2026-07-14,Americano,beverage_hot,150,40,1,7,14,0,none,none,1,-0.999,0,528
2026-07-14,Cappuccino,beverage_hot,190,49,1,7,14,0,none,none,1,-0.999,0,528
2026-07-14,Cafe Latte,beverage_hot,200,32,1,7,14,0,none,none,1,-0.999,0,528
2026-07-14,Hot Chocolate,beverage_hot,180,24,1,7,14,0,none,none,1,-0.999,0,528
2026-07-14,Cold Coffee,beverage_cold,220,42,1,7,14,0,none,none,1,-0.999,0,528
2026-07-14,Iced Americano,beverage_cold,180,34,1,7,14,0,none,none,1,-0.999,0,528
2026-07-14,Lassi,beverage_cold,120,28,1,7,14,0,none,none,1,-0.999,0,528
2026-07-14,Fresh Lime Soda,beverage_cold,100,31,1,7,14,0,none,none,1,-0.999,0,528
2026-07-14,Veg Momo,food_main,160,66,1,7,14,0,none,none,1,-0.999,0,528
2026-07-14,Buff Momo,food_main,180,66,1,7,14,0,none,none,1,-0.999,0,528
2026-07-14,Chicken Chowmein,food_main,190,54,1,7,14,0,none,none,1,-0.999,0,528
2026-07-14,Veg Thukpa,food_main,170,29,1,7,14,0,none,none,1,-0.999,0,528
2026-07-14,Club Sandwich,food_main,250,30,1,7,14,0,none,none,1,-0.999,0,528
2026-07-14,Chicken Burger,food_main,280,27,1,7,14,0,none,none,1,-0.999,0,528
2026-07-14,French Fries,food_snack,130,41,1,7,14,0,none,none,1,-0.999,0,528
2026-07-14,Samosa,food_snack,40,42,1,7,14,0,none,none,1,-0.999,0,528
2026-07-14,Chocolate Cake Slice,food_bakery,160,12,1,7,14,0,none,none,1,-0.999,0,528
2026-07-14,Croissant,food_bakery,140,13,1,7,14,0,none,none,1,-0.999,0,528
2026-07-15,Milk Tea (Dudh Chiya),beverage_hot,40,163,2,7,15,0,none,none,1,-0.9996,0,529
2026-07-15,Masala Chiya,beverage_hot,50,91,2,7,15,0,none,none,1,-0.9996,0,529
2026-07-15,Black Tea (Kalo Chiya),beverage_hot,30,37,2,7,15,0,none,none,1,-0.9996,0,529
2026-07-15,Americano,beverage_hot,150,50,2,7,15,0,none,none,1,-0.9996,0,529
2026-07-15,Cappuccino,beverage_hot,190,58,2,7,15,0,none,none,1,-0.9996,0,529
2026-07-15,Cafe Latte,beverage_hot,200,57,2,7,15,0,none,none,1,-0.9996,0,529
2026-07-15,Hot Chocolate,beverage_hot,180,19,2,7,15,0,none,none,1,-0.9996,0,529
2026-07-15,Cold Coffee,beverage_cold,220,39,2,7,15,0,none,none,1,-0.9996,0,529
2026-07-15,Iced Americano,beverage_cold,180,29,2,7,15,0,none,none,1,-0.9996,0,529
2026-07-15,Lassi,beverage_cold,120,28,2,7,15,0,none,none,1,-0.9996,0,529
2026-07-15,Fresh Lime Soda,beverage_cold,100,36,2,7,15,0,none,none,1,-0.9996,0,529
2026-07-15,Veg Momo,food_main,160,59,2,7,15,0,none,none,1,-0.9996,0,529
2026-07-15,Buff Momo,food_main,180,81,2,7,15,0,none,none,1,-0.9996,0,529
2026-07-15,Chicken Chowmein,food_main,190,54,2,7,15,0,none,none,1,-0.9996,0,529
2026-07-15,Veg Thukpa,food_main,170,25,2,7,15,0,none,none,1,-0.9996,0,529
2026-07-15,Club Sandwich,food_main,250,33,2,7,15,0,none,none,1,-0.9996,0,529
2026-07-15,Chicken Burger,food_main,280,35,2,7,15,0,none,none,1,-0.9996,0,529
2026-07-15,French Fries,food_snack,130,32,2,7,15,0,none,none,1,-0.9996,0,529
2026-07-15,Samosa,food_snack,40,31,2,7,15,0,none,none,1,-0.9996,0,529
2026-07-15,Chocolate Cake Slice,food_bakery,160,14,2,7,15,0,none,none,1,-0.9996,0,529
2026-07-15,Croissant,food_bakery,140,11,2,7,15,0,none,none,1,-0.9996,0,529
2026-07-16,Milk Tea (Dudh Chiya),beverage_hot,40,143,3,7,16,0,none,none,1,-0.9999,0,530
2026-07-16,Masala Chiya,beverage_hot,50,116,3,7,16,0,none,none,1,-0.9999,0,530
2026-07-16,Black Tea (Kalo Chiya),beverage_hot,30,42,3,7,16,0,none,none,1,-0.9999,0,530
2026-07-16,Americano,beverage_hot,150,47,3,7,16,0,none,none,1,-0.9999,0,530
2026-07-16,Cappuccino,beverage_hot,190,58,3,7,16,0,none,none,1,-0.9999,0,530
2026-07-16,Cafe Latte,beverage_hot,200,50,3,7,16,0,none,none,1,-0.9999,0,530
2026-07-16,Hot Chocolate,beverage_hot,180,34,3,7,16,0,none,none,1,-0.9999,0,530
2026-07-16,Cold Coffee,beverage_cold,220,39,3,7,16,0,none,none,1,-0.9999,0,530
2026-07-16,Iced Americano,beverage_cold,180,39,3,7,16,0,none,none,1,-0.9999,0,530
2026-07-16,Lassi,beverage_cold,120,36,3,7,16,0,none,none,1,-0.9999,0,530
2026-07-16,Fresh Lime Soda,beverage_cold,100,46,3,7,16,0,none,none,1,-0.9999,0,530
2026-07-16,Veg Momo,food_main,160,60,3,7,16,0,none,none,1,-0.9999,0,530
2026-07-16,Buff Momo,food_main,180,78,3,7,16,0,none,none,1,-0.9999,0,530
2026-07-16,Chicken Chowmein,food_main,190,58,3,7,16,0,none,none,1,-0.9999,0,530
2026-07-16,Veg Thukpa,food_main,170,33,3,7,16,0,none,none,1,-0.9999,0,530
2026-07-16,Club Sandwich,food_main,250,32,3,7,16,0,none,none,1,-0.9999,0,530
2026-07-16,Chicken Burger,food_main,280,25,3,7,16,0,none,none,1,-0.9999,0,530
2026-07-16,French Fries,food_snack,130,41,3,7,16,0,none,none,1,-0.9999,0,530
2026-07-16,Samosa,food_snack,40,37,3,7,16,0,none,none,1,-0.9999,0,530
2026-07-16,Chocolate Cake Slice,food_bakery,160,16,3,7,16,0,none,none,1,-0.9999,0,530
2026-07-16,Croissant,food_bakery,140,15,3,7,16,0,none,none,1,-0.9999,0,530
2026-07-17,Milk Tea (Dudh Chiya),beverage_hot,40,167,4,7,17,0,none,none,1,-1.0,0,531
2026-07-17,Masala Chiya,beverage_hot,50,89,4,7,17,0,none,none,1,-1.0,0,531
2026-07-17,Black Tea (Kalo Chiya),beverage_hot,30,26,4,7,17,0,none,none,1,-1.0,0,531
2026-07-17,Americano,beverage_hot,150,42,4,7,17,0,none,none,1,-1.0,0,531
2026-07-17,Cappuccino,beverage_hot,190,64,4,7,17,0,none,none,1,-1.0,0,531
2026-07-17,Cafe Latte,beverage_hot,200,45,4,7,17,0,none,none,1,-1.0,0,531
2026-07-17,Hot Chocolate,beverage_hot,180,21,4,7,17,0,none,none,1,-1.0,0,531
2026-07-17,Cold Coffee,beverage_cold,220,47,4,7,17,0,none,none,1,-1.0,0,531
2026-07-17,Iced Americano,beverage_cold,180,35,4,7,17,0,none,none,1,-1.0,0,531
2026-07-17,Lassi,beverage_cold,120,37,4,7,17,0,none,none,1,-1.0,0,531
2026-07-17,Fresh Lime Soda,beverage_cold,100,37,4,7,17,0,none,none,1,-1.0,0,531
2026-07-17,Veg Momo,food_main,160,78,4,7,17,0,none,none,1,-1.0,0,531
2026-07-17,Buff Momo,food_main,180,78,4,7,17,0,none,none,1,-1.0,0,531
2026-07-17,Chicken Chowmein,food_main,190,40,4,7,17,0,none,none,1,-1.0,0,531
2026-07-17,Veg Thukpa,food_main,170,24,4,7,17,0,none,none,1,-1.0,0,531
2026-07-17,Club Sandwich,food_main,250,20,4,7,17,0,none,none,1,-1.0,0,531
2026-07-17,Chicken Burger,food_main,280,23,4,7,17,0,none,none,1,-1.0,0,531
2026-07-17,French Fries,food_snack,130,40,4,7,17,0,none,none,1,-1.0,0,531
2026-07-17,Samosa,food_snack,40,35,4,7,17,0,none,none,1,-1.0,0,531
2026-07-17,Chocolate Cake Slice,food_bakery,160,25,4,7,17,0,none,none,1,-1.0,0,531
2026-07-17,Croissant,food_bakery,140,7,4,7,17,0,none,none,1,-1.0,0,531
2026-07-18,Milk Tea (Dudh Chiya),beverage_hot,40,215,5,7,18,1,none,none,1,-0.9997,0,532
2026-07-18,Masala Chiya,beverage_hot,50,126,5,7,18,1,none,none,1,-0.9997,0,532
2026-07-18,Black Tea (Kalo Chiya),beverage_hot,30,70,5,7,18,1,none,none,1,-0.9997,0,532
2026-07-18,Americano,beverage_hot,150,64,5,7,18,1,none,none,1,-0.9997,0,532
2026-07-18,Cappuccino,beverage_hot,190,76,5,7,18,1,none,none,1,-0.9997,0,532
2026-07-18,Cafe Latte,beverage_hot,200,76,5,7,18,1,none,none,1,-0.9997,0,532
2026-07-18,Hot Chocolate,beverage_hot,180,22,5,7,18,1,none,none,1,-0.9997,0,532
2026-07-18,Cold Coffee,beverage_cold,220,62,5,7,18,1,none,none,1,-0.9997,0,532
2026-07-18,Iced Americano,beverage_cold,180,45,5,7,18,1,none,none,1,-0.9997,0,532
2026-07-18,Lassi,beverage_cold,120,52,5,7,18,1,none,none,1,-0.9997,0,532
2026-07-18,Fresh Lime Soda,beverage_cold,100,62,5,7,18,1,none,none,1,-0.9997,0,532
2026-07-18,Veg Momo,food_main,160,92,5,7,18,1,none,none,1,-0.9997,0,532
2026-07-18,Buff Momo,food_main,180,118,5,7,18,1,none,none,1,-0.9997,0,532
2026-07-18,Chicken Chowmein,food_main,190,65,5,7,18,1,none,none,1,-0.9997,0,532
2026-07-18,Veg Thukpa,food_main,170,38,5,7,18,1,none,none,1,-0.9997,0,532
2026-07-18,Club Sandwich,food_main,250,46,5,7,18,1,none,none,1,-0.9997,0,532
2026-07-18,Chicken Burger,food_main,280,37,5,7,18,1,none,none,1,-0.9997,0,532
2026-07-18,French Fries,food_snack,130,58,5,7,18,1,none,none,1,-0.9997,0,532
2026-07-18,Samosa,food_snack,40,39,5,7,18,1,none,none,1,-0.9997,0,532
2026-07-18,Chocolate Cake Slice,food_bakery,160,32,5,7,18,1,none,none,1,-0.9997,0,532
2026-07-18,Croissant,food_bakery,140,23,5,7,18,1,none,none,1,-0.9997,0,532
2026-07-19,Milk Tea (Dudh Chiya),beverage_hot,40,120,6,7,19,0,none,none,1,-0.9992,0,533
2026-07-19,Masala Chiya,beverage_hot,50,105,6,7,19,0,none,none,1,-0.9992,0,533
2026-07-19,Black Tea (Kalo Chiya),beverage_hot,30,43,6,7,19,0,none,none,1,-0.9992,0,533
2026-07-19,Americano,beverage_hot,150,40,6,7,19,0,none,none,1,-0.9992,0,533
2026-07-19,Cappuccino,beverage_hot,190,52,6,7,19,0,none,none,1,-0.9992,0,533
2026-07-19,Cafe Latte,beverage_hot,200,55,6,7,19,0,none,none,1,-0.9992,0,533
2026-07-19,Hot Chocolate,beverage_hot,180,30,6,7,19,0,none,none,1,-0.9992,0,533
2026-07-19,Cold Coffee,beverage_cold,220,40,6,7,19,0,none,none,1,-0.9992,0,533
2026-07-19,Iced Americano,beverage_cold,180,37,6,7,19,0,none,none,1,-0.9992,0,533
2026-07-19,Lassi,beverage_cold,120,21,6,7,19,0,none,none,1,-0.9992,0,533
2026-07-19,Fresh Lime Soda,beverage_cold,100,35,6,7,19,0,none,none,1,-0.9992,0,533
2026-07-19,Veg Momo,food_main,160,49,6,7,19,0,none,none,1,-0.9992,0,533
2026-07-19,Buff Momo,food_main,180,66,6,7,19,0,none,none,1,-0.9992,0,533
2026-07-19,Chicken Chowmein,food_main,190,40,6,7,19,0,none,none,1,-0.9992,0,533
2026-07-19,Veg Thukpa,food_main,170,24,6,7,19,0,none,none,1,-0.9992,0,533
2026-07-19,Club Sandwich,food_main,250,24,6,7,19,0,none,none,1,-0.9992,0,533
2026-07-19,Chicken Burger,food_main,280,24,6,7,19,0,none,none,1,-0.9992,0,533
2026-07-19,French Fries,food_snack,130,43,6,7,19,0,none,none,1,-0.9992,0,533
2026-07-19,Samosa,food_snack,40,28,6,7,19,0,none,none,1,-0.9992,0,533
2026-07-19,Chocolate Cake Slice,food_bakery,160,13,6,7,19,0,none,none,1,-0.9992,0,533
2026-07-19,Croissant,food_bakery,140,9,6,7,19,0,none,none,1,-0.9992,0,533
2026-07-20,Milk Tea (Dudh Chiya),beverage_hot,40,137,0,7,20,0,none,none,1,-0.9983,0,534
2026-07-20,Masala Chiya,beverage_hot,50,89,0,7,20,0,none,none,1,-0.9983,0,534
2026-07-20,Black Tea (Kalo Chiya),beverage_hot,30,39,0,7,20,0,none,none,1,-0.9983,0,534
2026-07-20,Americano,beverage_hot,150,42,0,7,20,0,none,none,1,-0.9983,0,534
2026-07-20,Cappuccino,beverage_hot,190,55,0,7,20,0,none,none,1,-0.9983,0,534
2026-07-20,Cafe Latte,beverage_hot,200,50,0,7,20,0,none,none,1,-0.9983,0,534
2026-07-20,Hot Chocolate,beverage_hot,180,28,0,7,20,0,none,none,1,-0.9983,0,534
2026-07-20,Cold Coffee,beverage_cold,220,43,0,7,20,0,none,none,1,-0.9983,0,534
2026-07-20,Iced Americano,beverage_cold,180,36,0,7,20,0,none,none,1,-0.9983,0,534
2026-07-20,Lassi,beverage_cold,120,35,0,7,20,0,none,none,1,-0.9983,0,534
2026-07-20,Fresh Lime Soda,beverage_cold,100,43,0,7,20,0,none,none,1,-0.9983,0,534
2026-07-20,Veg Momo,food_main,160,58,0,7,20,0,none,none,1,-0.9983,0,534
2026-07-20,Buff Momo,food_main,180,69,0,7,20,0,none,none,1,-0.9983,0,534
2026-07-20,Chicken Chowmein,food_main,190,44,0,7,20,0,none,none,1,-0.9983,0,534
2026-07-20,Veg Thukpa,food_main,170,21,0,7,20,0,none,none,1,-0.9983,0,534
2026-07-20,Club Sandwich,food_main,250,24,0,7,20,0,none,none,1,-0.9983,0,534
2026-07-20,Chicken Burger,food_main,280,20,0,7,20,0,none,none,1,-0.9983,0,534
2026-07-20,French Fries,food_snack,130,38,0,7,20,0,none,none,1,-0.9983,0,534
2026-07-20,Samosa,food_snack,40,32,0,7,20,0,none,none,1,-0.9983,0,534
2026-07-20,Chocolate Cake Slice,food_bakery,160,14,0,7,20,0,none,none,1,-0.9983,0,534
2026-07-20,Croissant,food_bakery,140,15,0,7,20,0,none,none,1,-0.9983,0,534
2026-07-21,Milk Tea (Dudh Chiya),beverage_hot,40,173,1,7,21,0,none,none,1,-0.9972,0,535
2026-07-21,Masala Chiya,beverage_hot,50,104,1,7,21,0,none,none,1,-0.9972,0,535
2026-07-21,Black Tea (Kalo Chiya),beverage_hot,30,43,1,7,21,0,none,none,1,-0.9972,0,535
2026-07-21,Americano,beverage_hot,150,47,1,7,21,0,none,none,1,-0.9972,0,535
2026-07-21,Cappuccino,beverage_hot,190,60,1,7,21,0,none,none,1,-0.9972,0,535
2026-07-21,Cafe Latte,beverage_hot,200,48,1,7,21,0,none,none,1,-0.9972,0,535
2026-07-21,Hot Chocolate,beverage_hot,180,34,1,7,21,0,none,none,1,-0.9972,0,535
2026-07-21,Cold Coffee,beverage_cold,220,46,1,7,21,0,none,none,1,-0.9972,0,535
2026-07-21,Iced Americano,beverage_cold,180,30,1,7,21,0,none,none,1,-0.9972,0,535
2026-07-21,Lassi,beverage_cold,120,38,1,7,21,0,none,none,1,-0.9972,0,535
2026-07-21,Fresh Lime Soda,beverage_cold,100,37,1,7,21,0,none,none,1,-0.9972,0,535
2026-07-21,Veg Momo,food_main,160,64,1,7,21,0,none,none,1,-0.9972,0,535
2026-07-21,Buff Momo,food_main,180,81,1,7,21,0,none,none,1,-0.9972,0,535
2026-07-21,Chicken Chowmein,food_main,190,47,1,7,21,0,none,none,1,-0.9972,0,535
2026-07-21,Veg Thukpa,food_main,170,30,1,7,21,0,none,none,1,-0.9972,0,535
2026-07-21,Club Sandwich,food_main,250,28,1,7,21,0,none,none,1,-0.9972,0,535
2026-07-21,Chicken Burger,food_main,280,27,1,7,21,0,none,none,1,-0.9972,0,535
2026-07-21,French Fries,food_snack,130,41,1,7,21,0,none,none,1,-0.9972,0,535
2026-07-21,Samosa,food_snack,40,29,1,7,21,0,none,none,1,-0.9972,0,535
2026-07-21,Chocolate Cake Slice,food_bakery,160,17,1,7,21,0,none,none,1,-0.9972,0,535
2026-07-21,Croissant,food_bakery,140,12,1,7,21,0,none,none,1,-0.9972,0,535
2026-07-22,Milk Tea (Dudh Chiya),beverage_hot,40,156,2,7,22,0,none,none,1,-0.9957,0,536
2026-07-22,Masala Chiya,beverage_hot,50,94,2,7,22,0,none,none,1,-0.9957,0,536
2026-07-22,Black Tea (Kalo Chiya),beverage_hot,30,39,2,7,22,0,none,none,1,-0.9957,0,536
2026-07-22,Americano,beverage_hot,150,32,2,7,22,0,none,none,1,-0.9957,0,536
2026-07-22,Cappuccino,beverage_hot,190,70,2,7,22,0,none,none,1,-0.9957,0,536
2026-07-22,Cafe Latte,beverage_hot,200,58,2,7,22,0,none,none,1,-0.9957,0,536
2026-07-22,Hot Chocolate,beverage_hot,180,22,2,7,22,0,none,none,1,-0.9957,0,536
2026-07-22,Cold Coffee,beverage_cold,220,55,2,7,22,0,none,none,1,-0.9957,0,536
2026-07-22,Iced Americano,beverage_cold,180,33,2,7,22,0,none,none,1,-0.9957,0,536
2026-07-22,Lassi,beverage_cold,120,53,2,7,22,0,none,none,1,-0.9957,0,536
2026-07-22,Fresh Lime Soda,beverage_cold,100,50,2,7,22,0,none,none,1,-0.9957,0,536
2026-07-22,Veg Momo,food_main,160,72,2,7,22,0,none,none,1,-0.9957,0,536
2026-07-22,Buff Momo,food_main,180,77,2,7,22,0,none,none,1,-0.9957,0,536
2026-07-22,Chicken Chowmein,food_main,190,50,2,7,22,0,none,none,1,-0.9957,0,536
2026-07-22,Veg Thukpa,food_main,170,18,2,7,22,0,none,none,1,-0.9957,0,536
2026-07-22,Club Sandwich,food_main,250,32,2,7,22,0,none,none,1,-0.9957,0,536
2026-07-22,Chicken Burger,food_main,280,32,2,7,22,0,none,none,1,-0.9957,0,536
2026-07-22,French Fries,food_snack,130,46,2,7,22,0,none,none,1,-0.9957,0,536
2026-07-22,Samosa,food_snack,40,37,2,7,22,0,none,none,1,-0.9957,0,536
2026-07-22,Chocolate Cake Slice,food_bakery,160,18,2,7,22,0,none,none,1,-0.9957,0,536
2026-07-22,Croissant,food_bakery,140,20,2,7,22,0,none,none,1,-0.9957,0,536
2026-07-23,Milk Tea (Dudh Chiya),beverage_hot,40,183,3,7,23,0,none,none,1,-0.994,0,537
2026-07-23,Masala Chiya,beverage_hot,50,124,3,7,23,0,none,none,1,-0.994,0,537
2026-07-23,Black Tea (Kalo Chiya),beverage_hot,30,52,3,7,23,0,none,none,1,-0.994,0,537
2026-07-23,Americano,beverage_hot,150,46,3,7,23,0,none,none,1,-0.994,0,537
2026-07-23,Cappuccino,beverage_hot,190,55,3,7,23,0,none,none,1,-0.994,0,537
2026-07-23,Cafe Latte,beverage_hot,200,54,3,7,23,0,none,none,1,-0.994,0,537
2026-07-23,Hot Chocolate,beverage_hot,180,25,3,7,23,0,none,none,1,-0.994,0,537
2026-07-23,Cold Coffee,beverage_cold,220,48,3,7,23,0,none,none,1,-0.994,0,537
2026-07-23,Iced Americano,beverage_cold,180,44,3,7,23,0,none,none,1,-0.994,0,537
2026-07-23,Lassi,beverage_cold,120,52,3,7,23,0,none,none,1,-0.994,0,537
2026-07-23,Fresh Lime Soda,beverage_cold,100,46,3,7,23,0,none,none,1,-0.994,0,537
2026-07-23,Veg Momo,food_main,160,80,3,7,23,0,none,none,1,-0.994,0,537
2026-07-23,Buff Momo,food_main,180,67,3,7,23,0,none,none,1,-0.994,0,537
2026-07-23,Chicken Chowmein,food_main,190,55,3,7,23,0,none,none,1,-0.994,0,537
2026-07-23,Veg Thukpa,food_main,170,28,3,7,23,0,none,none,1,-0.994,0,537
2026-07-23,Club Sandwich,food_main,250,30,3,7,23,0,none,none,1,-0.994,0,537
2026-07-23,Chicken Burger,food_main,280,31,3,7,23,0,none,none,1,-0.994,0,537
2026-07-23,French Fries,food_snack,130,38,3,7,23,0,none,none,1,-0.994,0,537
2026-07-23,Samosa,food_snack,40,42,3,7,23,0,none,none,1,-0.994,0,537
2026-07-23,Chocolate Cake Slice,food_bakery,160,20,3,7,23,0,none,none,1,-0.994,0,537
2026-07-23,Croissant,food_bakery,140,14,3,7,23,0,none,none,1,-0.994,0,537
2026-07-24,Milk Tea (Dudh Chiya),beverage_hot,40,167,4,7,24,0,none,none,1,-0.992,0,538
2026-07-24,Masala Chiya,beverage_hot,50,105,4,7,24,0,none,none,1,-0.992,0,538
2026-07-24,Black Tea (Kalo Chiya),beverage_hot,30,68,4,7,24,0,none,none,1,-0.992,0,538
2026-07-24,Americano,beverage_hot,150,64,4,7,24,0,none,none,1,-0.992,0,538
2026-07-24,Cappuccino,beverage_hot,190,55,4,7,24,0,none,none,1,-0.992,0,538
2026-07-24,Cafe Latte,beverage_hot,200,63,4,7,24,0,none,none,1,-0.992,0,538
2026-07-24,Hot Chocolate,beverage_hot,180,25,4,7,24,0,none,none,1,-0.992,0,538
2026-07-24,Cold Coffee,beverage_cold,220,60,4,7,24,0,none,none,1,-0.992,0,538
2026-07-24,Iced Americano,beverage_cold,180,45,4,7,24,0,none,none,1,-0.992,0,538
2026-07-24,Lassi,beverage_cold,120,40,4,7,24,0,none,none,1,-0.992,0,538
2026-07-24,Fresh Lime Soda,beverage_cold,100,46,4,7,24,0,none,none,1,-0.992,0,538
2026-07-24,Veg Momo,food_main,160,68,4,7,24,0,none,none,1,-0.992,0,538
2026-07-24,Buff Momo,food_main,180,76,4,7,24,0,none,none,1,-0.992,0,538
2026-07-24,Chicken Chowmein,food_main,190,57,4,7,24,0,none,none,1,-0.992,0,538
2026-07-24,Veg Thukpa,food_main,170,37,4,7,24,0,none,none,1,-0.992,0,538
2026-07-24,Club Sandwich,food_main,250,36,4,7,24,0,none,none,1,-0.992,0,538
2026-07-24,Chicken Burger,food_main,280,32,4,7,24,0,none,none,1,-0.992,0,538
2026-07-24,French Fries,food_snack,130,56,4,7,24,0,none,none,1,-0.992,0,538
2026-07-24,Samosa,food_snack,40,47,4,7,24,0,none,none,1,-0.992,0,538
2026-07-24,Chocolate Cake Slice,food_bakery,160,34,4,7,24,0,none,none,1,-0.992,0,538
2026-07-24,Croissant,food_bakery,140,22,4,7,24,0,none,none,1,-0.992,0,538
2026-07-25,Milk Tea (Dudh Chiya),beverage_hot,40,203,5,7,25,1,none,none,1,-0.9896,0,539
2026-07-25,Masala Chiya,beverage_hot,50,151,5,7,25,1,none,none,1,-0.9896,0,539
2026-07-25,Black Tea (Kalo Chiya),beverage_hot,30,74,5,7,25,1,none,none,1,-0.9896,0,539
2026-07-25,Americano,beverage_hot,150,68,5,7,25,1,none,none,1,-0.9896,0,539
2026-07-25,Cappuccino,beverage_hot,190,78,5,7,25,1,none,none,1,-0.9896,0,539
2026-07-25,Cafe Latte,beverage_hot,200,77,5,7,25,1,none,none,1,-0.9896,0,539
2026-07-25,Hot Chocolate,beverage_hot,180,43,5,7,25,1,none,none,1,-0.9896,0,539
2026-07-25,Cold Coffee,beverage_cold,220,55,5,7,25,1,none,none,1,-0.9896,0,539
2026-07-25,Iced Americano,beverage_cold,180,50,5,7,25,1,none,none,1,-0.9896,0,539
2026-07-25,Lassi,beverage_cold,120,45,5,7,25,1,none,none,1,-0.9896,0,539
2026-07-25,Fresh Lime Soda,beverage_cold,100,64,5,7,25,1,none,none,1,-0.9896,0,539
2026-07-25,Veg Momo,food_main,160,74,5,7,25,1,none,none,1,-0.9896,0,539
2026-07-25,Buff Momo,food_main,180,84,5,7,25,1,none,none,1,-0.9896,0,539
2026-07-25,Chicken Chowmein,food_main,190,69,5,7,25,1,none,none,1,-0.9896,0,539
2026-07-25,Veg Thukpa,food_main,170,29,5,7,25,1,none,none,1,-0.9896,0,539
2026-07-25,Club Sandwich,food_main,250,46,5,7,25,1,none,none,1,-0.9896,0,539
2026-07-25,Chicken Burger,food_main,280,27,5,7,25,1,none,none,1,-0.9896,0,539
2026-07-25,French Fries,food_snack,130,71,5,7,25,1,none,none,1,-0.9896,0,539
2026-07-25,Samosa,food_snack,40,55,5,7,25,1,none,none,1,-0.9896,0,539
2026-07-25,Chocolate Cake Slice,food_bakery,160,30,5,7,25,1,none,none,1,-0.9896,0,539
2026-07-25,Croissant,food_bakery,140,24,5,7,25,1,none,none,1,-0.9896,0,539
2026-07-26,Milk Tea (Dudh Chiya),beverage_hot,40,106,6,7,26,0,none,none,1,-0.987,0,540
2026-07-26,Masala Chiya,beverage_hot,50,76,6,7,26,0,none,none,1,-0.987,0,540
2026-07-26,Black Tea (Kalo Chiya),beverage_hot,30,46,6,7,26,0,none,none,1,-0.987,0,540
2026-07-26,Americano,beverage_hot,150,41,6,7,26,0,none,none,1,-0.987,0,540
2026-07-26,Cappuccino,beverage_hot,190,42,6,7,26,0,none,none,1,-0.987,0,540
2026-07-26,Cafe Latte,beverage_hot,200,41,6,7,26,0,none,none,1,-0.987,0,540
2026-07-26,Hot Chocolate,beverage_hot,180,29,6,7,26,0,none,none,1,-0.987,0,540
2026-07-26,Cold Coffee,beverage_cold,220,38,6,7,26,0,none,none,1,-0.987,0,540
2026-07-26,Iced Americano,beverage_cold,180,35,6,7,26,0,none,none,1,-0.987,0,540
2026-07-26,Lassi,beverage_cold,120,31,6,7,26,0,none,none,1,-0.987,0,540
2026-07-26,Fresh Lime Soda,beverage_cold,100,33,6,7,26,0,none,none,1,-0.987,0,540
2026-07-26,Veg Momo,food_main,160,58,6,7,26,0,none,none,1,-0.987,0,540
2026-07-26,Buff Momo,food_main,180,63,6,7,26,0,none,none,1,-0.987,0,540
2026-07-26,Chicken Chowmein,food_main,190,40,6,7,26,0,none,none,1,-0.987,0,540
2026-07-26,Veg Thukpa,food_main,170,22,6,7,26,0,none,none,1,-0.987,0,540
2026-07-26,Club Sandwich,food_main,250,20,6,7,26,0,none,none,1,-0.987,0,540
2026-07-26,Chicken Burger,food_main,280,16,6,7,26,0,none,none,1,-0.987,0,540
2026-07-26,French Fries,food_snack,130,42,6,7,26,0,none,none,1,-0.987,0,540
2026-07-26,Samosa,food_snack,40,31,6,7,26,0,none,none,1,-0.987,0,540
2026-07-26,Chocolate Cake Slice,food_bakery,160,7,6,7,26,0,none,none,1,-0.987,0,540
2026-07-26,Croissant,food_bakery,140,11,6,7,26,0,none,none,1,-0.987,0,540
2026-07-27,Milk Tea (Dudh Chiya),beverage_hot,40,146,0,7,27,0,none,none,1,-0.9841,0,541
2026-07-27,Masala Chiya,beverage_hot,50,94,0,7,27,0,none,none,1,-0.9841,0,541
2026-07-27,Black Tea (Kalo Chiya),beverage_hot,30,59,0,7,27,0,none,none,1,-0.9841,0,541
2026-07-27,Americano,beverage_hot,150,42,0,7,27,0,none,none,1,-0.9841,0,541
2026-07-27,Cappuccino,beverage_hot,190,51,0,7,27,0,none,none,1,-0.9841,0,541
2026-07-27,Cafe Latte,beverage_hot,200,54,0,7,27,0,none,none,1,-0.9841,0,541
2026-07-27,Hot Chocolate,beverage_hot,180,21,0,7,27,0,none,none,1,-0.9841,0,541
2026-07-27,Cold Coffee,beverage_cold,220,52,0,7,27,0,none,none,1,-0.9841,0,541
2026-07-27,Iced Americano,beverage_cold,180,32,0,7,27,0,none,none,1,-0.9841,0,541
2026-07-27,Lassi,beverage_cold,120,29,0,7,27,0,none,none,1,-0.9841,0,541
2026-07-27,Fresh Lime Soda,beverage_cold,100,43,0,7,27,0,none,none,1,-0.9841,0,541
2026-07-27,Veg Momo,food_main,160,59,0,7,27,0,none,none,1,-0.9841,0,541
2026-07-27,Buff Momo,food_main,180,80,0,7,27,0,none,none,1,-0.9841,0,541
2026-07-27,Chicken Chowmein,food_main,190,56,0,7,27,0,none,none,1,-0.9841,0,541
2026-07-27,Veg Thukpa,food_main,170,29,0,7,27,0,none,none,1,-0.9841,0,541
2026-07-27,Club Sandwich,food_main,250,26,0,7,27,0,none,none,1,-0.9841,0,541
2026-07-27,Chicken Burger,food_main,280,31,0,7,27,0,none,none,1,-0.9841,0,541
2026-07-27,French Fries,food_snack,130,42,0,7,27,0,none,none,1,-0.9841,0,541
2026-07-27,Samosa,food_snack,40,37,0,7,27,0,none,none,1,-0.9841,0,541
2026-07-27,Chocolate Cake Slice,food_bakery,160,10,0,7,27,0,none,none,1,-0.9841,0,541
2026-07-27,Croissant,food_bakery,140,11,0,7,27,0,none,none,1,-0.9841,0,541
2026-07-28,Milk Tea (Dudh Chiya),beverage_hot,40,103,1,7,28,0,none,none,1,-0.9809,0,542
2026-07-28,Masala Chiya,beverage_hot,50,73,1,7,28,0,none,none,1,-0.9809,0,542
2026-07-28,Black Tea (Kalo Chiya),beverage_hot,30,34,1,7,28,0,none,none,1,-0.9809,0,542
2026-07-28,Americano,beverage_hot,150,36,1,7,28,0,none,none,1,-0.9809,0,542
2026-07-28,Cappuccino,beverage_hot,190,49,1,7,28,0,none,none,1,-0.9809,0,542
2026-07-28,Cafe Latte,beverage_hot,200,32,1,7,28,0,none,none,1,-0.9809,0,542
2026-07-28,Hot Chocolate,beverage_hot,180,31,1,7,28,0,none,none,1,-0.9809,0,542
2026-07-28,Cold Coffee,beverage_cold,220,29,1,7,28,0,none,none,1,-0.9809,0,542
2026-07-28,Iced Americano,beverage_cold,180,21,1,7,28,0,none,none,1,-0.9809,0,542
2026-07-28,Lassi,beverage_cold,120,29,1,7,28,0,none,none,1,-0.9809,0,542
2026-07-28,Fresh Lime Soda,beverage_cold,100,35,1,7,28,0,none,none,1,-0.9809,0,542
2026-07-28,Veg Momo,food_main,160,58,1,7,28,0,none,none,1,-0.9809,0,542
2026-07-28,Buff Momo,food_main,180,47,1,7,28,0,none,none,1,-0.9809,0,542
2026-07-28,Chicken Chowmein,food_main,190,33,1,7,28,0,none,none,1,-0.9809,0,542
2026-07-28,Veg Thukpa,food_main,170,21,1,7,28,0,none,none,1,-0.9809,0,542
2026-07-28,Club Sandwich,food_main,250,25,1,7,28,0,none,none,1,-0.9809,0,542
2026-07-28,Chicken Burger,food_main,280,26,1,7,28,0,none,none,1,-0.9809,0,542
2026-07-28,French Fries,food_snack,130,28,1,7,28,0,none,none,1,-0.9809,0,542
2026-07-28,Samosa,food_snack,40,26,1,7,28,0,none,none,1,-0.9809,0,542
2026-07-28,Chocolate Cake Slice,food_bakery,160,10,1,7,28,0,none,none,1,-0.9809,0,542
2026-07-28,Croissant,food_bakery,140,9,1,7,28,0,none,none,1,-0.9809,0,542
2026-07-29,Milk Tea (Dudh Chiya),beverage_hot,40,157,2,7,29,0,none,none,1,-0.9774,0,543
2026-07-29,Masala Chiya,beverage_hot,50,108,2,7,29,0,none,none,1,-0.9774,0,543
2026-07-29,Black Tea (Kalo Chiya),beverage_hot,30,57,2,7,29,0,none,none,1,-0.9774,0,543
2026-07-29,Americano,beverage_hot,150,42,2,7,29,0,none,none,1,-0.9774,0,543
2026-07-29,Cappuccino,beverage_hot,190,65,2,7,29,0,none,none,1,-0.9774,0,543
2026-07-29,Cafe Latte,beverage_hot,200,52,2,7,29,0,none,none,1,-0.9774,0,543
2026-07-29,Hot Chocolate,beverage_hot,180,36,2,7,29,0,none,none,1,-0.9774,0,543
2026-07-29,Cold Coffee,beverage_cold,220,43,2,7,29,0,none,none,1,-0.9774,0,543
2026-07-29,Iced Americano,beverage_cold,180,43,2,7,29,0,none,none,1,-0.9774,0,543
2026-07-29,Lassi,beverage_cold,120,39,2,7,29,0,none,none,1,-0.9774,0,543
2026-07-29,Fresh Lime Soda,beverage_cold,100,47,2,7,29,0,none,none,1,-0.9774,0,543
2026-07-29,Veg Momo,food_main,160,71,2,7,29,0,none,none,1,-0.9774,0,543
2026-07-29,Buff Momo,food_main,180,83,2,7,29,0,none,none,1,-0.9774,0,543
2026-07-29,Chicken Chowmein,food_main,190,45,2,7,29,0,none,none,1,-0.9774,0,543
2026-07-29,Veg Thukpa,food_main,170,25,2,7,29,0,none,none,1,-0.9774,0,543
2026-07-29,Club Sandwich,food_main,250,24,2,7,29,0,none,none,1,-0.9774,0,543
2026-07-29,Chicken Burger,food_main,280,26,2,7,29,0,none,none,1,-0.9774,0,543
2026-07-29,French Fries,food_snack,130,52,2,7,29,0,none,none,1,-0.9774,0,543
2026-07-29,Samosa,food_snack,40,42,2,7,29,0,none,none,1,-0.9774,0,543
2026-07-29,Chocolate Cake Slice,food_bakery,160,24,2,7,29,0,none,none,1,-0.9774,0,543
2026-07-29,Croissant,food_bakery,140,20,2,7,29,0,none,none,1,-0.9774,0,543
2026-07-30,Milk Tea (Dudh Chiya),beverage_hot,40,138,3,7,30,0,none,none,1,-0.9736,0,544
2026-07-30,Masala Chiya,beverage_hot,50,77,3,7,30,0,none,none,1,-0.9736,0,544
2026-07-30,Black Tea (Kalo Chiya),beverage_hot,30,37,3,7,30,0,none,none,1,-0.9736,0,544
2026-07-30,Americano,beverage_hot,150,41,3,7,30,0,none,none,1,-0.9736,0,544
2026-07-30,Cappuccino,beverage_hot,190,53,3,7,30,0,none,none,1,-0.9736,0,544
2026-07-30,Cafe Latte,beverage_hot,200,48,3,7,30,0,none,none,1,-0.9736,0,544
2026-07-30,Hot Chocolate,beverage_hot,180,27,3,7,30,0,none,none,1,-0.9736,0,544
2026-07-30,Cold Coffee,beverage_cold,220,55,3,7,30,0,none,none,1,-0.9736,0,544
2026-07-30,Iced Americano,beverage_cold,180,38,3,7,30,0,none,none,1,-0.9736,0,544
2026-07-30,Lassi,beverage_cold,120,35,3,7,30,0,none,none,1,-0.9736,0,544
2026-07-30,Fresh Lime Soda,beverage_cold,100,36,3,7,30,0,none,none,1,-0.9736,0,544
2026-07-30,Veg Momo,food_main,160,72,3,7,30,0,none,none,1,-0.9736,0,544
2026-07-30,Buff Momo,food_main,180,67,3,7,30,0,none,none,1,-0.9736,0,544
2026-07-30,Chicken Chowmein,food_main,190,32,3,7,30,0,none,none,1,-0.9736,0,544
2026-07-30,Veg Thukpa,food_main,170,24,3,7,30,0,none,none,1,-0.9736,0,544
2026-07-30,Club Sandwich,food_main,250,24,3,7,30,0,none,none,1,-0.9736,0,544
2026-07-30,Chicken Burger,food_main,280,22,3,7,30,0,none,none,1,-0.9736,0,544
2026-07-30,French Fries,food_snack,130,46,3,7,30,0,none,none,1,-0.9736,0,544
2026-07-30,Samosa,food_snack,40,31,3,7,30,0,none,none,1,-0.9736,0,544
2026-07-30,Chocolate Cake Slice,food_bakery,160,23,3,7,30,0,none,none,1,-0.9736,0,544
2026-07-30,Croissant,food_bakery,140,16,3,7,30,0,none,none,1,-0.9736,0,544
2026-07-31,Milk Tea (Dudh Chiya),beverage_hot,40,144,4,7,31,0,none,none,1,-0.9696,0,545
2026-07-31,Masala Chiya,beverage_hot,50,109,4,7,31,0,none,none,1,-0.9696,0,545
2026-07-31,Black Tea (Kalo Chiya),beverage_hot,30,52,4,7,31,0,none,none,1,-0.9696,0,545
2026-07-31,Americano,beverage_hot,150,70,4,7,31,0,none,none,1,-0.9696,0,545
2026-07-31,Cappuccino,beverage_hot,190,58,4,7,31,0,none,none,1,-0.9696,0,545
2026-07-31,Cafe Latte,beverage_hot,200,61,4,7,31,0,none,none,1,-0.9696,0,545
2026-07-31,Hot Chocolate,beverage_hot,180,44,4,7,31,0,none,none,1,-0.9696,0,545
2026-07-31,Cold Coffee,beverage_cold,220,53,4,7,31,0,none,none,1,-0.9696,0,545
2026-07-31,Iced Americano,beverage_cold,180,32,4,7,31,0,none,none,1,-0.9696,0,545
2026-07-31,Lassi,beverage_cold,120,43,4,7,31,0,none,none,1,-0.9696,0,545
2026-07-31,Fresh Lime Soda,beverage_cold,100,40,4,7,31,0,none,none,1,-0.9696,0,545
2026-07-31,Veg Momo,food_main,160,82,4,7,31,0,none,none,1,-0.9696,0,545
2026-07-31,Buff Momo,food_main,180,94,4,7,31,0,none,none,1,-0.9696,0,545
2026-07-31,Chicken Chowmein,food_main,190,64,4,7,31,0,none,none,1,-0.9696,0,545
2026-07-31,Veg Thukpa,food_main,170,33,4,7,31,0,none,none,1,-0.9696,0,545
2026-07-31,Club Sandwich,food_main,250,29,4,7,31,0,none,none,1,-0.9696,0,545
2026-07-31,Chicken Burger,food_main,280,21,4,7,31,0,none,none,1,-0.9696,0,545
2026-07-31,French Fries,food_snack,130,47,4,7,31,0,none,none,1,-0.9696,0,545
2026-07-31,Samosa,food_snack,40,35,4,7,31,0,none,none,1,-0.9696,0,545
2026-07-31,Chocolate Cake Slice,food_bakery,160,21,4,7,31,0,none,none,1,-0.9696,0,545
2026-07-31,Croissant,food_bakery,140,13,4,7,31,0,none,none,1,-0.9696,0,545
